Document ID,Female Variety,Male Variety,Source Date Text,Normalized Date,Date Status,Source Workbook,Source Sheet,Source Cell,Source Row,Source Column,Source Hash
cmb_e642046bafa7f2e01a228c937d84,Phil 93-1601,93-2349,"Oct. 16,2012",2026-10-16,ok,Cross combination.xlsx,Phil 93-1601,B3,3,2,4d4bcef7207049bd4dfc126a4afa2785aaafe44af0b7c7afece896042e231644
cmb_f49337c528049b3ffe38ed0ab565,Phil 93-1601,00-2569,"Oct. 16,2012",2026-10-16,ok,Cross combination.xlsx,Phil 93-1601,C3,3,3,e0aae23583f2096b041a92e1df4bee9879e01d2907acc80eae4f4b61e5e5044e
cmb_1b2a31d9fc4b616e1b726a4a0a65,Phil 93-1601,99-1793,"Oct. 23, 2013",2013-10-23,ok,Cross combination.xlsx,Phil 93-1601,B4,4,2,0293a76c8e8204d87f93bc83a014245bb22309cdf3ce330e19e1252f5546b48c
cmb_3988bc51a4fb53dab61f40b8f1f0,Phil 93-1601,93-2349,"Oct. 22, 2018",2018-10-22,ok,Cross combination.xlsx,Phil 93-1601,B5,5,2,eade43a290b910d5e4714ba3e73bbe415bf84910efc0b420036066e159df6d94
cmb_8f4a1d263346149fa378d178a3d5,B3337,92-0051,"Oct 30, 2013",2013-10-30,ok,Cross combination.xlsx,B3337,B3,3,2,41d1b6d4fc86733818b39c500491c15b0c193aabfb1ed42ac058b35f32448f89
cmb_c5f957f08ecdee4281503d3ded6f,B3337,99-1793,"Oct 30, 2013",2013-10-30,ok,Cross combination.xlsx,B3337,C3,3,3,9c4b2b2d71bf9917112a1165e1eefc47df1621cffe8a65bf900ac00fa13035e0
cmb_d5905f625fee7ec54c903b415829,B3337,04-1011,"Nov 6, 2015",2015-11-06,ok,Cross combination.xlsx,B3337,B4,4,2,2fc1553f4b4ba419278bb21815dfca93b3f2b288f1ced0768ca2ca2a7b102f61
cmb_49a1aea47f94a20a12244a1d8b56,B42-231,99-1793,"Oct 30, 2017",2017-10-30,ok,Cross combination.xlsx,B42-231,B3,3,2,10cdd27b482b75b150e4f4f6bb98298fc8e856c37a9050dac47390224b04fc46
cmb_d0e1fa0f2e9738cd06cc503f78ce,B50-414 (Waxier Type),99-1793,"Nov. 12, 2014",2014-11-12,ok,Cross combination.xlsx,B50-414 (Waxier Type),B3,3,2,0251ba84d33b03e4d0e4e1355985709db048ef49ca7b3ba203a920373494a046
cmb_1b2e2de6bb49aa7c49786bd97e6c,B50-414 (Waxier Type),04-1011,"Nov. 14, 2015",2015-11-14,ok,Cross combination.xlsx,B50-414 (Waxier Type),B4,4,2,6315f0202c264804fcd935ab5cfd2e9b6f28ec35f8133ee5cac6bbd2e31990a4
cmb_2824b992c0e2f53d63bb26ca0487,B50-414 (Waxier Type),93-2349,"Nov. 14, 2015",2015-11-14,ok,Cross combination.xlsx,B50-414 (Waxier Type),C4,4,3,8e494b542f25cea9f99a9f5ef42bd9cd70c55665a80fff91d6e8c25c2d302cb8
cmb_809caae8cfa60ec52a8e13407c67,B50-414 (Waxier Type),92-0751,"Nov. 09, 2016",2016-11-09,ok,Cross combination.xlsx,B50-414 (Waxier Type),B5,5,2,ddefb3d7be1e738f8f5341e00f62983d434d0d9b77820ad633dcea06a179b1ef
cmb_f7fff90b3f90c93b197973581fbc,Co 785,99-1793,"Nov. 01, 2013",2013-11-01,ok,Cross combination.xlsx,Co 785,B3,3,2,1c26628599827daca3d00404ccf01c2298e71d21ab987b390e82a4d95a66dedf
cmb_5ed5b92cf6b57f398dc795bb8436,Co 785,98-2137,"Oct. 26, 2016",2016-10-26,ok,Cross combination.xlsx,Co 785,B4,4,2,08f0c43fcc0cfb578d73e59a54576b8d217f768b0e63ea8e8bbf539eb447f929
cmb_23d6e5c6f5e9bb699475af837136,Co 785,91-0909,"Oct. 26, 2016",2016-10-26,ok,Cross combination.xlsx,Co 785,C4,4,3,f976662c58e2fc0d79138279954b662d42aa466f06eabe84297b738a4574fe53
cmb_9639bff342f66321f52f96f680a0,Co 785,93-2349,"Oct. 31, 2017",2017-10-31,ok,Cross combination.xlsx,Co 785,B5,5,2,8f465abd7f9c4d3eae357af58ebb4856708ca0897bd8c42e2963e555e7fc1be5
cmb_4f75fa235aac13199a8a0c2b8910,Co 785,04-1011,"Oct. 31, 2017",2017-10-31,ok,Cross combination.xlsx,Co 785,C5,5,3,07c0d548849605ebc80b755a1907db45865ab9382ea7a925ec8b4166698b35b1
cmb_0f0f6dd53ed2a6077fcafc1e905b,Co 785,99-1793,"Nov 13, 2019",2019-11-13,ok,Cross combination.xlsx,Co 785,B6,6,2,42ec20d52f3c582903b030582df707858a5dbaf987e9a2e1873b6c4ce3c37b22
cmb_e303fc54d1ed0465ae36e01b7258,Co 785,06-1899,"Oct 27, 2022",2022-10-27,ok,Cross combination.xlsx,Co 785,B7,7,2,3dfcd5a36717f16c733a5274507450cfc7fd86163cd03e3389fd7cd5d801c40e
cmb_f6fd44ef6ed96058cecc52965631,Co 785,00-2569,"Oct 27, 2022",2022-10-27,ok,Cross combination.xlsx,Co 785,C7,7,3,743f594791a87c1b305a4242057fede8e06850d621a2300340afb690c4725895
cmb_cf2a922fe922b2b3517ca330677b,Co 785,09-0919,"Oct 27, 2022",2022-10-27,ok,Cross combination.xlsx,Co 785,D7,7,4,bbcc6e747443a9489b7e911c0c4f721a75055e499bf75a719d195ac7a64f90a7
cmb_4a89827159fdf02d1ecb0447a8b7,Co 997,99-1793,"Nov. 13, 2023",2023-11-13,ok,Cross combination.xlsx,Co 997,B3,3,2,7fd844fd3d2a12da8495293ed4c76bae2411e65d3b63bb3096d61f49dacf1f9e
cmb_7018c111a03e8abc1339e6aa450e,Mexico 57-473,99-1793,"Nov. 16, 2014",2014-11-16,ok,Cross combination.xlsx,Mexico 57-473,B3,3,2,746225f40b4370f4deb8904cabad6b1f77ee05a15555a838237978959dfe4b54
cmb_ed61d0cff97443e0bbe28f54dd95,Mexico 57-473,04-1011,"Nov. 18, 2016",2016-11-18,ok,Cross combination.xlsx,Mexico 57-473,B4,4,2,d8d27f01b9ce326b7916592a0dd088a05ef09ee50d254ec2f0151419754bc88e
cmb_7f68406bce9ddaf4bd101d0d4a8b,PS 863,93-2349,"Oct. 28, 2012",2012-10-28,ok,Cross combination.xlsx,PS 863,B3,3,2,4166461afe270084145d498818ae3f253b04cd5d57b8821425a3e5d82fa4fe8d
cmb_916da4add0e7fbf4b353851403e3,PS 863,99-1793,"Oct. 28, 2012",2012-10-28,ok,Cross combination.xlsx,PS 863,C3,3,3,ed94ecc5e1765024795e28884924ceca97a3afa520a1c15c343845ed82f94c54
cmb_2b00b1a283ffb9ad0631b37850bd,PS 863,97-2041,"Oct. 28, 2012",2012-10-28,ok,Cross combination.xlsx,PS 863,D3,3,4,9eccf6d73060c16b245ee3c6154d8b5504373a90c36ed95f5ef9c6e78fcc7647
cmb_9c85f3393c2c6a0e894f56fc017c,PS 863,04-1011,"Oct. 28, 2012",2012-10-28,ok,Cross combination.xlsx,PS 863,E3,3,5,966228171a34a813082d7cf16eb6ebcccef6d71c67c5317dad1f00871ef89f35
cmb_700b6c3b05a652ffbb19fc9ae53f,PS 863,05-0645,"Oct. 27, 2013",2013-10-27,ok,Cross combination.xlsx,PS 863,B4,4,2,b8e16fc169bb2fe1ba0748296e97c317588cc98d5d53b1437e2a77173dcd7213
cmb_9546b6ba14dc709263dd7c4152f9,PS 863,05-1197,"Oct. 27, 2013",2013-10-27,ok,Cross combination.xlsx,PS 863,C4,4,3,16c348807ed20a1be22187649db2266c61a39d9f6f90a812f475de068d3c15be
cmb_b406cd05008eb74505c9b9c56965,PS 863,00-2569,"Oct. 27, 2013",2013-10-27,ok,Cross combination.xlsx,PS 863,D4,4,4,33ea04a8c10a7540d2600359f885282070327b4c4f743a310f86a37c111b995a
cmb_b2007024125ccb63327414090b10,PS 863,91-1091,"Nov. 12, 2014",2014-11-12,ok,Cross combination.xlsx,PS 863,B5,5,2,724ce3e8f707b9b69cb14205cdaa30307b5260b794035e3e8ec00fd1f9e8f022
cmb_5f6dfbb0b3ab4f71f30be1d2d46a,PS 863,93-2349,"Nov. 06, 2017",2017-11-06,ok,Cross combination.xlsx,PS 863,B6,6,2,9b75025eecb3149c2a633c5d846e90f2e57e65c78266de16338824764ebfe7a8
cmb_832abc1167f5d477921864c28bf4,PS 863,04-1011,"Nov. 06, 2017",2017-11-06,ok,Cross combination.xlsx,PS 863,C6,6,3,72624f19ba6c83e9f9d8d1a0fc3e02a6c999a663e7cd86189e94612b26194067
cmb_712e7752366b58347f3200df0ae9,PS 863,97-4435,"Nov. 06, 2017",2017-11-06,ok,Cross combination.xlsx,PS 863,D6,6,4,72386dad3d0aea3d5751cd64c8d779b3cc512086025b89cdee5e86694f791f8e
cmb_1606e0cc39a6ff5ff3c00b2b339f,PS 863,99-1793,"Nov. 06, 2017",2017-11-06,ok,Cross combination.xlsx,PS 863,E6,6,5,ff2b0788b47fd7fb8f2c29713656a4170ceced41cd22812e4c1ce67f02ce6b77
cmb_69807b2a3120eb252f322f99def7,PSA 91,04-1011,"Nov 16, 2015",2015-11-16,ok,Cross combination.xlsx,PSA 91,B3,3,2,ce4809af76a7d491c73922f6c09b4df2b7998ac26575ec62f9c96e2959e0c597
cmb_b23cc906901cab2ca86b75695616,PSR 99-85,99-1793,"Oct. 28, 2012",2012-10-28,ok,Cross combination.xlsx,PSR 99-85,B3,3,2,63c5839a144e2c377c436e823782dc4613b24b5fd2f8fd2b307b1a509bf17c54
cmb_ae57efbfd196629388306ddcb789,PSR 99-85,93-2349,"Oct. 28, 2012",2012-10-28,ok,Cross combination.xlsx,PSR 99-85,C3,3,3,afbd7e9f6d3c5dbac102b4032ee63262063e041939f7e4b5a222aead2902bbd1
cmb_607f44aefb2be6bf81ac6c26ba3c,PSR 99-85,04-1011,"Oct. 28, 2012",2012-10-28,ok,Cross combination.xlsx,PSR 99-85,D3,3,4,695913a79e79a40bc0db6b14a699b367b3451fd9f615be18445eca3c4d35094a
cmb_009359e01d9a0b6f50dc67589373,PSR 99-85,91-1091,"Oct. 28, 2012",2012-10-28,ok,Cross combination.xlsx,PSR 99-85,E3,3,5,d1cce83c4567353df9a5d9726464aca1a4641b672f1728169bc12a9b2c9e5c68
cmb_615bdee9542034378cdf0e14a9b1,PSR 99-85,81-4727,"Oct. 31, 2013",2013-10-31,ok,Cross combination.xlsx,PSR 99-85,B4,4,2,1f75d62109be4663f650521e63f3bffb5c5cd24cf3f47d6b96bf6a17ba052557
cmb_98cc62b21fb3e8b7f41a727014fd,PSR 99-85,99-1189,"Oct. 31, 2013",2013-10-31,ok,Cross combination.xlsx,PSR 99-85,C4,4,3,0a37ce3afe84848ebb590be959d31abcb46715e9452d3acab31cde08278d5051
cmb_fe590f459363f2de78b878452a3e,PSR 99-85,98-1661,"Oct. 31, 2013",2013-10-31,ok,Cross combination.xlsx,PSR 99-85,D4,4,4,e53e57af11944d772d1baec8e80f203830d344544a5531569f446eb5b1d684b2
cmb_17aef803b1c24ad94039d1a3510c,PSR 99-85,86-1119,"Nov. 07, 2014",2014-11-07,ok,Cross combination.xlsx,PSR 99-85,B5,5,2,cb110fd6d9497297293e50e47e03293840f3ff0997ef04da7b2fe6dbceec6380
cmb_78a563cfe9f2ff181f0f3c4ae795,PSR 99-85,04-1011,"Nov. 07, 2014",2014-11-07,ok,Cross combination.xlsx,PSR 99-85,C5,5,3,ccc04ae1dd0693510000f3bb208ee5c103d7068c269554b201529138e8506c1d
cmb_e95ae72da413c682a58e8db12705,PSR 99-85,05-1197,"Nov. 07, 2014",2014-11-07,ok,Cross combination.xlsx,PSR 99-85,D5,5,4,0714bdcd51a3cb0760e73729c268a5f36a3ee23812f0429b7ba94049092ccd17
cmb_96cdbe18ed2948758e26dfed6289,PSR 99-85,98-3061,"Nov. 07, 2014",2014-11-07,ok,Cross combination.xlsx,PSR 99-85,E5,5,5,18bd49ece5bcc421f58f56d63cae6f9a5f863e3cf88720dca231e882ffe4e98d
cmb_46d304229e3f152e069aa82efad0,PSR 99-85,92-0751,"Nov. 09, 2015",2015-11-09,ok,Cross combination.xlsx,PSR 99-85,B6,6,2,188250b4ab41323b1dfc75a5d61d8f92c47aba911b349e1e8c17d4ba152ad8cc
cmb_9ad422c7fe7912ab9ed498eaf5d9,PSR 99-85,90-0173,"Nov. 09, 2015",2015-11-09,ok,Cross combination.xlsx,PSR 99-85,C6,6,3,9549b698a84089e696344e8d90d435e29632b47f99ae47d98a64497d49f0552b
cmb_5d199664dc8fb18c8266592c3014,PSR 99-85,97-3501,"Nov. 09, 2016",2016-11-09,ok,Cross combination.xlsx,PSR 99-85,B7,7,2,a38e9d7669ea8c2cdb8e2f726f23a79565970fa4e00455267bcbbbb99bc59bb6
cmb_ad15289c33a366ff1d8fe25c8fb1,PSR 99-85,8013,"Nov. 06, 2019",2019-11-06,ok,Cross combination.xlsx,PSR 99-85,B8,8,2,f5df02c155597cecd1963e452c4638ee3f6ea4a3f5c77bcd8bac352d1923a2e1
cmb_36a347ef554cd73f83afbb2288cc,PSR 99-85,06-1899,"Nov. 06, 2019",2019-11-06,ok,Cross combination.xlsx,PSR 99-85,C8,8,3,9bbc1f2d3085288256ac408a0e5c896a155e9bfa38152db5060e9f10777241a0
cmb_84eb233617e6a13e7e98e122c813,PSR 99-85,97-0687,"Nov. 13, 2020",2020-11-13,ok,Cross combination.xlsx,PSR 99-85,B9,9,2,b148c9cfd4ae08b20c89afb868a78a00d02781c76fd7c7b73520be100e764349
cmb_8952a39d1b27e45e633cb43067c1,PSR 99-85,04-1011,"Nov. 13, 2020",2020-11-13,ok,Cross combination.xlsx,PSR 99-85,C9,9,3,d28efaae63ed5fcb790f8ab61fa667d457707c6c1f17cb64ec8a52fcc5796913
cmb_41bfee270a88c18bcc8755fa59b2,PSR 99-85,98-3403,"Nov. 08, 2021",2021-11-08,ok,Cross combination.xlsx,PSR 99-85,B10,10,2,9f9cfd39fa7e3f91bb05aaa006e9daab73349dc237a754f8d4a76f4dbe88b537
cmb_36e06663c4ad2c2abaefab96f7c8,PSR 99-85,00-2569,"Nov. 08, 2021",2021-11-08,ok,Cross combination.xlsx,PSR 99-85,C10,10,3,b1b9c8e25dc4d1975463a303a77e8eefde18292a58b51315249b8feed7fd922b
cmb_84b9268f130f9f991aa6854c35ff,PSR 99-85,08-0909,"Nov. 08, 2021",2021-11-08,ok,Cross combination.xlsx,PSR 99-85,D10,10,4,6eaa07d1eee2bfc1db0ca606c0b71a46f94c2cd8400d9c33e3bc1e4d6db7635d
cmb_0ecf59317f494064d837c12e90e0,PSR 99-85,09-1969,"Nov. 08, 2021",2021-11-08,ok,Cross combination.xlsx,PSR 99-85,E10,10,5,df63d1c4bed93c46edbf00480f2f234881a46040e864a7fffad2db0aff61a823
cmb_0820283ae616294520dce3d1d950,PSR 99-85,99-1793,"Nov. 08, 2021",2021-11-08,ok,Cross combination.xlsx,PSR 99-85,F10,10,6,76bf138ad64facaffd43954b025f5aa1d8410a7122e18ed79986c627ac726295
cmb_65004544c86cfd4ab2f5f4ab8b76,PSR 99-85,04-1011,"Nov. 08, 2021",2021-11-08,ok,Cross combination.xlsx,PSR 99-85,G10,10,7,a7ac67fd72179d21b24ed37431d760e0937df6d05ef6a98571ac23121bcf94c8
cmb_139d42228824b5feacf5778ab0e5,PSR 99-85,Q102,"Nov. 06, 2022",2022-11-06,ok,Cross combination.xlsx,PSR 99-85,B11,11,2,c0631493e825c3b76eb081a5ce1dce9591cbcb77f533eddbdc00fef898ab14cb
cmb_086d748a75fe7dd3a7aff94b13e7,PSR 99-85,25447,"Nov. 06, 2022",2022-11-06,ok,Cross combination.xlsx,PSR 99-85,C11,11,3,22a59cac8408e0c8f228a01905d7c9bfdac289ed737b4e984b8b9afee4125d40
cmb_99e7c1695d2eaf69db9afc484924,PSR 99-85,06-1899,"Nov. 06, 2022",2022-11-06,ok,Cross combination.xlsx,PSR 99-85,D11,11,4,7d8c78f25290001d471acc06e917306230f39f233939a47c50eae73e8a971c7b
cmb_976d5e06f5595e02fa7a573c160e,PSR 99-85,15-80-0821,"Nov. 06, 2022",2022-11-06,ok,Cross combination.xlsx,PSR 99-85,E11,11,5,ce3362946b30e13bdb7691805d3627ae58f5c738dcafefa298bd44541e304d75
cmb_3d8d8780da9d04ae2ef819d5673b,PSR 2000-23,99-1793,"Nov. 12, 2019",2019-11-12,ok,Cross combination.xlsx,PSR 2000-23,B3,3,2,e31e5c3e37cc75274adebf551ca34721e834706f20daa0973bf89ff0b1739d98
cmb_24436a38bff4f0df6146309583a1,PSR 2000-34,02-0359,"Oct. 24, 2012",2012-10-24,ok,Cross combination.xlsx,PSR 2000-34,B3,3,2,0dc787561a6b56aaf0de51fadf081f2b0262c08bd86ac961004448e115e44089
cmb_53249ba5e2231d3cddb811eb1f25,PSR 2000-34,99-1793,"Oct. 24, 2012",2012-10-24,ok,Cross combination.xlsx,PSR 2000-34,C3,3,3,c11870b33d353ab4c33be83f9a8541386462f7b7aabebf5c84c4e8a52925014b
cmb_978310bac39716f3d2d1f12f606a,PSR 2000-34,04-1011,"Oct. 24, 2012",2012-10-24,ok,Cross combination.xlsx,PSR 2000-34,D3,3,4,84cc67cfca37dab460c49ab51e06030bef0fa926a7a07182f2fccd4a70f86239
cmb_6e3c902013b35e8c398611f9e9f6,PSR 2000-34,94-0913,"Oct. 24, 2012",2012-10-24,ok,Cross combination.xlsx,PSR 2000-34,E3,3,5,a1d6c15cb0463b4d809ed31f4328314b0a41e161d94d79ab4626c0b09bfb9b42
cmb_8020f9a0efef19282f82e92bd325,PSR 2000-34,8715,"Nov. 07, 2017",2017-11-07,ok,Cross combination.xlsx,PSR 2000-34,B4,4,2,a5d790e531400ea80212f62ac4a8493974a3484ef2fce83cf048a627679c0808
cmb_fffae45228af676ccb9b7d986bd8,PSR 2000-34,99-1793,"Nov. 07, 2017",2017-11-07,ok,Cross combination.xlsx,PSR 2000-34,C4,4,3,132cbddd3e95e5ea15b80b9a34cfd3428a21b136da740551cfde2e098fcac753
cmb_418a65c68dc8465dbe569b89950c,PSR 2000-34,97-2041,"Nov. 07, 2017",2017-11-07,ok,Cross combination.xlsx,PSR 2000-34,D4,4,4,fe107fe874fb05981cf67ca78282912537ee7d8fcfc88a311b78a167c0e154c2
cmb_30ea87944c34106e33e5551b170b,PSR 2000-85,99-1793,"Nov. 12, 2019",2019-11-12,ok,Cross combination.xlsx,PSR 2000-85,B3,3,2,3e1ac1abd80ec0d8c85177840ee6baf19f8a2478d392e4290b857b5fd77550e9
cmb_9598bf937e853f2c333e00c355ba,PSR 2000-161,09-0919,"Nov. 6, 2022",2022-11-06,ok,Cross combination.xlsx,PSR 2000-161,B3,3,2,d877d9b339e7b987916e5a8e6bdb3f0fadd915a61ec137809a8e28457ecc1339
cmb_b5906bd3264b838ff750d18a9dd7,PSR 2000-343,7115,"Oct. 28, 2012",2012-10-28,ok,Cross combination.xlsx,PSR 2000-343,B3,3,2,b07ff41d7599ebaf393de7cc76b865e7e640234eb27fcd40b64df2e9a9b0930f
cmb_1e8014e4e248df1083e7959f7af0,PSR 2000-343,99-1793,"Oct. 28, 2012",2012-10-28,ok,Cross combination.xlsx,PSR 2000-343,C3,3,3,ae6d0a16b1334fb6b12430b7bb3a2019efa28e989b1b1abe6462b63c5d57dde1
cmb_83ff26a43b672edd844b4fce0734,PSR 2000-343,93-2349,"Oct. 28, 2012",2012-10-28,ok,Cross combination.xlsx,PSR 2000-343,D3,3,4,fa28b289cad2b6f6ac8cdb143f97f0ab980d8aabedcae20556e44683f327a871
cmb_04b91552e0a3c48164c98ba9c9b5,PSR 2000-343,97-2041,"Oct. 28, 2012",2012-10-28,ok,Cross combination.xlsx,PSR 2000-343,E3,3,5,6e58b5f11847de532d182393f8ea7063af3212786a1eadb10185a9421166993d
cmb_9c79dadb6e5e96eda8c1dc6c2d67,PSR 2000-343,97-3501,"Oct. 28, 2012",2012-10-28,ok,Cross combination.xlsx,PSR 2000-343,F3,3,6,4fc77a8a899cbda3037e04799d4a332496e86021c8792c3d40b85305c143e438
cmb_5501aeffbdd7aad50f617b32093a,PSR 2000-343,03-1384,"Oct. 31, 2013",2013-10-31,ok,Cross combination.xlsx,PSR 2000-343,B4,4,2,c06bf1b628d54475161725723b588d7978bc242d9097c70de8567fb20c0b1385
cmb_acfa7f49348021e33ced0be5cce4,PSR 2000-343,93-3727,"Oct. 31, 2013",2013-10-31,ok,Cross combination.xlsx,PSR 2000-343,C4,4,3,9e2549ddcaf1b4fd5fb92264fe67dd8e622042e554d25409c73dd2b8eeb27b3f
cmb_a7b4995a4516a3cde5025ddb7528,PSR 2000-343,06-2289,"Nov. 07, 2014",2014-11-07,ok,Cross combination.xlsx,PSR 2000-343,B5,5,2,23441178d145f56c32310cb3f912676860fc9acc32205f70d29ff286a4c480be
cmb_ee693352b4315f5effe96c788ffd,PSR 2000-343,97-4435,"Nov. 07, 2014",2014-11-07,ok,Cross combination.xlsx,PSR 2000-343,C5,5,3,fd1f741d996e573b18232d1941022c180f0031a6bb1805bcec94bdf37bd813a6
cmb_edf129e5c6994b259834d126f2c5,PSR 2000-343,80-5619,"Nov. 20, 2015",2015-11-20,ok,Cross combination.xlsx,PSR 2000-343,B6,6,2,e44c03b1c3baf413680287dd528207a423b4dbc95fbf6f1350a0f075593a2ad0
cmb_088c5a2156115474d55de8c6e0ae,PSR 2000-343,88-1691,"Nov. 08, 2016",2016-11-08,ok,Cross combination.xlsx,PSR 2000-343,B7,7,2,d2843f72f68a861a3fdbaa727818b0dfaf46dbda8cd945ddb5c06caac12de38d
cmb_f9822eddf6a48f4f8b920658a6a0,PSR 2000-343,91-0037,"Nov. 08, 2016",2016-11-08,ok,Cross combination.xlsx,PSR 2000-343,C7,7,3,cb0c10e5602f4c422c950b65f7039fe7f2840df8c2cf0ca004bcabfbc5d485d2
cmb_8fa664888b4781fdc511ff57da9a,PSR 2000-343,92-0535,"Nov. 03, 2020",2020-11-03,ok,Cross combination.xlsx,PSR 2000-343,B8,8,2,f76b19fee6d5c8bc9b41b3f682b4dc2b843c1496b7fc7145396362d492fb5240
cmb_309bb285fcc28d2ff4ed5811e841,PSR 2001-46,8829,"Nov. 08, 2012",2012-11-08,ok,Cross combination.xlsx,PSR 2001-46,B3,3,2,a1102947fa944fa79eac1f7d11f468be59b237ca9c9f4d855417564e078f7f60
cmb_44b6693e7f4048c7bfddc3cf6260,PSR 2001-46,99-1793,"Nov. 08, 2012",2012-11-08,ok,Cross combination.xlsx,PSR 2001-46,C3,3,3,4a2b1645b8abd625cdb089f92319bc8d2bc35009c29d24abcb82a9a2dea1b119
cmb_00a2191c4f55cf7735c9f0cfba33,PSR 2001-46,99-1793,Nov. 05. 2019,2019-11-05,ok,Cross combination.xlsx,PSR 2001-46,B4,4,2,86f39815fdf67f023a6e0baaca71183b2dcb9b39e3fe938155def37ccf50f4ed
cmb_39be6c7183b932aef253cf3294a1,PSR 2001-105,99-1793,"Oct. 31, 2013",2013-10-31,ok,Cross combination.xlsx,PSR 2001-105,B3,3,2,c17f7cd101e296590a7e6627f51fbc7aae9abafac00f5379d974253697442693
cmb_e6cd48b42abef0dd76efbe2bb561,PSR 2001-105,04-1011,"Oct. 31, 2013",2013-10-31,ok,Cross combination.xlsx,PSR 2001-105,C3,3,3,3644072d482b1b92a466549cc841c2a18b29dfbdd4e3be7f780e217399b1f846
cmb_52f75afad44560d363b3948cd2e5,PSR 2001-105,94-0913,"Nov. 18, 2015",2015-11-18,ok,Cross combination.xlsx,PSR 2001-105,B4,4,2,689320b21851d0462768721f7f1fd67bc3261209d6173d5c0c43d8932b4394ed
cmb_080c8c6f865e06776461cf0bf59a,PSR 2001-105,80-5619,"Nov 16, 2020",2020-11-16,ok,Cross combination.xlsx,PSR 2001-105,B5,5,2,0b481025ba42915b8f31ed42a2bcb6a17e03957e9798b90bcc8ddb2c7daea9be
cmb_96a9a8a8d74f7fd8a9d1fd8fe7a5,Q96,99-1793,"Nov. 09, 2016",2016-11-09,ok,Cross combination.xlsx,Q96,B3,3,2,d52a4611839199804ee1aff6af684c9dde01b823513f163cb3aacc30f1806f95
cmb_7c13f2e9a5cd337acbb2ee16cf58,Q96,09-1969,"Nov. 05, 2021",2021-11-05,ok,Cross combination.xlsx,Q96,B4,4,2,cadc5622bddac4bea9ced1489cd751b2cc94d68d011b0d4ca90f1d5425c6a512
cmb_03ebd86d6e63d00cddc245d17b65,Q102,03-0217,"Oct. 26, 2012",2012-10-26,ok,Cross combination.xlsx,Q102,B3,3,2,54ac1b496a1e13c45abcf07fcb2bccbc19da7b654302cdf8f1436e7360d46e61
cmb_912a6892a09d9920444947b55b6e,Q102,98-2137,"Oct. 26, 2012",2012-10-26,ok,Cross combination.xlsx,Q102,C3,3,3,0a7fabad60377709f6af7004a996ee9f37842d3d2593cc02987948f749d6071a
cmb_5778ce2bcee3ba173d3ea5abb76e,Q102,97-0693,"Oct. 25, 2013",2013-10-25,ok,Cross combination.xlsx,Q102,B4,4,2,6d7d8074e256f31707f1ffc4e844e0f9de2724604461cb56c8d503733a6c6c21
cmb_2be3547c3d33518638ddadcd63af,Q102,05-1197,"Nov. 02, 2014",2014-11-02,ok,Cross combination.xlsx,Q102,B5,5,2,d727f07d0a72dc7934d713a0e02fd7cb06ec971f4095d6aa9b88ca970eeb60d6
cmb_1c85a4a3573b0c282a55a35d90fd,Q102,99-1793,"Nov. 02, 2014",2014-11-02,ok,Cross combination.xlsx,Q102,C5,5,3,ca39ce15c1379555c3319c4ffac5e80ae3466b43c5ce8d5b0232a6470394e749
cmb_b48466118dd75c15376d6a72f12c,Q102,06-2289,"Nov. 02, 2014",2014-11-02,ok,Cross combination.xlsx,Q102,D5,5,4,6d9ae517fcb55035665cfd0a1e7d0a786057d1255ee58ad4a898d68a9a5dff7a
cmb_c923c9cd10bc194b3b5c98ef9873,Q102,6607,"Nov. 01, 2015",2015-11-01,ok,Cross combination.xlsx,Q102,B6,6,2,2a0cdfcb7b055a749986b0e9936710a7e2e07f0eefd17542736b59beea3ddf3d
cmb_0a135f6025d75d6e31c70b7a4a0c,Q102,88-1413,"Nov. 01, 2015",2015-11-01,ok,Cross combination.xlsx,Q102,C6,6,3,05a9d414f0e18acc3afb62e50fd0e31a88b582027b9e149265443b37b0730121
cmb_72d187ce928fd52af80e42910733,Q102,90-0085,"Nov. 01, 2015",2015-11-01,ok,Cross combination.xlsx,Q102,D6,6,4,d1ca47a4eb3b75d5fd66f393058eaff4ef88b579a57673681f1209cb87bfb384
cmb_3fe95e8ed699636dfdb33479e2d3,Q102,92-0751,"Nov. 01, 2015",2015-11-01,ok,Cross combination.xlsx,Q102,E6,6,5,e268bbb227b0e308f4cbdbd0fe3ef8351dda93c211af65cb281e6c6c8aadd976
cmb_1bae394c1550a34866dd1bcef363,Q102,58-260,"Oct. 28, 2016",2016-10-28,ok,Cross combination.xlsx,Q102,B7,7,2,05161ebfc80062cb3b58e9b958e32c81e57a874e9b6c8b2168b6cc1f6868e440
cmb_d28f22921c4a7b2f2c3ba795cbad,Q102,7115,"Oct. 28, 2016",2016-10-28,ok,Cross combination.xlsx,Q102,C7,7,3,a7a9b66074b4f3c8d0ea6a4df1811f2346e4f7beba0b1c0e53f9622c429bd44d
cmb_ff8d7d03c0436194ccb3f075d055,Q102,78-3981,"Oct. 28, 2016",2016-10-28,ok,Cross combination.xlsx,Q102,D7,7,4,47527602533612a5cbd76d9ec220f792211ecf5cc7deb54a76786bfcb7655c88
cmb_fcbc531bd1e765ab6c40d6956d6e,Q102,00-2569,"Oct. 28, 2016",2016-10-28,ok,Cross combination.xlsx,Q102,E7,7,5,4c00ed40fe1c1639d75c3d9e98614a1c0e14c215328f4d3eb65483ce30939398
cmb_8f15c7185c5c79a63c50b96915b7,Q102,04-1011,"Oct. 28, 2016",2016-10-28,ok,Cross combination.xlsx,Q102,F7,7,6,092c80b04290278a5d257e29d4cb7a91f104e9edc2a527901c139fa3bd046527
cmb_c650d8133b47cd2562c3ee06a72b,Q102,97-3161,"Oct. 28, 2016",2016-10-28,ok,Cross combination.xlsx,Q102,G7,7,7,04d3e433bb8fd22037bc853756ecfe9c9bb9942d78e0e207d8184dbb8627ee88
cmb_22a4b40191613be00ef3bb1af314,Q102,97-3501,"Oct. 28, 2016",2016-10-28,ok,Cross combination.xlsx,Q102,H7,7,8,a74cfbb63b28eb0fdeb520f7680b875f13c755df203f086be0fa40594685d78d
cmb_3b3b6a13dacb199039ba41add29e,Q102,85-4345,"Oct. 29, 2017",2017-10-29,ok,Cross combination.xlsx,Q102,B8,8,2,48da4147c395929c79620037bfa864554aa81173312bce84d32525d38636916d
cmb_dd4522b556356149fd4acc79c758,Q102,98-0255,"Oct. 29, 2017",2017-10-29,ok,Cross combination.xlsx,Q102,C8,8,3,45854dfb00c35ae5058090ae18d74fdf406b6ae819866fc1dddbc840f683ab04
cmb_c57a27afed58f929a81e46b9e087,Q102,91-1091,"Oct. 29, 2017",2017-10-29,ok,Cross combination.xlsx,Q102,D8,8,4,da0f5a9c07fd216f9496f8783cb0dffb842a40be4c065035634caabf57e41628
cmb_bf5dca48b96454f33f982114a118,Q102,99-1793,"Oct. 29, 2017",2017-10-29,ok,Cross combination.xlsx,Q102,E8,8,5,e5d62508a5cad3ab3f361ac28f3d473b19dfb28a63b14247c66c36c7bc179e36
cmb_423d52b50f54e63733d25d3194af,Q102,88-1691,"Oct. 29, 2018",2018-10-29,ok,Cross combination.xlsx,Q102,B9,9,2,40b8b7aa45e31aecad68abdaf56d578593bbc965ee5e744db9942797770e8597
cmb_e8bede3d0b11cc899a6eab4ccccb,Q102,99-1793,"Oct. 29, 2018",2018-10-29,ok,Cross combination.xlsx,Q102,C9,9,3,725a85bc440e78c5ec7a4ec8774c0c1791d090c566f8c2f8cdc92c9e1873dce7
cmb_e5b91d401c845cc18b2e163c9d10,Q102,91-1091,"Oct. 29, 2018",2018-10-29,ok,Cross combination.xlsx,Q102,D9,9,4,68a89047d3018e7388e8820f39e57a1ca92b257e550bd1471238494631203cb9
cmb_9c7a6ab4261bf7cc24948decc150,Q102,00-2569,"Oct. 29, 2018",2018-10-29,ok,Cross combination.xlsx,Q102,E9,9,5,af14e79480de09243ddf00b9d21ade06da9b8db0a1222b1b9c5963ce0f7d8856
cmb_25bc3ed9ec16ac0d985c15b1d250,Q102,97-2041,"Oct. 29, 2018",2018-10-29,ok,Cross combination.xlsx,Q102,F9,9,6,fb2e5f511cd73be23bb72dc2bcb09ff306caa2bfe42e3d8ec656947d9490c839
cmb_b612b4ea34336271820f88e6e05f,Q102,80-5619,"Oct. 27, 2019",2019-10-27,ok,Cross combination.xlsx,Q102,B10,10,2,7c5be953c1045b21c438672563a2439f53e0eeac3226658a248ceb4e0dd8ab6e
cmb_7ec1898c2e79312779a738881899,Q102,90-0345,"Oct. 27, 2019",2019-10-27,ok,Cross combination.xlsx,Q102,C10,10,3,bc994cf41a24ee73bd37b11dff252196fce9c22dcd66d7ee7ef85593c23310b2
cmb_e9ae355aac29f3afbe01a2b4b202,Q102,97-3501,"Oct. 27, 2019",2019-10-27,ok,Cross combination.xlsx,Q102,D10,10,4,56277130dbba4c066b65ca4576690f1d94f2b58a099ccea50820160bdb5eace7
cmb_d899d9c76e7cf06596e9abecddce,Q102,8013,"Oct. 27, 2019",2019-10-27,ok,Cross combination.xlsx,Q102,E10,10,5,c411c8675d3850e3cb8f9ab2c62ac611ebb8a0fd36e271fab56f7fdecbf0a9c8
cmb_d269d5b4c92860bbfcdf9e5d8325,Q102,06-1899,"Oct. 27, 2019",2019-10-27,ok,Cross combination.xlsx,Q102,F10,10,6,d9dce89e447427adfa92eaf82729efe0f8cf3c3d8f8f406b48bd733dd77fff1d
cmb_43f87216f47637859d8b35fa648e,Q102,84-5799,"Oct. 30, 2020",2020-10-30,ok,Cross combination.xlsx,Q102,B11,11,2,f00aee81947fd1bf5c3d7eaca884ba3e43b26d118d2690f2476312798f1729bd
cmb_79fc15ba2cc6da11b18add27888b,Q102,92-0535,"Oct. 30, 2020",2020-10-30,ok,Cross combination.xlsx,Q102,C11,11,3,5b8b76f1ab9356c6cf8912f978bfca171425c4f84813999ab689b0f6bd9ecc52
cmb_00e6e4410cf9e341d12754fc37d6,Q102,93-2349,"Oct. 30, 2020",2020-10-30,ok,Cross combination.xlsx,Q102,D11,11,4,dc66330cf8f85a8b23d15c172ab0ed0ab5647460170e66aa9b5bb81ccd2d4960
cmb_e92e44bc4539a66a51f9b3e6f096,Q102,97-0693,"Oct. 30, 2020",2020-10-30,ok,Cross combination.xlsx,Q102,E11,11,5,ed9f56297b5c34a212c17aad0a188b421352a7d1fec3ca69ad822cadce10a7f2
cmb_5ecfbf64d9294db4de7ad512f376,Q102,7115,"Oct. 29, 2021",2021-10-29,ok,Cross combination.xlsx,Q102,B12,12,2,94a3e7d9e0c677cfcee12b4ca30bb98ef67184032dbc88c70a97ac9e03a8523e
cmb_3ee53caf2d1061cc4267eefd3e27,Q102,92-0751,"Oct. 29, 2021",2021-10-29,ok,Cross combination.xlsx,Q102,C12,12,3,d66649cf0d1b8cdfb8e1b5214d9732d72bc9e5920fd9930b8bbb0900ec9a506e
cmb_ed61fc3ce64f144480ac1c7b79cd,Q102,98-0255,"Oct. 29, 2021",2021-10-29,ok,Cross combination.xlsx,Q102,D12,12,4,cb8a62dd265e1eb5c6d606222c77a38b538861e1c01186d2319f7a134231df21
cmb_92c36feb7968241f157e50e0bca2,Q102,09-1969,"Oct. 29, 2021",2021-10-29,ok,Cross combination.xlsx,Q102,E12,12,5,782c407fdb338d01e049979c499ba51fde4cc0656321586522531e5000167305
cmb_db4ec93df5bdb1257a41e9070243,Q102,07-0563,"Oct. 29, 2021",2021-10-29,ok,Cross combination.xlsx,Q102,F12,12,6,2c966b6f884d73ed6516dd5a39180ba4cc2f8955b282d7e1789e0200375efb06
cmb_e4c8fd7fbb620bb0bbdf4687c20b,Q102,04-1011,"Oct. 29, 2021",2021-10-29,ok,Cross combination.xlsx,Q102,G12,12,7,7ea5bce07ee6b104ecb62ad22535a8c828220e566c1f0349c83a2ca15d174867
cmb_cee8fea2e372683c360098522807,Q102,08-0909,"Oct. 29, 2021",2021-10-29,ok,Cross combination.xlsx,Q102,H12,12,8,063359c3d18a0d65d9c20323bf98efbec28371a937421a8bfbf52af66a4d1df7
cmb_dcf3e78fd80ac76a4006650e70d1,Q102,06-1899,"Oct. 26, 2022",2022-10-26,ok,Cross combination.xlsx,Q102,B13,13,2,75ef2078bda5057715eb0aa38ae253a9287aeb41ade4594caa2f98fcbf9922dd
cmb_c444749029f10373604e87cdbd84,Q102,10-0149,"Oct. 26, 2022",2022-10-26,ok,Cross combination.xlsx,Q102,C13,13,3,37cb6e45b0b56ae6ecb04959e8b9a1d6b6f4069f89af069cd3d2a10196ba9eb1
cmb_e8e002683214968b20aae5383984,Q102,99-1793,"Oct. 26, 2022",2022-10-26,ok,Cross combination.xlsx,Q102,D13,13,4,2843d7cd3d39114727f3253913103c87face03eec1952c888b14640409d890ff
cmb_56e5c4f5f868c387b0f6299b624f,Q102,00-2569,"Oct. 26, 2022",2022-10-26,ok,Cross combination.xlsx,Q102,E13,13,5,fb636b509b41308ee614608be7f4b18bb85a9e20007df8f4417e9ca9566ea5f9
cmb_b1913d7cb5fc8ab355b42395cafa,Q102,8717,"Oct. 26, 2022",2022-10-26,ok,Cross combination.xlsx,Q102,F13,13,6,0b323d40d783f80e9665496d779c3c6ed0a3434e54aa63a8fe776938645d7ee8
cmb_815da12e72d578c5c32e743ee2dd,Q102,04-1011,"Oct. 26, 2022",2022-10-26,ok,Cross combination.xlsx,Q102,G13,13,7,6a749e086fb489ac2de37dbd740204701c6111482e6c1cf6177b079470d44fc0
cmb_9604364983b351cf394516ca42fc,VMC 71-39,04-1011,"Nov. 22, 2016",2016-11-22,ok,Cross combination.xlsx,VMC 71-39,B3,3,2,cfcee2da4bbfab2ff323fabf124fdfa89ad0ebbeb598baeb0ee7a9b609fff8d9
cmb_73538b7d5d808c047d7cd0bfa104,VMC 71-39,93-2349,"Nov. 20, 2020",2020-11-20,ok,Cross combination.xlsx,VMC 71-39,B4,4,2,c4882566e1af9ef1e8743f547aa4ef7eb9241aaf93a54b4617c06f84ef901503
cmb_9c5ba9a2d147322714816e174141,VMC 74-527,04-1011,"Nov. 13, 2016",2016-11-13,ok,Cross combination.xlsx,VMC 74-527,B3,3,2,23748d6c7562748d1cf42b08d2d17e8881218d13b3094d7393c48c71885380b9
cmb_753a51862a0a92d8f3e97a7285fe,VMC 74-527,99-1793,"Nov. 31, 2018",,invalid,Cross combination.xlsx,VMC 74-527,B4,4,2,e4e5c30b12ba3082fefa768cc926619e9a932450a0525719e99aab17d1967fda
cmb_5ad8a4a7ec8e928d63f98c686d71,VMC 74-527,00-2569,"Nov. 31, 2018",,invalid,Cross combination.xlsx,VMC 74-527,C4,4,3,a147c976a4ccd9dca151e9b95ec33c16f3368f43025eae0cfd195f0d526ac241
cmb_eb4c6800cbf0cf96fdbca5111632,VMC 74-527,95-1029,"Nov. 31, 2018",,invalid,Cross combination.xlsx,VMC 74-527,D4,4,4,d1afcf1ff01fd02973618e76e49a3bdf30a676ddaa70464ce3917754eacf678a
cmb_886dc6ef23b8313b45602d91bc0d,VMC 74-527,97-0693,"Oct. 25, 2019",2019-10-25,ok,Cross combination.xlsx,VMC 74-527,B5,5,2,9f71edfbabd31d9def84a2af42f2a538be76557eeec853b3a5a25fdf3f92e81f
cmb_b50df4fa2829cfdff42c1c14346f,VMC 74-527,97-0687,"Nov. 01, 2019",2019-11-01,ok,Cross combination.xlsx,VMC 74-527,B6,6,2,1f04ccd36d482a9a949120f66c98bd849aeefbb9d2ebfe0f6fa73081eb8a0d17
cmb_6bd7f48face585c76c370ace925c,VMC 74-527,97-3501,"Nov. 01, 2019",2019-11-01,ok,Cross combination.xlsx,VMC 74-527,C6,6,3,de728046e2d9a775bac4394aa7496469cfdcc5ff9eb83c02c10ef0ba8b4a1aa2
cmb_0113e43812587f842eeae960040d,VMC 74-527,06-1899,"Nov. 01, 2019",2019-11-01,ok,Cross combination.xlsx,VMC 74-527,D6,6,4,d74c31bae475d9c1a56714d52d5e5419f7870559cf6ced80cd4a0255e8be3b35
cmb_752d452f0e7f6327b4b41894cdeb,VMC 74-527,7115,"Nov. 03, 2021",2021-11-03,ok,Cross combination.xlsx,VMC 74-527,B7,7,2,981bfe72bd4d96310ef7e009d69ed65b43bec13e2740916a091b967dafb94c61
cmb_310477800253cb714c7bd294da29,VMC 74-527,10-0149,"Nov. 03, 2021",2021-11-03,ok,Cross combination.xlsx,VMC 74-527,C7,7,3,408e1f7d18434f152edf61348bd9bd443f3c67936389febd3d2a11767406b947
cmb_7d9025b681e18e233fd331af03d7,VMC 74-527,04-1011,"Nov. 03, 2021",2021-11-03,ok,Cross combination.xlsx,VMC 74-527,D7,7,4,2f0d5ad9853d4b9a1ca087d9060e3051e2095e264c49be4d687afda395d34fc2
cmb_4bebe950496226d7f178475b1adc,VMC 74-527,09-1969,"Nov. 03, 2021",2021-11-03,ok,Cross combination.xlsx,VMC 74-527,E7,7,5,5a8c1b93bfae152a148adf41bdc52d25e90096747c3dc8213e73df32d66f831c
cmb_809d7963301a23b344880214cba5,VMC 74-527,00-2569,"Oct. 27, 2022",2022-10-27,ok,Cross combination.xlsx,VMC 74-527,B8,8,2,6aeab24f9fdc27658ea2a9fc55cbe739b68250090b1d7f3440e45d6ae0fa183a
cmb_568ff02f701ae2221da120cf6869,VMC 74-527,09-0919,"Oct. 27, 2022",2022-10-27,ok,Cross combination.xlsx,VMC 74-527,C8,8,3,9dff0d65e482cf122315552f0cc8d7950344f2cd782947cf32873e2778c59106
cmb_648a65c23a69b8af469ba29f0d61,VMC 84-947,04-1011,"Nov. 18, 2016",2016-11-18,ok,Cross combination.xlsx,VMC 84-947,B3,3,2,6a1b9d18d1b16f9a0c20a69f65d5a0bdb9d9d3d02bf9c099b3332374446c61d8
cmb_a9c69e29170a3af87a7893797f77,VMC 84-947,00-2569,"Nov. 18, 2016",2016-11-18,ok,Cross combination.xlsx,VMC 84-947,C3,3,3,04d547136d539285d48c09fde41085e6aac97ffcb8b0a1e07b4106c686bc59e8
cmb_f41674a227b3a7d770b23f665b8a,VMC 84-947,99-1793,"Nov. 15, 2017",2017-11-15,ok,Cross combination.xlsx,VMC 84-947,B4,4,2,32351b78cd4a801cc5cc39adcb5734da1fa2deae704252f3cf209bf3bf6930ff
cmb_a08d73508eb87d91e2b0e4ef48ed,VMC 84-947,92-0751,"Nov. 13, 2020",2020-11-13,ok,Cross combination.xlsx,VMC 84-947,B5,5,2,5f32b2b22a1fb98a245213ab208fe359e9d89c2911c64d678772652d1f847884
cmb_5498074ddb3d6352bf1f735eec17,VMC 84-947,09-1969,"Nov. 13, 2020",2020-11-13,ok,Cross combination.xlsx,VMC 84-947,C5,5,3,b3e810b56b5c7df9fd019c2c54a9ce8792790e16a00e7924b107eda2203f12d5
cmb_5686201c76665d3ed0d485a7dbf8,VMC 84-947,99-1793,"Nov. 10, 2020",2020-11-10,ok,Cross combination.xlsx,VMC 84-947,B6,6,2,e76a7e957c7557acff3a1a71997adce9ca0ff3506b8322565337d53e694555ac
cmb_eff064fc76b99a213bdd9512da0e,VMC 84-947,09-0919,"Nov. 10, 2020",2020-11-10,ok,Cross combination.xlsx,VMC 84-947,C6,6,3,8faaada7efdd62d33546ece190ea965d789cfac740610f04dacfc101bad67cf0
cmb_2418a4ef1ac9b6cc2a71732dbcfe,VMC 84-947,10-0149,"Nov. 10, 2020",2020-11-10,ok,Cross combination.xlsx,VMC 84-947,D6,6,4,7419f6c563eea11610bc2231502c58bb5e82634c4b519f5f4a3f6219bd245839
cmb_333ba4f21dba8632a73ccbee2946,VMC 86-529,92-44-0751,"Nov. 06, 2021",2021-11-06,ok,Cross combination.xlsx,VMC 86-529,B3,3,2,499e96ad3ddd8c5660fd85c1e2feb0760f7742e2aaea26af32b91775c4ce59e5
cmb_cbf0adfa3b186174586f522f7ac4,VMC 86-529,09-1969,"Nov. 06, 2021",2021-11-06,ok,Cross combination.xlsx,VMC 86-529,C3,3,3,6560f6deb03865f446d6010cb2e6be8bf9540bda98f489c0275f50256996b11c
cmb_96ec0c85ec8dbd8898ae4e74670f,VMC 86-529,04-1011,"Nov. 06, 2021",2021-11-06,ok,Cross combination.xlsx,VMC 86-529,D3,3,4,10e56d5145fddd0a27fc0098a542334017dfb4b2b9503b854b1e334b7e161f56
cmb_2a6b58defa899f8e0f4dbc609342,VMC 86-550,99-1793,"Nov. 10, 2022",2022-11-10,ok,Cross combination.xlsx,VMC 86-550,B3,3,2,63531a68ff4997edc1271a428ece9306a86ab60bedaf341141d6cf7a04da3aab
cmb_ec84c0ed2856ee098b6a1c16f3f5,VMC 90-239,78-3981,"Nov. 01, 2015",2015-11-01,ok,Cross combination.xlsx,VMC 90-239,B3,3,2,ea23b525b598a221ae3d8943a5b1c022f2b36f3fde544164f4cadc9476455b52
cmb_09e798a8b447eda20c97ac8118b6,VMC 90-239,04-1011,"Nov. 01, 2015",2015-11-01,ok,Cross combination.xlsx,VMC 90-239,C3,3,3,32ffade965deccf8ccbd744b4aa270a52a1e54e7e247bcdcd51bbc6dba5a99b0
cmb_70dfec5a589deab630bb0ce64334,VMC 90-239,90-0953,"Nov. 01, 2015",2015-11-01,ok,Cross combination.xlsx,VMC 90-239,D3,3,4,daf320404044112dd12dc77c296182650146a20bb60bca99d8038db7b691efc4
cmb_93448cba0ae1a61305f0a4d9c717,VMC 90-239,88-1691,"Oct. 31, 2016",2016-10-31,ok,Cross combination.xlsx,VMC 90-239,B4,4,2,4ae6545fe76178ca6949f3f7b16ea4e00ce7f2b389636919a799134d352842ca
cmb_f1b5e6299b5ae75144b35ad772ea,VMC 90-239,97-3161,"Oct. 31, 2016",2016-10-31,ok,Cross combination.xlsx,VMC 90-239,C4,4,3,f5b5c5ae7e0f8524e74369addee297a036911b0e9f26a347395de7153d9c5a18
cmb_6dde791854e63c6c0c358dd78f5b,VMC 90-239,91-0909,"Oct. 31, 2016",2016-10-31,ok,Cross combination.xlsx,VMC 90-239,D4,4,4,e597b55de6f44bd2db9870614047d8b5247823317fbd840d1f977f4d3739f635
cmb_fa43416fcf0056721bf1288a9be1,VMC 90-239,90-0173,"Oct. 31, 2016",2016-10-31,ok,Cross combination.xlsx,VMC 90-239,E4,4,5,5b76582891576ad3974a5286456f1e84def994b7a33baf78ba96d1a6c7cc65d9
cmb_e5f1505d86a1b5f4dddf23a24704,VMC 90-239,94-0221,"Nov. 02, 2017",2017-11-02,ok,Cross combination.xlsx,VMC 90-239,B5,5,2,0d5ecb092d058b83bc89aa4299c9710c5e12582d2963a5b092ce164dc7022bb8
cmb_2331c345c77af28ad528b6287677,VMC 90-239,95-1029,"Nov. 02, 2017",2017-11-02,ok,Cross combination.xlsx,VMC 90-239,C5,5,3,f6a242abc0965368e22262ffc1354862f34142155927a2c8c5ea770b334bbe4d
cmb_652654d75e88ee9bdfb1390cbe87,VMC 90-239,99-1793,"Nov. 02, 2017",2017-11-02,ok,Cross combination.xlsx,VMC 90-239,D5,5,4,22bbd21c3d032953481a78af9d61ba0b472c322d57e49946dbeb7d43cf3792c4
cmb_63c0b552b6095bd263b349b703ff,VMC 90-239,94-0913,"Nov. 02, 2017",2017-11-02,ok,Cross combination.xlsx,VMC 90-239,E5,5,5,61b75dd747a033190895b54fbf44722cd0a465405b8e433d3c656c8d6dd350c3
cmb_279618ae469be0e13e3bf5c9147c,VMC 90-239,04-1011,"Nov. 02, 2017",2017-11-02,ok,Cross combination.xlsx,VMC 90-239,F5,5,6,c200b35bb80cb330c10ffff383f3f191f7a44ce0d127d6efa07337f383812962
cmb_7e5b5f86fc8b24d9c2addd2d02e9,VMC 90-239,8013,"Nov. 09, 2019",2019-11-09,ok,Cross combination.xlsx,VMC 90-239,B6,6,2,dd6786492ec0e3d40f6afd4373831f3ac7dd14e680095981e4515b7acbfe0dcc
cmb_2f9df4ea16489c8f332941b6ceb3,Phil 6607,93-3301,"Nov. 1, 2013",2013-11-01,ok,Cross combination.xlsx,Phil 6607,B3,3,2,0a1ec723373cde5ffb1bd2022f5b3dec5fc249ebb3a8383af974ca3f3fa60137
cmb_b308afc214c829130cacdd2df00f,Phil 6607,99-1793,"Nov. 1, 2013",2013-11-01,ok,Cross combination.xlsx,Phil 6607,C3,3,3,45d551f8e1c5fc2f29f3568dd51d02a9fc557ba493d588225ad0ca929fa02214
cmb_35255460024ca31ed1f6f296279e,Phil 6607,04-1011,"Nov. 2, 2014",2014-11-02,ok,Cross combination.xlsx,Phil 6607,B4,4,2,6aabfd44887072de04e49c9f0a43eca0775592db8a73437b8c7f018b85cdeefb
cmb_33448aebae82cf69b31067d8ac7d,Phil 6607,97-3501,"Nov. 2, 2014",2014-11-02,ok,Cross combination.xlsx,Phil 6607,C4,4,3,ee3f1f3506b422e5397ea3ad2884f6c9b1453d0c0dfb4038c1bf2d95a6ee5d9d
cmb_06c550a7e4fa20b5810ec71bec31,Phil 6607,94-0913,"Nov. 2, 2014",2014-11-02,ok,Cross combination.xlsx,Phil 6607,D4,4,4,4927f671569a849303d46daf6052e9a89154355374515cf979c315de1ab9c9c0
cmb_71b08c79c7de66a55e977fcb253c,Phil 6607,94-0913,"Nov. 2, 2014",2014-11-02,ok,Cross combination.xlsx,Phil 6607,E4,4,5,48be3854ece9c8e26a23003e26b05b1e7bc556cb54f4a6afdc347a718e2d4eae
cmb_944800ba0c0dc045fae9eec2d37a,Phil 6607,93-1601,"Nov. 2, 2014",2014-11-02,ok,Cross combination.xlsx,Phil 6607,F4,4,6,f2dc762aa2880f576eff4fac7186c2f3284a2932e72a6f78effa0bcf0565432a
cmb_3faaa55507e2d8eaa8bff4310490,Phil 6607,88169,"Nov. 7, 2016",2016-11-07,ok,Cross combination.xlsx,Phil 6607,B5,5,2,fb67517633895ac5e77e94122c752e7439aaef57ab225cfc590bef476f35db8b
cmb_8c31c9458f9b77aa5e836e173ac3,Phil 6607,93-2349,"Nov. 7, 2016",2016-11-07,ok,Cross combination.xlsx,Phil 6607,C5,5,3,0632662a59bde5140a65ef18668b3389af69bb5d9f3db6a8bc61b69db64020c3
cmb_9109b1dbfa203106125daa651414,Phil 6607,91-0039,"Nov. 7, 2016",2016-11-07,ok,Cross combination.xlsx,Phil 6607,D5,5,4,434a6499bdb11902ad312740b7fb258370f0e281b16eb3981acf348880ef0a19
cmb_9bb93c81ca969bf84af271c273a2,Phil 6607,80-5619,"Nov. 5, 2017",2017-11-05,ok,Cross combination.xlsx,Phil 6607,B6,6,2,b8a9a8c11d31db495d9e5fa03f74451a6e939d6a4c1c080f61136ac3049b96b7
cmb_9e7c5cf22318714b9fafc4f73a26,Phil 6607,86-119,"Nov. 5, 2017",2017-11-05,ok,Cross combination.xlsx,Phil 6607,C6,6,3,b1626de964000d2bf92b14fb4b4940683a618886d1e857367fdf4abf63233d38
cmb_17cccdeffb284f029f1cc33352b5,Phil 6607,97-3161,"Nov. 5, 2017",2017-11-05,ok,Cross combination.xlsx,Phil 6607,D6,6,4,9e6bfa586af590dff8e928491db2f96c58ca7c769a4ca270eaba6a49ba2c180f
cmb_a344d2a9885993508c02d40c7828,Phil 6607,99-1793,"Nov. 5, 2017",2017-11-05,ok,Cross combination.xlsx,Phil 6607,E6,6,5,8ee45b7857f16d1778a548ad559f2dbaf10506b18e70ef7ff592c011b8bf15be
cmb_9196cd061e74c2e856a0306fb0c0,Phil 6607,7115,"Nov. 1, 2018",2018-11-01,ok,Cross combination.xlsx,Phil 6607,B7,7,2,b5a7139ab00bcf4295208d2bb1bc98ef5e3dcf3956dcc6bfd0973529297af749
cmb_08f74370d3a9a66c2f9c2663ac32,Phil 6607,97-0693,"Nov. 1, 2018",2018-11-01,ok,Cross combination.xlsx,Phil 6607,C7,7,3,d83b45d6c5a80e7fea904f76c09a3155e56582f374a7e8ac0175ef1043092a39
cmb_601151e3c53fd1bb9da0683ebaae,Phil 6607,99-1675,"Nov. 1, 2018",2018-11-01,ok,Cross combination.xlsx,Phil 6607,D7,7,4,85919c6def92b0965494f6a471350e60060a16467e869f2d6e8bfbf280d24163
cmb_37316db263ff50eb9924956214e1,Phil 6607,95-1029,"Nov. 1, 2018",2018-11-01,ok,Cross combination.xlsx,Phil 6607,E7,7,5,e3f6a42b232b43055408fc2c6a97eddcfd127143ddb60c30933ec0986d210d2b
cmb_36f0eb1fece3b6ab899fa6062daf,Phil 6607,99-1793,"Nov. 2, 2022",2022-11-02,ok,Cross combination.xlsx,Phil 6607,B8,8,2,125f9551001fe08faa9c5fa3049172763f8cbd8eb0c1076dc83b4ddac87e2553
cmb_c885736d194383057c46d8b9dc64,Phil 6607,04-1011,"Nov. 2, 2022",2022-11-02,ok,Cross combination.xlsx,Phil 6607,C8,8,3,9c6e407e0a0cc60521217746486b608ec2466b299db8f406bc80ff9fe88c4d8b
cmb_b701de58305530ee3ee4048d07fa,Phil 7115,8715,"Oct. 30, 2012",2012-10-30,ok,Cross combination.xlsx,Phil 7115,B3,3,2,5886b52883dafd67f0cb29b55239e822e0ddbca7c3bfa45804dc450b4963c5dc
cmb_080e8399b8cdb0bea409859e6884,Phil 7115,99-1793,"Oct. 30, 2012",2012-10-30,ok,Cross combination.xlsx,Phil 7115,C3,3,3,a7fb92378823bcaa873b154603d38aa447359eeacb70594ca9273c7b26d64deb
cmb_b01f7a7d0f73699730484a921e0a,Phil 7115,04-1011,"Oct. 30, 2012",2012-10-30,ok,Cross combination.xlsx,Phil 7115,D3,3,4,b400e4ec950c5d23e567d3dc84613675672f1e829fdcf8192c62e8fe6709f20f
cmb_1878b7db9e7c662361443856e9ac,Phil 7115,00-2569,"Oct. 24, 2013",2013-10-24,ok,Cross combination.xlsx,Phil 7115,B4,4,2,ac7c981b0716a9e013fcbd1ebb809c5620565f27ac29c57a2eb03c7e3fd07d7d
cmb_63849e44f4cf7168e6e1e03d6f08,Phil 7115,93-2349,"Oct. 24, 2013",2013-10-24,ok,Cross combination.xlsx,Phil 7115,C4,4,3,8e97cd7abdd88a3a12e7f37379ac65b3e7429d027e44b8808b3d24f6e430a554
cmb_6bdaf40af9cc9c74fc9b48d75b94,Phil 7115,92-0577,"Oct. 24, 2013",2013-10-24,ok,Cross combination.xlsx,Phil 7115,D4,4,4,fdb137e534b14a98d49d5647c6751db0ee6da5db2330f57f10d3e4c4c8789c1f
cmb_5f12b6f78bade9b16b7f0299cabf,Phil 7115,98-2137,"Nov. 1, 2014",2014-11-01,ok,Cross combination.xlsx,Phil 7115,B5,5,2,76374b793c5f8a26ee3e8cdc75e487450ebc9bf58a4d3db777525f49be85229d
cmb_8e24dc4816fb17e4b9573d6f1349,Phil 7115,90-0345,"Nov. 1, 2014",2014-11-01,ok,Cross combination.xlsx,Phil 7115,C5,5,3,c533a70bd43eb356c7f4b78f5a41eef40c876f4f5162bc57116fa2964e83b251
cmb_f7f476862dc700a2d3bd04fa1e46,Phil 7115,06-2289,"Nov. 1, 2014",2014-11-01,ok,Cross combination.xlsx,Phil 7115,D5,5,4,63c61538206774527e72789fa48131fa7ba8cce6997376544f5f10f095ed709f
cmb_4fabbf9c10d60306142e70559708,Phil 7115,91-1091,"Nov. 1, 2014",2014-11-01,ok,Cross combination.xlsx,Phil 7115,E5,5,5,1b29ab789ac7fd6a761217bd40a15721836dfe5754820de091f8b4aa3ce32f0a
cmb_07226993a4fa9560c8091bc6636a,Phil 7115,93-1207,"Nov. 3, 2015",2015-11-03,ok,Cross combination.xlsx,Phil 7115,B6,6,2,6cef233d8109d44874c426ff44b79afbff8bf99557400964b2e5853102238d29
cmb_1687bf1a38a1850978262ffeccee,Phil 7115,93-0775,"Nov. 3, 2015",2015-11-03,ok,Cross combination.xlsx,Phil 7115,C6,6,3,66e547a41e14e7c4d27298fb97a7c6bf782ec4aca33e7ab0aad4ed41c67098f9
cmb_f4d1ea8129e550b94ece70f9001b,Phil 7115,97-2041,"Nov. 3, 2015",2015-11-03,ok,Cross combination.xlsx,Phil 7115,D6,6,4,a7350a9f64b1d9b8cd8af664ad73f16ce50fdd4524a46b8b49448ede454cc77d
cmb_d7d21075340eea9cf161fd6b90e8,Phil 7115,93-0871,"Nov. 3, 2015",2015-11-03,ok,Cross combination.xlsx,Phil 7115,E6,6,5,16c360cb5ab9a6a6ad9a7a40aa4a10f369e96a24502806127d1d7a1040923866
cmb_1a6a836833974b0061fa772e6117,Phil 7115,97-4435,"Oct. 30, 2016",2016-10-30,ok,Cross combination.xlsx,Phil 7115,B7,7,2,16e8946d6eff1e82b7ee49f6bf66b166b5365d3febd6f1e269e85d1bb2d88dc6
cmb_0be61b12f542a6ebc6651a2d63e5,Phil 7115,92-0751,"Oct. 30, 2016",2016-10-30,ok,Cross combination.xlsx,Phil 7115,C7,7,3,00864607144382d607dcb59d83c6f8088eba1d84f572d94d20f84fdbf33e7fcc
cmb_9e7332212dc1ffbcacdfa6a70610,Phil 7115,92-0535,"Oct. 30, 2016",2016-10-30,ok,Cross combination.xlsx,Phil 7115,D7,7,4,9399d69046bd244ec016af99aea7115cf2b76316b293dff51f4f831bcbeb0714
cmb_e6d8410d78041d6629efcc3c86c2,Phil 7115,04-1011,"Oct. 30, 2016",2016-10-30,ok,Cross combination.xlsx,Phil 7115,E7,7,5,d3ff76f6815d837c2d54c2cf456b8f18088e53cbb25f91c7d81f71cd172cde1e
cmb_405f71b5a6ff020d46f06f6fa46c,Phil 7115,90-0085,"Oct. 30, 2016",2016-10-30,ok,Cross combination.xlsx,Phil 7115,F7,7,6,5496a37f627f1f08d2ac172a6af3859e2a1a7724a8f409f16606442a585b3162
cmb_26090a7efdad77f50fe888544eb8,Phil 7115,90-0049,"Oct. 30, 2016",2016-10-30,ok,Cross combination.xlsx,Phil 7115,G7,7,7,e7338239e8bbb2fb249123ca02884d71b38a9b7a7736f961a62453e2a20c3867
cmb_4e70883fba37cc9db4836afb2f18,Phil 7115,91-0661,"Oct. 30, 2016",2016-10-30,ok,Cross combination.xlsx,Phil 7115,H7,7,8,64a84881d7c7c946b27f6924c5e106513b4bff9ce0dcc69bcb7ce39ba91aab0b
cmb_e56c8a9a20650da576e78cce900f,Phil 7115,87150,"Nov. 1, 2017",2017-11-01,ok,Cross combination.xlsx,Phil 7115,B8,8,2,a0780a7e27b22acae8df92b19ca499eeb109a3b8cc16eb487728d17a92b717af
cmb_0c63812100e0cae5184743d18f1f,Phil 7115,80-2023,"Nov. 1, 2017",2017-11-01,ok,Cross combination.xlsx,Phil 7115,C8,8,3,927db2f9e04a28c302b7e071cb8344768596fa8ad08b4212c371e1bbf5221c39
cmb_88714539b8958ca0dc74d205aab8,Phil 7115,99-1793,"Nov. 1, 2017",2017-11-01,ok,Cross combination.xlsx,Phil 7115,D8,8,4,f1718d1419fb6dbb4e8d363799ddc28e97da2025afc77645afafcb5cf30e90f3
cmb_3ad15a6d79b0228fe914cc373e3c,Phil 7115,98-0255,"Nov. 1, 2017",2017-11-01,ok,Cross combination.xlsx,Phil 7115,E8,8,5,c5f71ae7d5c87171aaa46122c5d5c66a200351fd188b3c1d1bd4092c13e7055f
cmb_b9cbde7d8c087a2fb0975d5963bf,Phil 7115,Q102,"Oct. 31, 2018",2018-10-31,ok,Cross combination.xlsx,Phil 7115,B9,9,2,2181caa1b487d63173a40e01fde1f37fe05d5f574618aacbe4d6287a8e654d80
cmb_49fb396c3645ba43c501f65d2f52,Phil 7115,93-2349,"Oct. 31, 2018",2018-10-31,ok,Cross combination.xlsx,Phil 7115,C9,9,3,3de60ded64f700706fb07a9ac7d8d49e4aff5ef3ac08cfae155445c97e5b31b0
cmb_7bdf306d9494d05272ef9123f4b5,Phil 7115,00-2569,"Oct. 31, 2018",2018-10-31,ok,Cross combination.xlsx,Phil 7115,D9,9,4,718fe93a9c244c5daec3a9929ab8576cbe63cb1afe1c178b6752ac5afb6a6867
cmb_c5810d428c6e92fd6a7766e9d739,Phil 7115,92-0051,"Oct. 31, 2018",2018-10-31,ok,Cross combination.xlsx,Phil 7115,E9,9,5,6bf01e60c0ec81ed434300da2feb2d50e6a66d5983f99008a6f734bc4a829606
cmb_5528fc899626ee80641c5e6b24ae,Phil 7115,PSR 99-85,"Nov. 4, 2019",2019-11-04,ok,Cross combination.xlsx,Phil 7115,B10,10,2,f534aa23a9a5a0fd18850e663f06b4779c497b0f86d788dff0876fdd6e36988f
cmb_14ac36796904bbac104665a68594,Phil 7115,99-1793,"Nov. 4, 2019",2019-11-04,ok,Cross combination.xlsx,Phil 7115,C10,10,3,d2c83773802bee0f82c6f76f92cc8877799fd01e904de113207f92136c77a098
cmb_ec10b1a6b058b2ec71556429ee03,Phil 7115,8013,"Nov. 4, 2019",2019-11-04,ok,Cross combination.xlsx,Phil 7115,D10,10,4,f0c595a7dde3ecefd49cf84499d09d55e4754fc985d4eb513c77a560a5b39c5c
cmb_0952244ab028d88821cee300837d,Phil 7115,06-1899,"Nov. 4, 2019",2019-11-04,ok,Cross combination.xlsx,Phil 7115,E10,10,5,1996ac11038bda884ba8d1bfd159cb3bbd230658946db9e1b4229b92709a9d29
cmb_7d043afacc5a8b0eaafa490b3865,Phil 7115,92-0751,"Nov. 5, 2020",2020-11-05,ok,Cross combination.xlsx,Phil 7115,B11,11,2,3875c9ac443e1540bbaeebae700e61cd53d9b4a0d2b656f9317474ca3b7bd421
cmb_6ad15d540e6c0dcdb5835cf04c26,Phil 7115,04-1011,"Nov. 5, 2020",2020-11-05,ok,Cross combination.xlsx,Phil 7115,C11,11,3,c75faa2320c857dcebe054d34e9dc017fd24253599da4166a65575bf9be488de
cmb_b7a6f4602c54f3397cebdb8c7e18,Phil 7115,92-0535,"Nov. 5, 2020",2020-11-05,ok,Cross combination.xlsx,Phil 7115,D11,11,4,515364620543aab4e13468ce632c54387e6ca5d99d0eb20b125276f7b2075ece
cmb_771f72cc02f89d2c394ac88c733e,Phil 7115,97-0687,"Nov. 5, 2020",2020-11-05,ok,Cross combination.xlsx,Phil 7115,E11,11,5,fc110add3de2806a2a834fbe7cf8c4246ce3bab56eb4126782bca04610f1de4b
cmb_9fa9a80db010613109c400b951f7,Phil 7115,Q102,"Nov. 3, 2021",2021-11-03,ok,Cross combination.xlsx,Phil 7115,B12,12,2,db39fc7c76041f7ed3d9901bc9d8deecf4d7746602010d46c679800d745362cf
cmb_ec30a3da59a89d24b6d9dc40e3a0,Phil 7115,09-1969,"Nov. 3, 2021",2021-11-03,ok,Cross combination.xlsx,Phil 7115,C12,12,3,208cb3bcceda0d7a7289341f0818345f0b01733c2ca6f4975e22dae5237d3390
cmb_b76c3618a26dcd35385a3069df0c,Phil 7115,08-0909,"Nov. 3, 2021",2021-11-03,ok,Cross combination.xlsx,Phil 7115,D12,12,4,f93d0ae113a83178aa9e69144f396c2e1c7253a23b84858c05a2ee6ad81a0101
cmb_24e6ec48e34fcd3515f36901f84b,Phil 7115,04-1011,"Nov. 3, 2021",2021-11-03,ok,Cross combination.xlsx,Phil 7115,E12,12,5,28af7b516cffd82fde430686eb35f03f1d7e08bf7f3cb10518f91e74f41345d0
cmb_b374efd86f6f8a3560c769f66ec0,Phil 7115,99-1793,"Nov. 3, 2021",2021-11-03,ok,Cross combination.xlsx,Phil 7115,F12,12,6,a187abc1471226e5170500bbe1dc480f46960bfdbedeca4a55631af7f31b07aa
cmb_04b747469e931604713681ae3392,Phil 7115,98-3403,"Nov. 3, 2021",2021-11-03,ok,Cross combination.xlsx,Phil 7115,G12,12,7,f1598beb278295bdcc52b2253fd80440a6eb092e74b314e20e91e16b22c04f63
cmb_a18368560c293a6cd7fc04f9309f,Phil 7115,03-0699,"Nov. 3, 2021",2021-11-03,ok,Cross combination.xlsx,Phil 7115,H12,12,8,b9489bea50b0b6f2c1920f8c37eb40d0212b7357a62ab2ed855305ceb8b3fd99
cmb_ba4ab5834f3d38f65ad631200b83,Phil 7115,00-2569,"Nov. 3, 2021",2021-11-03,ok,Cross combination.xlsx,Phil 7115,I12,12,9,0115b9b4258de8731fbaa54a41446948b61f872d842f67b47de1f7b7f9d89bef
cmb_da7d6ffadf8d13fe2b1ba4462111,Phil 7115,8717,"Oct. 31, 2022",2022-10-31,ok,Cross combination.xlsx,Phil 7115,B13,13,2,35e52809b5226843912e7533bf7a32d24b08eb2bc72b73079c30d87b94cd9bf1
cmb_85317c860c51e014a1baaa461b54,Phil 7115,10-0149,"Oct. 31, 2022",2022-10-31,ok,Cross combination.xlsx,Phil 7115,C13,13,3,7fd9a66ca074d8b443f44d446136410032f11fcb65ba827faa87e9c5624a6487
cmb_147bbdcc6ce8ff05c1031215b861,Phil 7115,06-1899,"Oct. 31, 2022",2022-10-31,ok,Cross combination.xlsx,Phil 7115,D13,13,4,cb95f8f108ada7be08cda84c77f5b8d1822c54660143b315572a1b2b07173d6c
cmb_9a4cce819f72b6bd96dfb0cccc34,Phil 7115,09-1-0015,"Oct. 31, 2022",2022-10-31,ok,Cross combination.xlsx,Phil 7115,E13,13,5,f52e59c1d4009435c933da3cc904a12dd50f75658c9e2a16a42b875269902784
cmb_5e94074d9bc76bdf73dd7fc4712d,Phil 7115,09-0919,"Oct. 31, 2022",2022-10-31,ok,Cross combination.xlsx,Phil 7115,F13,13,6,50689d26da3692f7e6dfaf78e6345a1b6f850a4fa928128409f64c7801fedf83
cmb_49adff1ce6ce464b4986ad7688d5,Phil 78-86-3981,98-2137,"Oct. 22, 2012",2012-10-22,ok,Cross combination.xlsx,Phil 78-86-3981,B3,3,2,9249df481128a3d4712a99e5e29d1b0be5667e1a7e5f4f03d5ba3bf135257864
cmb_963623548c0bae3ba753b0119220,Phil 78-86-3981,00-0627,"Oct. 22, 2012",2012-10-22,ok,Cross combination.xlsx,Phil 78-86-3981,C3,3,3,0d71e3d8c0429293c83eeabb624b9f3b02370720f6d543bfee40471016c5acd7
cmb_716d2db8e217e158439aaeb5d591,Phil 78-86-3981,00-1937,"Oct. 22, 2012",2012-10-22,ok,Cross combination.xlsx,Phil 78-86-3981,D3,3,4,31f3f56c4b7e931f8d147fb979d06059adf717ab001d757add6f8280ad922d3e
cmb_b5ebf8f617aff00c432faaa9c9f1,Phil 78-86-3981,06-2299,"Oct. 30, 2013",2013-10-30,ok,Cross combination.xlsx,Phil 78-86-3981,B4,4,2,d14d0e8cb7a0e2ae94ed748218cbd5f1e38d7f19410b76d5175805f2fccbd012
cmb_21bdbcc4a115b3b4c822cf2a9bb9,Phil 78-86-3981,00-2569,"Oct. 30, 2013",2013-10-30,ok,Cross combination.xlsx,Phil 78-86-3981,C4,4,3,48ab1f8b15ff8811b1d7a25f5cea6c6058525410e54363e476b7d17750b293f6
cmb_7af9fe859a4bfc64015f6a2f0c85,Phil 78-86-3981,99-1793,"Oct. 30, 2013",2013-10-30,ok,Cross combination.xlsx,Phil 78-86-3981,D4,4,4,485ca2c853f266737548a0454be33f072a71da842f43902555168965a4693b21
cmb_5d1ff1cfbbc0728f545ff157ee41,Phil 78-86-3981,VMC 90-239,"Oct. 25, 2014",2014-10-25,ok,Cross combination.xlsx,Phil 78-86-3981,B5,5,2,9868343ce1936db4d81f3d868e0573bba838ed1deb8e015980650842b8570cc6
cmb_15d5d2aa55402d868e0beac6f8ba,Phil 78-86-3981,05-1197,"Oct. 25, 2014",2014-10-25,ok,Cross combination.xlsx,Phil 78-86-3981,C5,5,3,f601d54c4936404d8ba418b8f3434e5bca4846709464caf400f61cbd56336723
cmb_479bc2f7fef1877d1203c433ec45,Phil 78-86-3981,93-2349,"Oct. 25, 2014",2014-10-25,ok,Cross combination.xlsx,Phil 78-86-3981,D5,5,4,05adcf32b365ea259103ffcffc8c5fdb5338480bd36122641929909288d04fc9
cmb_fb1d41de9c523c1d3354577707eb,Phil 78-86-3981,04-1011,"Oct. 25, 2014",2014-10-25,ok,Cross combination.xlsx,Phil 78-86-3981,E5,5,5,8c17f83fae490ca32afbf6d702291d5da0c3fadd426d1a7a5ee69a72d89485fd
cmb_d1a21753f1ced27d192476b3a7b4,Phil 78-86-3981,8583,"Oct. 26, 2015",2015-10-26,ok,Cross combination.xlsx,Phil 78-86-3981,B6,6,2,22c0d19b9c20a229bc77389c697535b01593284b976c0105e2d717a068ce3d6c
cmb_9c714efafbe1eae9159b4951a047,Phil 78-86-3981,8943,"Oct. 26, 2015",2015-10-26,ok,Cross combination.xlsx,Phil 78-86-3981,C6,6,3,f67b16ccd5d5d0570d4e68445906e93781fa8ebef90f9ddf06f336654b897c8c
cmb_3e55375d151554220486fd3b6cca,Phil 78-86-3981,03-0933,"Oct. 26, 2015",2015-10-26,ok,Cross combination.xlsx,Phil 78-86-3981,D6,6,4,71f40e14a7226b12f2ddcc8ee73ac6966682694c76e2537931ea6bd9e2acc7c7
cmb_bace74c0513f7586588b262b8027,Phil 78-86-3981,06-1681,"Oct. 26, 2015",2015-10-26,ok,Cross combination.xlsx,Phil 78-86-3981,E6,6,5,182c2d7396db85fb5309ce053424e471d1baa7beef87f752d3df46401cbf39fe
cmb_740b868f473d9fcc411fc1f0194e,Phil 78-86-3981,90-0085,"Oct. 26, 2015",2015-10-26,ok,Cross combination.xlsx,Phil 78-86-3981,F6,6,6,e0db5bb5c8616a4d6cf915bcb584c4d20cd79c950a45990d6e78312259ebae4e
cmb_bd7810de6ac90e96d5a5c4389a00,Phil 78-86-3981,92-0751,"Oct. 26, 2015",2015-10-26,ok,Cross combination.xlsx,Phil 78-86-3981,G6,6,7,06eef02011e72d0fd2f719c518a1fc110263f6657d89614e77dd57b6442262fe
cmb_7a9d5d64658870fa75198914b871,Phil 78-86-3981,8715,"Oct. 25, 2016",2016-10-25,ok,Cross combination.xlsx,Phil 78-86-3981,B7,7,2,a1ecf14ea55a48de1eb307495259ea9793b7f1c0d94ea569eeb5510593eae9e1
cmb_dbf72fb8f055807a740b39f93933,Phil 78-86-3981,85-4345,"Oct. 25, 2016",2016-10-25,ok,Cross combination.xlsx,Phil 78-86-3981,C7,7,3,0509fcfed1f039c18442f0eda3b9c71a0794aff9ff8f0a0bc6d217755ac2b905
cmb_2a93c740b75c7a96ddae3d03253a,Phil 78-86-3981,98-0255,"Oct. 25, 2016",2016-10-25,ok,Cross combination.xlsx,Phil 78-86-3981,D7,7,4,7297c0d21c1ebda399156e068c87c0e6094a53e7f4b41f2f94c4c1de27028c51
cmb_c451bc98123bf37f9193fd638825,Phil 78-86-3981,90-0085,"Oct. 25, 2016",2016-10-25,ok,Cross combination.xlsx,Phil 78-86-3981,E7,7,5,a0043e7879fa58807291995f402ae82aec45407ad1f3ff54ac95e1a0f610f43b
cmb_2fb672f35f5492d95a9593d140fb,Phil 78-86-3981,97-4435,"Oct. 25, 2016",2016-10-25,ok,Cross combination.xlsx,Phil 78-86-3981,F7,7,6,acf5a2f9aa1c862fc013e413de390175690f6ac67b511c93295f797d3effb5be
cmb_e8af6ade4d38a2bfd2f2bc80cd61,Phil 78-86-3981,7747,"Oct. 26, 2017",2017-10-26,ok,Cross combination.xlsx,Phil 78-86-3981,B8,8,2,f09c3ceba418a01b9dae53ad427b0221cc5e8c61ef75faee5d70957a7323cb43
cmb_1f23b20762ca3862929e312b4420,Phil 78-86-3981,93-2349,"Oct. 26, 2017",2017-10-26,ok,Cross combination.xlsx,Phil 78-86-3981,C8,8,3,3b6ba4dba71f98d6e838477f4ed1405a2a04c84877088b1f908332da69e9a106
cmb_b07edc4a0740aec7bf5d3c426a49,Phil 78-86-3981,00-2569,"Oct. 26, 2017",2017-10-26,ok,Cross combination.xlsx,Phil 78-86-3981,D8,8,4,387b542ec1f733369a96ac61511a14c9b48bbcc084e814d5eeb276851e5ba46d
cmb_e5e355fd00d1e0a653063e283391,Phil 78-86-3981,99-1793,"Oct. 26, 2017",2017-10-26,ok,Cross combination.xlsx,Phil 78-86-3981,E8,8,5,450bb0fa65e645533900982a7bbccfa4a7289b9dacdb96941e79414da5c0cb5f
cmb_1f991dfc1c9ec1f4b6ef3fd27697,Phil 78-86-3981,91-1091,"Oct. 26, 2017",2017-10-26,ok,Cross combination.xlsx,Phil 78-86-3981,F8,8,6,036be407c0daef75c70b0505f6567bfb114d89680af00d7cd65682fc52934ee0
cmb_62e95c6727c80ca01376325c34ac,Phil 78-86-3981,04-1011,"Oct. 26, 2017",2017-10-26,ok,Cross combination.xlsx,Phil 78-86-3981,G8,8,7,f4559de5e405e2ae17777bd23977ba489b8e26f28e1252c8096224c0754cc63f
cmb_e3b998da92d4782fb99b26f2b686,Phil 78-86-3981,93-2349,"Oct. 22, 2018",2018-10-22,ok,Cross combination.xlsx,Phil 78-86-3981,B9,9,2,36a1ffc43e86d635dceed97edac656ed2f27d87f74aaa55f6eeaf54f77ba4e8a
cmb_6e57bcbb4a9a973384aa1d337d06,Phil 78-86-3981,98-3061,"Oct. 22, 2018",2018-10-22,ok,Cross combination.xlsx,Phil 78-86-3981,C9,9,3,2a2a0031ee254ae0db3c87c091e8134f1016bd89f45d1012163518a6ae8d00ef
cmb_17cf8b6ca980f046dd5d3bc71ab2,Phil 78-86-3981,93-0775,"Oct. 22, 2018",2018-10-22,ok,Cross combination.xlsx,Phil 78-86-3981,D9,9,4,71db53e9799430f72a91757fdc79ea42a66c2139f92d1871baf8ec8bdbbea1d5
cmb_e7dd7eae8cf47f3f1ca2ff2c6d6e,Phil 78-86-3981,85-4345,"Oct. 23, 2019",2019-10-23,ok,Cross combination.xlsx,Phil 78-86-3981,B10,10,2,ae9d46d986b7ad270b9a3098366603997667545afddafd9c02f92a6b2cefd578
cmb_0c399bbcd48cf1ee617be23d0cfd,Phil 78-86-3981,99-1793,"Oct. 23, 2019",2019-10-23,ok,Cross combination.xlsx,Phil 78-86-3981,C10,10,3,7cd043ccd304917a93ba365f7f77e6a92add1d548aad694fe9ebced79ec6ef92
cmb_a101ac4e7411881ad83bd0e8aea1,Phil 78-86-3981,00-2569,"Oct. 23, 2019",2019-10-23,ok,Cross combination.xlsx,Phil 78-86-3981,D10,10,4,c6e0869e7c3eb080bd2c80f3c129a5eb2f3ce24ca1c5e0f8b3b7bb8e4fad501e
cmb_59a57b5923e57fb8c7f469d90bfb,Phil 78-86-3981,93-0775,"Oct. 23, 2019",2019-10-23,ok,Cross combination.xlsx,Phil 78-86-3981,E10,10,5,2cd69ec162b4a4192335f6a13aea6f4a154513ed0f9870e61579851b3c762a11
cmb_0a7ef11f9907bebeea741649e887,Phil 78-86-3981,90-19-0085,"Oct. 23, 2019",2019-10-23,ok,Cross combination.xlsx,Phil 78-86-3981,F10,10,6,1156bb18fe6848a8d55967a691ce9b6a67e3e82db6a86f9efab4be03763768cc
cmb_d30df6d2772705f33e2d85f8da5d,Phil 78-86-3981,97-4435,"Oct. 27, 202",0202-10-27,ok,Cross combination.xlsx,Phil 78-86-3981,B11,11,2,8f541a23569c5e4ab5b3752a5621ef7e12f4763c6a24bf123de7c6cab4685a2e
cmb_f259d881254e2d6a1b69313a09da,Phil 78-86-3981,98-0255,"Oct. 27, 202",0202-10-27,ok,Cross combination.xlsx,Phil 78-86-3981,C11,11,3,29196f20993c72c9ce17b3a8419d85c5b3d3e22ccfe8304453caafab517d6a88
cmb_960116ff4c0f262b8ef3035f7936,Phil 78-86-3981,97-3041,"Oct. 27, 202",0202-10-27,ok,Cross combination.xlsx,Phil 78-86-3981,D11,11,4,dd7f20fef6b0d8ff4f94e6fcb66bc8aa4e5ee4d062cab54a935a559ccb6cac1f
cmb_9689d30ddb7559389e3acb6f63c4,Phil 78-86-3981,92-0535,"Oct. 27, 202",0202-10-27,ok,Cross combination.xlsx,Phil 78-86-3981,E11,11,5,3f2af939cbf5390e2785f0a7cac134cd5a31852da3f77ae8897f8db0c500f624
cmb_eb5921a3a753c1491d44b245481d,Phil 78-86-3981,97-2041,"Oct. 27, 202",0202-10-27,ok,Cross combination.xlsx,Phil 78-86-3981,F11,11,6,6d164707df16cf1cb25e7fbd14ac452a55af703f54ba095273369a71767c0c58
cmb_fbc47f26392182cc95320cfa7c3f,Phil 78-86-3981,97-0693,"Oct. 27, 202",0202-10-27,ok,Cross combination.xlsx,Phil 78-86-3981,G11,11,7,8e11f8ca43571bb4e139ff88465c8ef608123d408f0f5549dc0ec2d31042e8d0
cmb_eb0b76a444840097043456504317,Phil 78-86-3981,92-0751,"Oct. 27, 202",0202-10-27,ok,Cross combination.xlsx,Phil 78-86-3981,H11,11,8,e746c090db2288e041ae033aafe0f6ca0e35e5728be19d6e16520bcec14bd698
cmb_068a8dfa30401e0083aebc8a7e94,Phil 78-86-3981,04-1011,"Oct. 27, 202",0202-10-27,ok,Cross combination.xlsx,Phil 78-86-3981,I11,11,9,be99f68f4fe9c55ecaec6cf42d0fba3f476c61ecae85e6a4efca509206d9e454
cmb_5143f6739d11593fa97fba08fb85,Phil 78-86-3981,Q102,"Oct. 27, 2021",2021-10-27,ok,Cross combination.xlsx,Phil 78-86-3981,B12,12,2,28fe35754654f69cc4074f04d1bddf9503bc3611fb40c45c43ae8e22786baf1b
cmb_8c3ee2fe580b67edceab31da869d,Phil 78-86-3981,07-0563,"Oct. 27, 2021",2021-10-27,ok,Cross combination.xlsx,Phil 78-86-3981,C12,12,3,f238edc9512a84af78cd529c66e65758ed23cf2e7cd6eb4c2a24670400ae8909
cmb_aeb34954f0f26245744aec8747af,Phil 78-86-3981,90-85-0345,"Oct. 27, 2021",2021-10-27,ok,Cross combination.xlsx,Phil 78-86-3981,D12,12,4,c3a61fb924d7ed9a5225d48184b6188a1f0982a9d1955f65fed86fdeac21c32f
cmb_f92a7eb82631270db60c4561a9d1,Phil 78-86-3981,93-2985,"Oct. 27, 2021",2021-10-27,ok,Cross combination.xlsx,Phil 78-86-3981,E12,12,5,9ddfd835846316375fbba0dcd4e0b49a6920f964ad09e94f446a1b1a176a7b53
cmb_c83d09a7ba457febe36b59a7933d,Phil 78-86-3981,14-0013,"Oct. 18, 2022",2022-10-18,ok,Cross combination.xlsx,Phil 78-86-3981,B13,13,2,15b9595c40b4301b21d45e59f42885ffdb65138f4a6215740a6b851585f1c7b9
cmb_d3854fe2b7417bc4bcbfb211b015,Phil 78-86-3981,90-57-0505,"Oct. 18, 2022",2022-10-18,ok,Cross combination.xlsx,Phil 78-86-3981,C13,13,3,afd052aa2b340f7892cd744bb30742e6b82d61d5011f2fa114c483e40b9b006a
cmb_b4d40515716028c41cd23063a31d,Phil 78-86-3981,91-138-0985,"Oct. 18, 2022",2022-10-18,ok,Cross combination.xlsx,Phil 78-86-3981,D13,13,4,a8b5fa0d1004c1ac5ce54d4c03e25f1fdce0961bb1313ba0d629bbc03c57f9eb
cmb_c1596b3bbbfa1569dd4693f5a052,Phil 78-86-3981,8583,"Oct. 18, 2022",2022-10-18,ok,Cross combination.xlsx,Phil 78-86-3981,E13,13,5,52c434be6ad911639d0f401c1c21aa78960bec64e9658b228124a6694311b65a
cmb_11eec115baf40b35f9b162e0ec01,Phil 78-86-3981,10-0149,"Oct. 18, 2022",2022-10-18,ok,Cross combination.xlsx,Phil 78-86-3981,F13,13,6,723306fac42533743effd8492ad70c50eadb9dc19b604481c59f2b64e7a4f7f1
cmb_5dffc9054bdcfa87da74adb252c1,Phil 78-86-3981,09-1969,"Oct. 18, 2022",2022-10-18,ok,Cross combination.xlsx,Phil 78-86-3981,G13,13,7,3226f7d04e1713171f0d1f0dd26648d907478dabbb7fba976087a1da25dcf60c
cmb_a5806ab1ee658546d6473b6742a2,Phil 78-86-3981,00-2569,"Oct. 18, 2022",2022-10-18,ok,Cross combination.xlsx,Phil 78-86-3981,H13,13,8,342a449285299b341b80a289f2159400f02074b3e0a09dc6f3b80112d12603f9
cmb_c22d8b66ade763084e3a4802937a,Phil 78-86-3981,06-1899,"Oct. 18, 2022",2022-10-18,ok,Cross combination.xlsx,Phil 78-86-3981,I13,13,9,77685a456ddf82cd62fee79472301d44f8f7c71dcd96544ad28adde44eb95f14
cmb_d8232130e3372abf8a68eac3c99d,Phil 78-86-3981,99-1793,"Oct. 18, 2022",2022-10-18,ok,Cross combination.xlsx,Phil 78-86-3981,J13,13,10,2752317ba904f917f9d563fec23c0b77324384da4f601115c583181d52c91141
cmb_78cd1a485cb1b5c76c02d960a0c5,Phil 78-86-3981,8717,"Oct. 18, 2022",2022-10-18,ok,Cross combination.xlsx,Phil 78-86-3981,K13,13,11,1fb983e93c1dee303047bab989098fc57f8db03acc1e0f07a47e421b402c638b
cmb_ef93fc2ad0df331001aa346d54b5,Phil 78-86-3981,09-0919,"Oct. 18, 2022",2022-10-18,ok,Cross combination.xlsx,Phil 78-86-3981,L13,13,12,4ec51c5be017958f38e687d52e883d067a0d74560503daa99038168159f000ad
cmb_d9e427936ba32ad6679b4b6824f7,Phil 7464,99-1793,"Nov. 6, 2013",2013-11-06,ok,Cross combination.xlsx,Phil 7464,B3,3,2,680ba174ad65bfa753c729a9ef0cde29b2f8427ef6e05d05dd941196d10fcb10
cmb_19233a3fb52a47348b17cef1dea9,Phil 7495,93-2349,"Oct. 16, 2018",2018-10-16,ok,Cross combination.xlsx,Phil 7495,B3,3,2,30740fdadf05e75b77116117e24903b1669c84cd713555032592757649ee6a2e
cmb_892ebaa35e2887a592dc943c85fa,Phil 7495,91-0985,"Oct. 16, 2018",2018-10-16,ok,Cross combination.xlsx,Phil 7495,C3,3,3,4d6d3b2276e9ed068a525c4b5e493cbb48afcb9fb755f9dbfe5797ef0699a6ed
cmb_1fadaece6d82381fee163682b216,Phil 7495,90-0953,"Oct. 16, 2018",2018-10-16,ok,Cross combination.xlsx,Phil 7495,D3,3,4,cf7c7f51dbaa22f00b4aae962a5344f7e759a8d948fc3e9caa6477153ed24d63
cmb_06a1f63df473b974767da7472fbc,Phil 7495,98-0255,"Oct. 16, 2018",2018-10-16,ok,Cross combination.xlsx,Phil 7495,E3,3,5,a42f4fb2d5af94cbb5c744a493dad7cd18248cbecefe9495b3369e405c5647b8
cmb_7c516f758afd8a4468ca4793b47b,Phil 7495,97-3161,"Oct. 16, 2019",2019-10-16,ok,Cross combination.xlsx,Phil 7495,B4,4,2,648ef8c989e82380398a091f16e854220414e740f4787837ff3fab38877d8e0e
cmb_ec8adb55563431304d51a44f2598,Phil 7495,91-1217,"Oct. 16, 2019",2019-10-16,ok,Cross combination.xlsx,Phil 7495,C4,4,3,5bcd32598c383218a5c8607f7abd1e73fc446dd4194dcaa2af5abd7c80aad36c
cmb_9df16984eaace47b2cc5e834feb6,Phil 7495,93-2349,"Oct. 16, 2019",2019-10-16,ok,Cross combination.xlsx,Phil 7495,D4,4,4,720825ec2bb232fe22fc05cb76ba0617be560c8f414ed96903ad0598acfb2afc
cmb_43db7d35d6da0a731db6a12c22dd,Phil 79-27-0019,PSR 2000-34,"Oct. 28, 2012",2012-10-28,ok,Cross combination.xlsx,Phil 79-27-0019,B3,3,2,9a5ad4f0c8c61475448c46fe6fb3cb975b3839229efad3cea04889c109795888
cmb_e37b63f0cd05c0ef552335301b2e,Phil 79-27-0019,04-1011,"Oct. 28, 2012",2012-10-28,ok,Cross combination.xlsx,Phil 79-27-0019,C3,3,3,ef0b98ecdd3cd5591291bfd11b94261760868cfdd4377b184e0e6159fbe1160a
cmb_039dbbe2264bf85d5d3a124fa97d,Phil 79-27-0019,91-1091,"Oct. 28, 2012",2012-10-28,ok,Cross combination.xlsx,Phil 79-27-0019,D3,3,4,917e3f2c4375c560ec3475be179e12b5436c57c15c5153cc7e38ba08789b3c16
cmb_05b6682a5f714ab2a072bfbd780e,Phil 79-27-0019,93-2349,"Oct. 24, 2013",2013-10-24,ok,Cross combination.xlsx,Phil 79-27-0019,B4,4,2,7129009697f39e696b74bc6c9ddd0f2cba86bb445daf2b22d8cb0d75be9bbc65
cmb_bbb73582078ccb31dcaefbc8f6cc,Phil 79-27-0019,05-0645,"Oct. 24, 2013",2013-10-24,ok,Cross combination.xlsx,Phil 79-27-0019,C4,4,3,780c6445590705f0d81ee7b7ddfc42bfab91ac0cb036ff3843dd3c7a283cd3d6
cmb_4968bf3311baf80efaf7399006b3,Phil 79-27-0019,93-0775,"Oct. 24, 2013",2013-10-24,ok,Cross combination.xlsx,Phil 79-27-0019,D4,4,4,c8b637ca24b7b882bb03769fe475900685d7949a481c3bbb07bb922fd0d8cfd6
cmb_54f49b3411545f2ddd735d8455e7,Phil 79-27-0019,90-0085,"Nov. 01, 2015",2015-11-01,ok,Cross combination.xlsx,Phil 79-27-0019,B5,5,2,150de24b5509802e57cda515cff89727af1a77aa05264e58714bd00b14cd5ab9
cmb_ccd61d8f78428edf74c23d22195b,Phil 79-27-0019,92-0751,"Nov. 01, 2015",2015-11-01,ok,Cross combination.xlsx,Phil 79-27-0019,C5,5,3,ac514e7dc814149066585ff385c4da7e95cf36b1ed8daa5a990ff31a98e3ebdd
cmb_a122d17bf0ff84dddde75bb0ba06,Phil 79-27-0019,04-1011,"Nov. 01, 2015",2015-11-01,ok,Cross combination.xlsx,Phil 79-27-0019,D5,5,4,d45ef1fd814cd21a080b824e87fb20ba1f997e8515278e0bc73c4a53bfca951b
cmb_e38c357ab72fc863558bf43e5032,Phil 79-27-0019,VMC 90-239,"Oct. 31, 2016",2016-10-31,ok,Cross combination.xlsx,Phil 79-27-0019,B6,6,2,1bed25f560d12b1a4bc667e84e4a61b02a482ea27e39cb88f16aca77cdde2ccf
cmb_5e79b65fb153918c326c6761fb5c,Phil 79-27-0019,97-4435,"Oct. 31, 2016",2016-10-31,ok,Cross combination.xlsx,Phil 79-27-0019,C6,6,3,1de108795534b0262272fe2ffd13861e6782fae0035ae6ad0f2ff50fa69522c2
cmb_94767dd63897fbea92a519eb728f,Phil 79-27-0019,97-0693,"Oct. 31, 2016",2016-10-31,ok,Cross combination.xlsx,Phil 79-27-0019,D6,6,4,7e9842251c7ae7d35424c3f2d7bef59d66126ec5b1dd08e0629774a58595c932
cmb_59b00a07f84dc9731259f58192b6,Phil 79-27-0019,90-0173,"Oct. 31, 2016",2016-10-31,ok,Cross combination.xlsx,Phil 79-27-0019,E6,6,5,07cdfd90afbec3fa6184e71c83c3f9e5a267baeadeac6749a86ab3028a785edd
cmb_907ca69dce0bfe686f0db6882d30,Phil 79-27-0019,00-2569,"Nov. 04, 2017",2017-11-04,ok,Cross combination.xlsx,Phil 79-27-0019,B7,7,2,629c5a1d61912b65d2186cb40e38ec1a4497289eb35a857b79374e0b53fe5eed
cmb_4179e8200848af51391e37bbe402,Phil 79-27-0019,97-2041,"Nov. 04, 2017",2017-11-04,ok,Cross combination.xlsx,Phil 79-27-0019,C7,7,3,f2f4498f553fa0b23a3d40d4c31b2434524aa35ef46d1fd2269f44d6dce0c4e9
cmb_c6944f0d33cb1a405dbb08d0e730,Phil 79-27-0019,99-1793,"Nov. 04, 2017",2017-11-04,ok,Cross combination.xlsx,Phil 79-27-0019,D7,7,4,b2bd5ff903106e3091765fa4ccd1b678c0ff2f1506d550eab7fc55246208cecd
cmb_e62147081a8001b3be81f098bca1,Phil 79-27-0019,93-2349,"Oct. 21, 2018",2018-10-21,ok,Cross combination.xlsx,Phil 79-27-0019,B8,8,2,82f036f4ad61a0fe42ea6b1b0b84774fddee98126285cc49b586006ae6ed416e
cmb_6e4ab95017bd0d4930542ee22174,Phil 79-27-0019,97-4435,"Oct. 21, 2018",2018-10-21,ok,Cross combination.xlsx,Phil 79-27-0019,C8,8,3,688e19cd60fb9b0b72c28a9ad2eb76edbf8fb8f456ae4fecd1e80cc090a5cd07
cmb_c8eb82edf60c156abb27da6c0a51,Phil 79-27-0019,00-0599,"Oct. 21, 2018",2018-10-21,ok,Cross combination.xlsx,Phil 79-27-0019,D8,8,4,9eb47076f6e662464c43f7bce3837f0ce1d6bf6da7f66dc7941761c7df0b937c
cmb_f2e35d356afb446d1a0feace2e10,Phil 79-27-0019,99-1793,"Oct. 21, 2018",2018-10-21,ok,Cross combination.xlsx,Phil 79-27-0019,E8,8,5,dc8c5d677345e1635cdeb7b77694a2e6ab8c09d12d9f4dd2a90404602a6630e3
cmb_954484117ceff0e99f629cc632e4,Phil 79-27-0019,97-0687,"Oct. 21, 2018",2018-10-21,ok,Cross combination.xlsx,Phil 79-27-0019,F8,8,6,1752d32342da3c9daa223af2ec3bd9a6ee547f57d6ec33023db672718bb720d9
cmb_ffe842f69d473595db7286cf39d4,Phil 79-27-0019,8013,"Oct. 24, 2019",2019-10-24,ok,Cross combination.xlsx,Phil 79-27-0019,B9,9,2,ec8f1ad2a23a821f01e43934c3fc2cc21673c7dbb3f52177e0f399b767644142
cmb_b4d17fd91dc56ef9f992257a7cc6,Phil 79-27-0019,88-1691,"Oct. 24, 2019",2019-10-24,ok,Cross combination.xlsx,Phil 79-27-0019,C9,9,3,f16b9379835ab0496aaf56af7a3bb02dc3a4f81d34cb81a5dd244c1cc46312b2
cmb_6998055431be88128c69dc5ec931,Phil 79-27-0019,92-0535,"Oct. 24, 2019",2019-10-24,ok,Cross combination.xlsx,Phil 79-27-0019,D9,9,4,8c4d28bae240e304d2d1933715fd1edf35a66475687f57d44e68e3bb7eb07306
cmb_56e58e40af0ad423ae52b18d9bef,Phil 79-27-0019,97-0693,"Oct. 24, 2019",2019-10-24,ok,Cross combination.xlsx,Phil 79-27-0019,E9,9,5,4c1c823967556831695be15de896cb20772acf3755c151078f27079aaf7ccd2a
cmb_c5b1fcc93e8bc5381841982f35f1,Phil 79-27-0019,99-1793,"Oct. 24, 2019",2019-10-24,ok,Cross combination.xlsx,Phil 79-27-0019,F9,9,6,09a9b9ebafb5547ebb49ecca5aff8d25335b62ca57565196c539f9c821dbdd9f
cmb_1b0135c34f7c3fa32ff0b7c25635,Phil 79-27-0019,97-0693,"Oct. 30, 2020",2020-10-30,ok,Cross combination.xlsx,Phil 79-27-0019,B10,10,2,12fed51bf5a1a8b2c448390d75d32450e147bf40cdd90992266aad3036a83913
cmb_928cd3d507978d442435c82b6d54,Phil 79-27-0019,92-0751,"Oct. 30, 2020",2020-10-30,ok,Cross combination.xlsx,Phil 79-27-0019,C10,10,3,a0545397734de8f8be288a7e1eeb94cdce5b4e25357ac849188d7de6633ba37a
cmb_b6eca033e9a6bcf85bd9b48e7221,Phil 79-27-0019,07-0563,"Oct. 27, 2021",2021-10-27,ok,Cross combination.xlsx,Phil 79-27-0019,B11,11,2,a81ed3ce041b3ca4742a92351f8d6e4c381b55d1280358cede1b878892b47f4c
cmb_a8aee6f6f0af9527452db68bccaa,Phil 79-27-0019,90-85-0345,"Oct. 27, 2021",2021-10-27,ok,Cross combination.xlsx,Phil 79-27-0019,C11,11,3,74a26ad6449728b36c96dcfc26d01460c04ce7a2f858f6252f1613866c05e6e0
cmb_43e56be554cfb841158bc73bae99,Phil 79-27-0019,09-1969,"Oct. 27, 2021",2021-10-27,ok,Cross combination.xlsx,Phil 79-27-0019,D11,11,4,1900e2901fe4291c811edea7d349f1dbffa467b0bf6a18a3db76e9049ab65457
cmb_cb1c48ed78931e4526d2d53e8150,Phil 79-27-0019,05-103-0867,"Oct. 23, 2022",2022-10-23,ok,Cross combination.xlsx,Phil 79-27-0019,B12,12,2,506290e741a9fa9eacea56db3e780e4cca560bde87b6a2bcb605ed6ace4a58ec
cmb_28525ed77b2dce9755d3bf136749,Phil 79-27-0019,06-1899,"Oct. 23, 2022",2022-10-23,ok,Cross combination.xlsx,Phil 79-27-0019,C12,12,3,bb5a3dd16bc09860f53033dd60dd90525f0add5e623e6c91bda59ab4354087b8
cmb_5e3284f5b9519aacb4748642b2b4,Phil 79-27-0019,00-2569,"Oct. 23, 2022",2022-10-23,ok,Cross combination.xlsx,Phil 79-27-0019,D12,12,4,d9f1eafb8359f5f8816651c29585bcb40aca1df0e6d6722716fd58d04b63b432
cmb_e3be9df86fe7e1b059ee34226604,Phil 79-27-0019,92-0751,"Oct. 23, 2022",2022-10-23,ok,Cross combination.xlsx,Phil 79-27-0019,E12,12,5,b670bd9cb04edeadceb4b9b2b23ef2eb027b697ff0c4f2b7d88da3b7f6cd2405
cmb_04265ed4687abc0c4c2a55e571e0,Phil 79-27-0019,10-0149,"Oct. 23, 2022",2022-10-23,ok,Cross combination.xlsx,Phil 79-27-0019,F12,12,6,b530d65038612c4cd2cf23d4e1e95f3fd8d86fbfbe948fd57000b3b612bf541d
cmb_8f938c2278b823fbe225d1fb9ed0,Phil 79-46-1465,04-1011,"Nov. 4, 2020",2020-11-04,ok,Cross combination.xlsx,Phil 79-46-1465,B3,3,2,57a00611640c598162d422b971bbb5237327069be3ded43a3ce24e5acf610a6e
cmb_7ceb61948f465aad8190bbbd9caa,Phil 79-46-1465,00-2569,"Oct. 25, 2022",2022-10-25,ok,Cross combination.xlsx,Phil 79-46-1465,B4,4,2,73da58018f5ff019da0dc2cd9718339f0bd30301731b88b1b057c1d37929cc5e
cmb_3b4c637021bee49549583fcae86c,Phil 79-161-1497,81-3415,"Oct. 28, 2012",2012-10-28,ok,Cross combination.xlsx,Phil 79-161-1497,B3,3,2,75b52a4598796657de0356a0826e6b9f109301b977d10aa0413487c10089bbcd
cmb_ad89798a0645aeacc400bddd6d18,Phil 79-161-1497,99-1793,"Oct. 28, 2012",2012-10-28,ok,Cross combination.xlsx,Phil 79-161-1497,C3,3,3,acb176d9543a830661cd5e45b113f2087436013d7d1fdad31a6e1218265320d9
cmb_a406bf34ba0f52cd923b5ac57c79,Phil 79-161-1497,91-1091,"Oct. 28, 2012",2012-10-28,ok,Cross combination.xlsx,Phil 79-161-1497,D3,3,4,e31c64e4fc38cab06b3da52546f9dcd4240b80e9ca2ac798c3664a51707e9934
cmb_065988b5d233202978baadbf8298,Phil 79-161-1497,98-0255,"Oct. 28, 2012",2012-10-28,ok,Cross combination.xlsx,Phil 79-161-1497,E3,3,5,0d0c33d07e910d7016d9a402ea54a8007c6bf706a97a4c959b5a90652d65fe87
cmb_0cd4e96b97da102ef4dcf5805f5b,Phil 79-161-1497,05-0645,"Oct. 26, 2013",2013-10-26,ok,Cross combination.xlsx,Phil 79-161-1497,B4,4,2,7277a376958056bca8783dcaf67279dfaec862c1af5b8fa51d38601868af3359
cmb_1cfe50b8714b9720350975d6de05,Phil 79-161-1497,05-1197,"Oct. 26, 2013",2013-10-26,ok,Cross combination.xlsx,Phil 79-161-1497,C4,4,3,5d1f897cc2d70a68ce7b11426fae047dbe12536af464c1e16c1ed940ae8bc156
cmb_2286f8331c5e5880dcffdded3bcd,Phil 79-161-1497,93-2349,"Oct. 26, 2013",2013-10-26,ok,Cross combination.xlsx,Phil 79-161-1497,D4,4,4,bbfd3335933d18f3b08738841cccf91045b01993e245914baacbaaa56ef4ba33
cmb_4baf9ced89b345d360447d22672e,Phil 79-161-1497,8717,"Nov. 2, 2014",2014-11-02,ok,Cross combination.xlsx,Phil 79-161-1497,B5,5,2,db570978f36697d9cba46e4a6921bd617440533306d664b544c90220d0641010
cmb_7dab9f5f46d8d54313446540ab2b,Phil 79-161-1497,98-2137,"Nov. 2, 2014",2014-11-02,ok,Cross combination.xlsx,Phil 79-161-1497,C5,5,3,b599beecb0fc45f2d1e8b418cf71beaf76241f4bff1a119cf372594cebce2281
cmb_33f11ad1163705c7fde6a2e03684,Phil 79-161-1497,04-1011,"Nov. 2, 2014",2014-11-02,ok,Cross combination.xlsx,Phil 79-161-1497,D5,5,4,d93d005a7d41c5803b54a6de0d0083ec467723d0c46fe1551ac56ac612083afb
cmb_7e836eb980b2530038f05f7e2e39,Phil 79-161-1497,97-3501,"Nov. 2, 2014",2014-11-02,ok,Cross combination.xlsx,Phil 79-161-1497,E5,5,5,e592dbaa4fc745cba6fc9490e595787f03d9fa8de9b875893c00459e3f8238d7
cmb_04d646101cf8765f1e1b824a27b8,Phil 79-161-1497,VMC 90-239,Nov. 3. 2015,2015-11-03,ok,Cross combination.xlsx,Phil 79-161-1497,B6,6,2,b3ef58007648ad5c7b669b1a8655e4f1a50c979b65ff08f50412988b63402c55
cmb_1dd9b946c357770ccd9996f2ae1f,Phil 79-161-1497,97-2041,Nov. 3. 2015,2015-11-03,ok,Cross combination.xlsx,Phil 79-161-1497,C6,6,3,e6f1764b087ad9b10175653db5ff850d6c89aa2bb2f1714f5f86c78b3c2e4f78
cmb_989bf2377ac91385767d3230847a,Phil 79-161-1497,92-0751,Nov. 3. 2015,2015-11-03,ok,Cross combination.xlsx,Phil 79-161-1497,D6,6,4,fe60a56780fc1c73a818b792b0b47ec7c90bfaa2a39879a7ea5b83ba3ceedaed
cmb_68391506a162b2f716f5129493fe,Phil 79-161-1497,00-2569,Nov. 3. 2015,2015-11-03,ok,Cross combination.xlsx,Phil 79-161-1497,E6,6,5,1d46de9e742c085c17c87f9897062aff009c97c9e29026dd00eca68192507fa7
cmb_126c11ff0daa2bf5cea7f7927601,Phil 79-161-1497,90-0085,Nov. 3. 2015,2015-11-03,ok,Cross combination.xlsx,Phil 79-161-1497,F6,6,6,27ebc9d2d06b3a39fda437174dfde46d52979a5c751ecb68b01af3b50cc00740
cmb_6566c0ba42fe81b7aec7a9cc7b14,Phil 79-161-1497,93-1207,"Oct. 31, 2016",2016-10-31,ok,Cross combination.xlsx,Phil 79-161-1497,B7,7,2,416bb3d433239420d257d00d724be264a9018ecdd03622a2d6416452999dc308
cmb_e5cdcc137ae46fe710004fc7047b,Phil 79-161-1497,97-0687,"Oct. 31, 2016",2016-10-31,ok,Cross combination.xlsx,Phil 79-161-1497,C7,7,3,a868d152eb617b5c43ac4ab8c1646be803466da5b6cfeed550ceb728ff87b242
cmb_108a50c8ede3706d9d89a4b7a8ce,Phil 79-161-1497,91-1091,"Oct. 31, 2016",2016-10-31,ok,Cross combination.xlsx,Phil 79-161-1497,D7,7,4,e8c931e716fca7d8ff27273fd566d8d97a04efa932b06496910fbf9e0151b7a1
cmb_c8b3e082d3a9b0b6a74fd4f8583c,Phil 79-161-1497,06-1899,"Oct. 31, 2016",2016-10-31,ok,Cross combination.xlsx,Phil 79-161-1497,E7,7,5,3f0cfb68eee72bb895d5bf8bd7180732142eca3cc3968e9ae91279a2cf03f0e9
cmb_0329647d7c600f1c261c1bcb7c8c,Phil 79-161-1497,80-2023,"Oct. 28, 2017",2017-10-28,ok,Cross combination.xlsx,Phil 79-161-1497,B8,8,2,8f8323cc44ba268f32b9be83d6420045c9df6d944ad9734fbfbf1aab9bdc90ff
cmb_10f54ba6ac84448641524f8c82ca,Phil 79-161-1497,85-4345,"Oct. 28, 2017",2017-10-28,ok,Cross combination.xlsx,Phil 79-161-1497,C8,8,3,cc56131b6053696e619c64b95d44d2f1375a86da08ed57f1e59d6f7c34405512
cmb_ed09efc97c5e2889ddbf72d83829,Phil 79-161-1497,93-2349,"Oct. 28, 2017",2017-10-28,ok,Cross combination.xlsx,Phil 79-161-1497,D8,8,4,1dc157ca293266c545ceeee44e396ab473a31e06c1ce814d1b09a9d95e9041c7
cmb_8517cef8f2fb591596f5974a8a2c,Phil 79-161-1497,99-1793,"Oct. 28, 2017",2017-10-28,ok,Cross combination.xlsx,Phil 79-161-1497,E8,8,5,04cdb81e03b632c592efd58997ef0282cc85df8159ce41febf99bc40e3a6c38c
cmb_264d354aceb51fdd3b871e27e1a9,Phil 79-161-1497,92-0009,"Oct. 28, 2017",2017-10-28,ok,Cross combination.xlsx,Phil 79-161-1497,F8,8,6,18b3f8f233d9243dc6fa2fe72ec9355e8c4c35539459d61d2480891b81a78acb
cmb_c489573091c3832cc1b75f180a93,Phil 79-161-1497,99-1675,"Nov. 03, 2018",2018-11-03,ok,Cross combination.xlsx,Phil 79-161-1497,B9,9,2,8ea29d0a636fa39825454905a1112132e4cecbf51d2a57956b17383340e0bd4d
cmb_672a8a2a6aec17804e09d27155f9,Phil 79-161-1497,92-0751,"Nov. 03, 2018",2018-11-03,ok,Cross combination.xlsx,Phil 79-161-1497,C9,9,3,eb8c8c61a7766aa1173dc51975ff8f1197d3b36060af1560671f986f1c536d01
cmb_c6ed15efe90de5bb8489833780e4,Phil 79-161-1497,92-0051,"Nov. 03, 2018",2018-11-03,ok,Cross combination.xlsx,Phil 79-161-1497,D9,9,4,81ff43ea6fac510ece640c98b1fdb35d57ffa234dc955abc8c4930358bbaa25d
cmb_ae7339d9c88aa28f77ab2b053d48,Phil 79-161-1497,99-1793,"Nov. 13, 2019",2019-11-13,ok,Cross combination.xlsx,Phil 79-161-1497,B10,10,2,f9feb8dd95b7bb8d42e118c826be298b547f5d86296edf210f109b414f174405
cmb_25d798e375cb2952a138fdb3c1c3,Phil 79-161-1497,Q102,"Nov. 3, 2021",2021-11-03,ok,Cross combination.xlsx,Phil 79-161-1497,B11,11,2,7b60489844cb864877a87965d980b8dfe043c292ca22b104fcb3c6f087e76c44
cmb_e7b3a0837c000bdd4f39f9485be0,Phil 79-161-1497,09-1969,"Nov. 3, 2021",2021-11-03,ok,Cross combination.xlsx,Phil 79-161-1497,C11,11,3,ee70d686113f897e11e3c3d0656c95101581b1bcfd92c0c39bbd54a238b20e5b
cmb_4e67d1891b7a39fedb5e13632bb4,Phil 79-161-1497,92-0751,"Nov. 3, 2021",2021-11-03,ok,Cross combination.xlsx,Phil 79-161-1497,D11,11,4,893264e53ded47743093ae790975eb2e08a1d6ffc72e32c827965222a52c27b4
cmb_77250e838a6ae41f1d4e40a26e6d,Phil 79-161-1497,04-1011,"Nov. 3, 2021",2021-11-03,ok,Cross combination.xlsx,Phil 79-161-1497,E11,11,5,c0183f520aff6437c6be548144b80312b839efceff49182372a89752bed69195
cmb_94ec079504ae900d668e7686a509,Phil 79-161-1497,10-0149,"Oct. 21, 2022",2022-10-21,ok,Cross combination.xlsx,Phil 79-161-1497,B12,12,2,bd41a9977c0696e47e696f3cb2eeb5047b5e3b4861fbc1fb56f083846c9bcf64
cmb_3afdf343ca31a58fe792fd677fc9,Phil 79-161-1497,14-0013,"Oct. 21, 2022",2022-10-21,ok,Cross combination.xlsx,Phil 79-161-1497,C12,12,3,9b600498dc1c65c391ddbc7646f5ee5e6e8b57e9c83c2e72dbd4ec229e4079c8
cmb_2fab60187139c9752a5b4c6626c4,Phil 79-161-1497,06-1899,"Oct. 21, 2022",2022-10-21,ok,Cross combination.xlsx,Phil 79-161-1497,D12,12,4,668e046bb0d87905f9498630d55451c55c2b8d4dec964bde57074dd2b00a9c77
cmb_fe88698733779860b6e3d04a8ac5,Phil 79-11-1807,PSR 00-343,"Nov. 3, 2012",2012-11-03,ok,Cross combination.xlsx,Phil 79-11-1807,B3,3,2,3ba1c69e22815c9a4117961ae6cf78440c7a038eccfcb913cdc14f87e1c5b42d
cmb_52667ba0deb7a40a8a8cacf4a6d8,Phil 79-11-1807,05-0645,"Oct. 27,2013",2026-10-27,ok,Cross combination.xlsx,Phil 79-11-1807,B4,4,2,7aeea240341750df90a9e702a59c7d5d654adbd1eaa1dbf2e03b05310b9d2453
cmb_7b10fe2a37235a0acece5cf9e75d,Phil 79-11-1807,05-1197,"Oct. 27,2013",2026-10-27,ok,Cross combination.xlsx,Phil 79-11-1807,C4,4,3,e479b8e0034ea178c94dcd833cb45882f0b6694ca7e20fb588fd018745a9a268
cmb_f4595dd8d58069458031d11a86c0,Phil 79-11-1807,8723,"Nov. 5, 2015",2015-11-05,ok,Cross combination.xlsx,Phil 79-11-1807,B5,5,2,c2cca90ccf679c8c8dac271c9ab36032982a74aba05850e0a9a374f451d3925b
cmb_b89ff25cfc6f939b9dd56e0a7ebb,Phil 79-11-1807,93-0775,"Nov. 5, 2015",2015-11-05,ok,Cross combination.xlsx,Phil 79-11-1807,C5,5,3,a6d88a720612025c952faf2d81363e199dea273cdeba1e90f65ace3d1f715e2c
cmb_e2c49a6c163a01691217ffdebe59,Phil 79-11-1807,93-2349,"Nov. 5, 2015",2015-11-05,ok,Cross combination.xlsx,Phil 79-11-1807,D5,5,4,1d3597f2b80e1453dcf57c09112f75e3f0fbd7928dfebf3eccab5b7fb8e3952a
cmb_0cfa05d84b64e7d7781f8469f870,Phil 79-11-1807,91-0661,"Nov. 5, 2015",2015-11-05,ok,Cross combination.xlsx,Phil 79-11-1807,E5,5,5,0f16f1f64f9c0bc672bcc2fba0c9dd9875c55d8160b73e8c43658989a18c4447
cmb_a92849f2e88ee4cc7b696b40dc16,Phil 8093,99-1793,"Oct. 23, 2013",2013-10-23,ok,Cross combination.xlsx,Phil 8093,B3,3,2,eb02a3377ed929459a76584c9122463aa58646e1fedcd5619dcc9e8b8544a8e7
cmb_5a48fb0a0b141c419df5c22116db,Phil 8093,8477,"Oct. 23, 2013",2013-10-23,ok,Cross combination.xlsx,Phil 8093,C3,3,3,d396874f30d9366e0fdcef2b994fb664a5d66848ba1f682901909de30d701d02
cmb_62f03fdc48bad8daf2dd80fa1bd7,Phil 8093,04-1011,"Oct, 29, 2014",2014-10-29,ok,Cross combination.xlsx,Phil 8093,B4,4,2,dcc4dad134c4fae4e73eb7a4bc2bd9deff5996dc424f3536d7bfec39a69a2f73
cmb_c568b000037d74582c95e9ceca70,Phil 8093,00-2569,"Oct, 29, 2014",2014-10-29,ok,Cross combination.xlsx,Phil 8093,C4,4,3,b7c431cd3c308fd9d0dad903d35c81f28a6efa75e06e2a1ca53fae9f61531938
cmb_98a70eb574367d410080819b3800,Phil 8093,93-2349,"Oct, 29, 2014",2014-10-29,ok,Cross combination.xlsx,Phil 8093,D4,4,4,1d2a4c9d1e6a94ada680fc13adcbb19bc2cf731a0517fc5009e296585c14b4ad
cmb_45b364b47b7c574f6d27288b4a9b,Phil 8093,Q102,"Oct. 23, 2018",2018-10-23,ok,Cross combination.xlsx,Phil 8093,B5,5,2,6b05c8ce5b41bb0127cc8ae06d67883676666c7acc9c2a9cc47922aaff5f44de
cmb_88f7961a03d34e10d4a9022ce899,Phil 8093,98*3061,"Oct. 23, 2018",2018-10-23,ok,Cross combination.xlsx,Phil 8093,C5,5,3,0316ce8ab5e44b0e75217dc23acf681442f3663def69c028a5c9fb8eda23efc5
cmb_7a67fd40f3ab7731771ace298853,Phil 8093,93-2349,"Oct. 23, 2018",2018-10-23,ok,Cross combination.xlsx,Phil 8093,D5,5,4,56795f072879e1771264fd084eff9726a859d9a071c933f106406a07a0684fd6
cmb_f9e338805c2867aff93802935f5a,Phil 8093,99-1793,"Oct. 23, 2018",2018-10-23,ok,Cross combination.xlsx,Phil 8093,E5,5,5,abe5fc9751b847fb36e2f3e0a13d53e5c3599ab73bc24543b984de68f8642cf3
cmb_67f74484259480404bac05c01fd1,Phil 8093,92-0751,"Oct. 23, 2018",2018-10-23,ok,Cross combination.xlsx,Phil 8093,F5,5,6,6a3c5efe778685d6c728c0056b8604b7363b96de4a858183cfb479aa7aaea2ba
cmb_6e5da34595296e78b66e71750082,Phil 8093,04-1011,"Nov. 01, 2019",2019-11-01,ok,Cross combination.xlsx,Phil 8093,B6,6,2,79b9e6bc4fe801f0e89947da22e5b6b17820ff7f262ebae0108e66d3387113a6
cmb_56d0726f5c9caadc6325477ff0c5,Phil 8093,97-3501,"Nov. 01, 2019",2019-11-01,ok,Cross combination.xlsx,Phil 8093,C6,6,3,6a26b149f44cb0710bb37fca561e6ec9aae27e3cd5657bc5fe2adcf8f6378882
cmb_b0a943d1510f51995a274e59c4cf,Phil 8093,91-1217,"Oct. 24, 2020",2020-10-24,ok,Cross combination.xlsx,Phil 8093,B7,7,2,ab21ac64ae5052e0b4446814a9732e2df2d884b4aaae6ea0fd8972157657a6dc
cmb_587d7cf5b35090e7ba316e7ed930,Phil 8093,97-4435,"Oct. 24, 2020",2020-10-24,ok,Cross combination.xlsx,Phil 8093,C7,7,3,1a687bd2fe8e82778a1b55eab7677cec3aec5286e379062bb87218de222a4be2
cmb_bdb2f77e8a3d0e1c3a538f219287,Phil 80-5613,99-1793,"Nov. 05, 2012",2012-11-05,ok,Cross combination.xlsx,Phil 80-5613,B3,3,2,8051be0297559555674917782a3da7d8efa4a5fecc1722fccfe86646547a64b5
cmb_004e5cc318d639cf8be904fd5d7f,Phil 80-5613,94-0913,"Nov. 05, 2012",2012-11-05,ok,Cross combination.xlsx,Phil 80-5613,C3,3,3,96bc6be0588792c177de4d66855c1f05ae1754e23ace831214bea65a2a21cfc5
cmb_fc77bbd8a2a169add2e951f2a7bd,Phil 80-5613,PSR 2000-343,"Oct. 30, 2013",2013-10-30,ok,Cross combination.xlsx,Phil 80-5613,B4,4,2,603cada0ba2d8fe67f0d3856f8dc9661c29c2cbc39beeeefdc546d1bb0f1581c
cmb_32d0208cae026fba2333fee388c5,Phil 80-5613,03-1389,"Oct. 30, 2013",2013-10-30,ok,Cross combination.xlsx,Phil 80-5613,C4,4,3,cfa5362f5099d6563dcfcfd9503fc44bf01510f503a5370349656a30c2cd1568
cmb_3edbdd4a9dbf0fb6cecf10ea647d,Phil 80-5613,00-2569,"Oct. 30, 2013",2013-10-30,ok,Cross combination.xlsx,Phil 80-5613,D4,4,4,6840b0f1037156b339f2af280e692e9c65b2abfb45a0752e7873eb04e6c7f74c
cmb_f9945498d531767424ddfdc46652,Phil 80-5613,06-2299,"Nov. 07, 2014",2014-11-07,ok,Cross combination.xlsx,Phil 80-5613,B5,5,2,53ba6e42f363bba58557fd1a67198e443142bba57ab27a5f9e40cff6cbc99606
cmb_496c1dea5290dc646b85d1d49aec,Phil 80-5613,91-1091,"Nov. 07, 2014",2014-11-07,ok,Cross combination.xlsx,Phil 80-5613,C5,5,3,748042753c73b3658ce2ee93a752da5ade346a073050073dfb98c586e17e74f9
cmb_1bbd03a5ff2585a909fd3015d2b7,Phil 80-5613,04-1011,"Nov. 05, 2016",2016-11-05,ok,Cross combination.xlsx,Phil 80-5613,B6,6,2,3f6ee859efc6128642568a6a31489e775bdcb485a3d53ac3b53e5cfdb8829827
cmb_8aa619e1afb6ad0c33b4039d51c2,Phil 80-5613,97-3161,"Nov. 05, 2016",2016-11-05,ok,Cross combination.xlsx,Phil 80-5613,C6,6,3,977aaf19a81382dddf8782dbdc655384d1478c099556c6696d11f9d8e3f7434b
cmb_df2f0cf0e7a3cf4b253042274af4,Phil 80-5613,90-0049,"Nov. 05, 2016",2016-11-05,ok,Cross combination.xlsx,Phil 80-5613,D6,6,4,656dcdb913b9dbc0cc4b7a9176b5dcabe95777b8f0ffdf8ac03b90ab3007c605
cmb_9952c6836ff1ed00d5c32beb0d1a,Phil 80-5613,97-4151,"Nov. 05, 2016",2016-11-05,ok,Cross combination.xlsx,Phil 80-5613,E6,6,5,aa463d60e654b351a6a2320ba67ddec5cca49d73736342ac6e16ad68fe5ec4c9
cmb_d4f4dd3ee1ffb945f0d790afd13d,Phil 80-5613,VMC 74-527,"Nov. 05, 2017",2017-11-05,ok,Cross combination.xlsx,Phil 80-5613,B7,7,2,bb279a0513ef9e6b35b2881652f1ea42f3b54a7ed83da39aac167b04546683b9
cmb_4ffa7e3d9267c37e36a6526fbffe,Phil 80-5613,92-0751,"Nov. 05, 2017",2017-11-05,ok,Cross combination.xlsx,Phil 80-5613,C7,7,3,64e9a1c079758d99463a87eb48ae0d9cc1cdff71b7f4c4369195dfcd8b94de9a
cmb_5ffac311ba37d795399de142ac43,Phil 80-5613,93-2349,"Nov. 05, 2017",2017-11-05,ok,Cross combination.xlsx,Phil 80-5613,D7,7,4,e4197eb04637d70b503a24220a4fc5ebeac99456821db944f88aa8e275135b53
cmb_c1c94b9ceb8b976484544962040c,Phil 80-5613,97-4435,"Nov. 05, 2017",2017-11-05,ok,Cross combination.xlsx,Phil 80-5613,E7,7,5,4de3753a65a10621f1e49ba2b0f352bc363385eec484a2b4429a6661f5e08845
cmb_3a7d4c2e666ae06041c88c3291b6,Phil 80-5613,99-1793,"Oct. 31, 2018",2018-10-31,ok,Cross combination.xlsx,Phil 80-5613,B8,8,2,f476a989d0d09105b90a51de9fccb80d96d2e167698691702c7af1355c42bf94
cmb_b25e81c49020b93c14c01bacb996,Phil 80-5613,95-1029,"Oct. 31, 2018",2018-10-31,ok,Cross combination.xlsx,Phil 80-5613,C8,8,3,fa4c99655f639cbf99bb196e31fe231fcb90d10e58e6340a290997a70df5015a
cmb_656b09d17eaa4a3a83c3cde01e44,Phil 80-5613,VMC 74-527,"Oct. 30, 2019",2019-10-30,ok,Cross combination.xlsx,Phil 80-5613,B9,9,2,550f49cbbd459b2659b44fc88cd0634bb75051ffd55e74bd758bb5e9e96b075b
cmb_3378edbe67a30a799c3817f3bcff,Phil 80-5613,92-0751,"Oct. 30, 2019",2019-10-30,ok,Cross combination.xlsx,Phil 80-5613,C9,9,3,44a571023dc6a38801702c91e42d6bd7b7d0b4d5016505f00b12fbcef2361a78
cmb_b32ff1c940a93007c2f2ae06b461,Phil 80-5613,98-3061,"Oct. 30, 2019",2019-10-30,ok,Cross combination.xlsx,Phil 80-5613,D9,9,4,4ee449e2ebdadee11c19812ebbb5450758d28a0c7e221e20b58fa7da0b00a498
cmb_8bf331f52f1a5afdead333ddbb77,Phil 80-5613,8717,"Nov. 10, 2020",2020-11-10,ok,Cross combination.xlsx,Phil 80-5613,B10,10,2,c192ea04c3506280581821f9d68e0d0654e5c3e5ac4309fec95650179b409435
cmb_9a2fcec2ca39227e4f7d2454ea7d,Phil 80-5613,93-2349,"Nov. 10, 2020",2020-11-10,ok,Cross combination.xlsx,Phil 80-5613,C10,10,3,929e35a88a566cd91073c9e77ea73f67d3d5d26adff9cbe7b9ba9aa0b6587e57
cmb_451c1d94915e708f65e9add304e9,Phil 80-5613,04-1011,"Nov. 10, 2020",2020-11-10,ok,Cross combination.xlsx,Phil 80-5613,D10,10,4,6edb70eafad465506467188f5f3133043be3d7f6b06bed08b215cd5ed215baac
cmb_3e080a1047ed18e82e8687d08791,Phil 80-5613,91-1091,"Nov. 10, 2020",2020-11-10,ok,Cross combination.xlsx,Phil 80-5613,E10,10,5,f426f66a1c2d4535388bdf22bc4a48111cad3188ee122890bb830547e7c49c81
cmb_08c25ddbd0fda5914c0bb083edd7,Phil 80-5613,8723,"Nov. 10, 2020",2020-11-10,ok,Cross combination.xlsx,Phil 80-5613,F10,10,6,78ad197714f2e2ed26bc1d2346fbcd53a1e5960a2f1ccfb8be1fca4db91a70af
cmb_0ae181b882f0947c6d746d65c955,Phil 80-5613,06-1899,"Nov. 07, 2022",2022-11-07,ok,Cross combination.xlsx,Phil 80-5613,B11,11,2,41bb3bd8ccc0fd356b7aef2eae6cb73f0ddf7b33661a7a58467c5f9ff2c4c4b7
cmb_2dff31529200c551b21ec39620df,Phil 80-5613,09-0919,"Nov. 07, 2022",2022-11-07,ok,Cross combination.xlsx,Phil 80-5613,C11,11,3,2800ccb2cb9f4d194157bbe7c1bf29cf9b3e9be9951d9f6d9721d69b3171ebe9
cmb_225350594806fdf4c38cefe31ee6,Phil 80-5613,99-1793,"Nov. 07, 2022",2022-11-07,ok,Cross combination.xlsx,Phil 80-5613,D11,11,4,a2029388b5ac574923053a4b4d9b38b43769ad5cebc64c9d7d19f83acaa98167
cmb_4b243ee3842ab76a781e9debc00c,Phil 80-5619,6607,"Oct. 31, 2013",2013-10-31,ok,Cross combination.xlsx,Phil 80-5619,B3,3,2,3b7733422e503f9f03e548330a28bcdc5497fd541ac84716816eac14edbd1669
cmb_f9dbe61626fd2c51ac32f10838f4,Phil 80-5619,PSR 00-343,"Oct. 31, 2013",2013-10-31,ok,Cross combination.xlsx,Phil 80-5619,C3,3,3,fbf4dd3bb21961832f8f213f1f84054ce8a32dac06b9158490b853598d87b968
cmb_30557331a24d22e6c71bef50fdbd,Phil 80-5619,7115,"Oct. 31, 2013",2013-10-31,ok,Cross combination.xlsx,Phil 80-5619,D3,3,4,01ec4ec51417a2d06e04c3c747cfe5c02ce516fb9e6990c9f74249ddd82fcd28
cmb_4af129512ab9a9a778c2ce396b7d,Phil 80-5619,04-1011,"Oct. 31, 2013",2013-10-31,ok,Cross combination.xlsx,Phil 80-5619,E3,3,5,4a79cb233c3f1c342d60e5e8b4fcea4ff7117d00b72a68f0d12b0e2bed558b1e
cmb_b0ffaca3592fd0d08322a97bb4b8,Phil 80-5619,06-2191,"Oct. 31, 2013",2013-10-31,ok,Cross combination.xlsx,Phil 80-5619,F3,3,6,66839669b1fa54e5fbfcc9835d9458457fad66f65d3a7bc0f3f7c32c21eb482a
cmb_6d2b11283c841046ec2c7ec62c15,Phil 80-5619,00-2569,"Oct. 31, 2013",2013-10-31,ok,Cross combination.xlsx,Phil 80-5619,G3,3,7,a56870015c3e385bf6544a8b9479bef85eb58b5c422cf410a746977df55e42ec
cmb_ecc096f342cccacad8c302f34b36,Phil 80-5619,8715,"Oct. 31, 2013",2013-10-31,ok,Cross combination.xlsx,Phil 80-5619,H3,3,8,176e20d1fc35cd3de4ae687421e86bbdeb25c06de6d25868f0f189db9d6efa1b
cmb_eb07b6b692420b7559920939d163,Phil 80-5619,87-0409,"Nov. 15, 2014",2014-11-15,ok,Cross combination.xlsx,Phil 80-5619,B4,4,2,15adb091116acc35df8c164869cd18390336479020349c581c4ed34c5dbe1959
cmb_dc2e16a4c45eeb7698c9ebb878d7,Phil 80-5619,93-2349,"Nov. 07, 2015",2015-11-07,ok,Cross combination.xlsx,Phil 80-5619,B5,5,2,6e49772e96f596f1d64595b5ff88974f172c5112d2c14ebaff37dd7d8ef696b0
cmb_7359c1640bfa825ecfd1cd872186,Phil 80-5619,92-0751,"Nov. 07, 2015",2015-11-07,ok,Cross combination.xlsx,Phil 80-5619,C5,5,3,791bbd242501b77bdaff57b6b621782bc3d320bd487b2829a514beabb6c3a7a2
cmb_c81482c908c9ae8a9f016b5f709b,Phil 80-5619,93-2593,"Nov. 07, 2015",2015-11-07,ok,Cross combination.xlsx,Phil 80-5619,D5,5,4,bef9dc10530596d7f46dafeee85d75ce8e585969fb1f3185c4ca23aa833c0670
cmb_3a5ef72c97ba23f71d75f16239f1,Phil 80-5619,93-3301,"Nov. 07, 2015",2015-11-07,ok,Cross combination.xlsx,Phil 80-5619,E5,5,5,03ac98e3a915342ce8194e2fd92544e494cc80fd3a60a1e7178b2c695c896019
cmb_35154b96f5337a89a330dad97531,Phil 80-5619,97-3161,"Nov. 05, 2016",2016-11-05,ok,Cross combination.xlsx,Phil 80-5619,B6,6,2,48d2eb44ca099f2f80f1b38a2cf8b2990a3f0f7182eb8d11d21fca52404a537f
cmb_0c7806b161b345d96ee84c587708,Phil 80-5619,04-1011,"Nov. 05, 2016",2016-11-05,ok,Cross combination.xlsx,Phil 80-5619,C6,6,3,9044ea3eb861db9a0384b5ffd5a26e757a236268cc06e4ffdadc0bf302fb8511
cmb_812f747f18f189a655ba46913921,Phil 80-5619,06-2289,"Nov. 05, 2016",2016-11-05,ok,Cross combination.xlsx,Phil 80-5619,D6,6,4,148d7d774ec827bb4aa0c2288df4bd9e9528e7be4580a26ed81ebdc7a46f87f6
cmb_512e396465148b5cdd3c013d19e2,Phil 80-5619,00-2569,"Oct. 31, 2017",2017-10-31,ok,Cross combination.xlsx,Phil 80-5619,B7,7,2,f9e73c632898a451c63d2c407bf4707d845298c91e234d9ed5aea1bbb8d970e5
cmb_8eb6cabfe02a92dca0948cdc1bce,Phil 80-5619,99-1793,"Oct. 31, 2017",2017-10-31,ok,Cross combination.xlsx,Phil 80-5619,C7,7,3,7d0278b76aa4c194cdfbc8fae046d4554e8ad9ab7dbac5f6242b5025e184faca
cmb_9736cbccc8e36b20d51c121e8b25,Phil 80-5619,09-0097,"Oct. 31, 2017",2017-10-31,ok,Cross combination.xlsx,Phil 80-5619,D7,7,4,afbf4d4f7cc8244a343a2584cbfa2c0a11c86523408a595c3f1b928d19055335
cmb_b6242c820375977d027ba81781db,Phil 80-5619,97-0693,"Oct. 31, 2017",2017-10-31,ok,Cross combination.xlsx,Phil 80-5619,E7,7,5,cf9b0eec8f6f4b424c1dfaafd5ecdb1ec78a1d3097cb428f010e18562b05bb45
cmb_62ca980f6af0795aa9c655e115d4,Phil 80-5619,91-1091,"Oct. 31, 2017",2017-10-31,ok,Cross combination.xlsx,Phil 80-5619,F7,7,6,8dc5bdd072b729ef76fab77d62709a10bd5714e73da7cfc6cf670af5d1195e5a
cmb_8bbe172c4179f91723e61c1281c4,Phil 80-5619,90-0085,"Oct. 31, 2017",2017-10-31,ok,Cross combination.xlsx,Phil 80-5619,G7,7,7,d6927f9733389dec3ced793f898cdca83538ac79a896d1dfb56abe4681dc0fca
cmb_eaab547d49cc436272b072ab00fd,Phil 80-5619,98-0255,"Oct. 31, 2017",2017-10-31,ok,Cross combination.xlsx,Phil 80-5619,H7,7,8,a6c2b63dd166e851ab05d7b3a658f9c0fa4be171716bcda20dd6f9c8e257b267
cmb_66fa26ca61bddeba75c6f3669876,Phil 80-5619,VMC 74-527,"Nov. 03, 2018",2018-11-03,ok,Cross combination.xlsx,Phil 80-5619,B8,8,2,915d6711f3b201e073f1048449ad0d6aec9bab1da55582cc623be52d8bf6cc43
cmb_e552ff8765eb2727bfeaf42af577,Phil 80-5619,92-0051,"Nov. 03, 2018",2018-11-03,ok,Cross combination.xlsx,Phil 80-5619,C8,8,3,46b157c5a29ad9cdecb5d5ad5e8c068dd490f10e4a224a14d4cbca5bc4d720f2
cmb_f047c8b73ce333a54093b2606750,Phil 80-5619,7115,"Oct. 27, 2019",2019-10-27,ok,Cross combination.xlsx,Phil 80-5619,B9,9,2,6e03c6be968f80354330eb31566342f569b6816d72594023f835ba7fd7cc7815
cmb_bb202fd298f09951ebd86a027d4e,Phil 80-5619,97-0693,"Oct. 27, 2019",2019-10-27,ok,Cross combination.xlsx,Phil 80-5619,C9,9,3,fb380589c0d7e0622e4c2ba5d92a0eab6d5d904e22ccd3d9e2d9acb67bda1450
cmb_691593cea1bf2b62614005608271,Phil 80-5619,99-1793,"Nov. 08, 2020",2020-11-08,ok,Cross combination.xlsx,Phil 80-5619,B10,10,2,01e1e255b5021474852774eb1b8f526e7bdff3f7211e98fd247b01142a86328c
cmb_bd5ef7d499e7f9a3d6d3e8a97a86,Phil 80-5619,93-2349,"Nov. 08, 2020",2020-11-08,ok,Cross combination.xlsx,Phil 80-5619,C10,10,3,3b43d0af9def4da02c1706038a21ba4400d92f50c7169bb513ba215b093b8fcb
cmb_78fd2966567cdb27046231459fe6,Phil 80-5619,04-1011,"Nov. 08, 2020",2020-11-08,ok,Cross combination.xlsx,Phil 80-5619,D10,10,4,c74f4ee3016c3f9e19901b043ff950c72066ca78bc64a1efd3b681fc694b2a5c
cmb_808c59ac9aa44536cf7b7c31768f,Phil 80-5619,09-1969,"Nov. 07, 2021",2021-11-07,ok,Cross combination.xlsx,Phil 80-5619,B11,11,2,72c254fbdf5593536e111db4fc1d278a94ba277c46774c21a35279b6edad06d6
cmb_bb7e5a0049a40a172adb76bf556c,Phil 80-5619,06-1899,"Oct. 25, 2022",2022-10-25,ok,Cross combination.xlsx,Phil 80-5619,B12,12,2,fce51822b7bcbc82e451d9cf895952e9c7b86fa31c9d196f7e681872a94b3fc9
cmb_b6f8e3190a9c6df8faf2b4f3a198,Phil 80-5619,00-2569,"Oct. 25, 2022",2022-10-25,ok,Cross combination.xlsx,Phil 80-5619,C12,12,3,568ae1bcde78b7e1e3068d2d69c902fa20995c687d24bf8269ed397039457efb
cmb_24924fc88742f36a6e3b8354cc86,Phil 80-5619,10-0149,"Oct. 25, 2022",2022-10-25,ok,Cross combination.xlsx,Phil 80-5619,D12,12,4,0318bf007b4a4f4f611237a701008719ff9cdc47398cfeb72937bfda9ad0abd9
cmb_ac0cfcdf111f63491d1b1df1d7e1,Phil 80-5619,09-0919,"Oct. 25, 2022",2022-10-25,ok,Cross combination.xlsx,Phil 80-5619,E12,12,5,c3001e06260ed5d3b2ecdcdcde39da9e446fbee667fe46886d6c60942b575f7f
cmb_c1de6b86fdd1540ec26a02636e83,80-8-0635,04-1011,"Nov. 02, 2012",2012-11-02,ok,Cross combination.xlsx,80-8-0635,B3,3,2,be37e2e2cff75415a5a64c976e28af2409ffc465e31dc532e4157a23c78c2e3d
cmb_6b8d065400073ae29cff19ba7072,80-8-0635,97-3933,"Nov. 02, 2012",2012-11-02,ok,Cross combination.xlsx,80-8-0635,C3,3,3,4e2abcb4da193db4d6759fa20ec943c547bd2eaf42488954b888655298b151f1
cmb_1ffe2f21de643aa26b97c3e38a0b,80-8-0635,92-0577,"Nov. 02, 2012",2012-11-02,ok,Cross combination.xlsx,80-8-0635,D3,3,4,e6b3f368bb971e3dd92c184b2934b28bb0f1d2d736b04c3b03b9fd29e21a287a
cmb_4dd6412c50d9a0647d7c85dd39b6,80-8-0635,99-1793,"Nov. 02, 2012",2012-11-02,ok,Cross combination.xlsx,80-8-0635,E3,3,5,961fafdb89d621e8211e40c84ac151f314bc3decde2e36d9944f36f8180a05da
cmb_202ede9a0c1bf53dd6e2a8ac3f14,80-8-0635,VMC 74-527,"Nov. 01, 2013",2013-11-01,ok,Cross combination.xlsx,80-8-0635,B4,4,2,fc769167231572c76fa0aba6c70cb6bd0490753f6b92676ad85e200ef6749c61
cmb_059dd6ccd52a0fed2de7358ffb8b,80-8-0635,6607,"Nov. 01, 2013",2013-11-01,ok,Cross combination.xlsx,80-8-0635,C4,4,3,fe8b84b89b57e65b02e1da08bab0c4fd0fb94dbd9f6ce6c6965aa5bf4e259f2b
cmb_ff30d9491084baef428987d30e3d,80-8-0635,93-2349,"Nov. 01, 2013",2013-11-01,ok,Cross combination.xlsx,80-8-0635,D4,4,4,979b271959849299f22e3a61701b87343bd687adc7387100264835603dd5936e
cmb_518f76dd7725661c753636c30398,80-8-0635,03-1389,"Nov. 01, 2013",2013-11-01,ok,Cross combination.xlsx,80-8-0635,E4,4,5,14275e487f2e218ffb975d9d4f26405cbb251ec204dc46f0f7cc1d91919e9400
cmb_59554d3362ffef0173f4ab955596,80-8-0635,VMC 90-239,"Nov. 03, 2014",2014-11-03,ok,Cross combination.xlsx,80-8-0635,B5,5,2,15a2a78ce8b2f163575565e521ab84a2dab50630e94842ae142bd2ceaf54626a
cmb_737a8cb9c1b19c5f147abe59cfe0,80-8-0635,98-2137,"Nov. 03, 2014",2014-11-03,ok,Cross combination.xlsx,80-8-0635,C5,5,3,23357e9de92630a7169724bf127a6b1575c861ca886ed1c3d4dc12a10c2eff73
cmb_c03e2a90458fda223d480af2fb7c,80-8-0635,00-1537,"Nov. 03, 2014",2014-11-03,ok,Cross combination.xlsx,80-8-0635,D5,5,4,be36cec8596a113c36810ee56f76358366c16d76f23c885d83e6a4953c78c33c
cmb_dd5a5d36a85de8b480a8461d71ce,80-8-0635,06-2299,"Nov. 03, 2014",2014-11-03,ok,Cross combination.xlsx,80-8-0635,E5,5,5,b78dc64e20e2100efc59d7209c9e0a8a29b0556cc45908ae0b3a73ae0581a824
cmb_25746bf30733e029e8facfe7edb5,80-8-0635,80-5613,"Nov. 11, 2015",2015-11-11,ok,Cross combination.xlsx,80-8-0635,B6,6,2,1679ee2069e9a24268e7ecffb035e2cc55150f4554e20ce79323bb7000407116
cmb_5671f828d3b14244f2aa6e2c44a5,80-8-0635,8723,"Nov. 11, 2015",2015-11-11,ok,Cross combination.xlsx,80-8-0635,C6,6,3,3bcbd4adee4dd527bb120a326cbc5aa8b6ef9b164820557aaa9278bb751fe686
cmb_877774e2335a21c257b3d4e42ebf,80-8-0635,8717,"Nov. 11, 2015",2015-11-11,ok,Cross combination.xlsx,80-8-0635,D6,6,4,7184de4540a6577c812f84666b4c7f7c16b1dd412d0e1a067048a186c6d2c0d9
cmb_5bc87beb87d6972726a69fb1a39b,80-8-0635,88-1413,"Nov. 11, 2015",2015-11-11,ok,Cross combination.xlsx,80-8-0635,E6,6,5,5363ce5ea4bc95a865b7d50363d69d94e3f228fcd4cba4935711f0713b1c4d65
cmb_9477b6e6b92efcab2f78628ec4fe,80-8-0635,05-0645,"Nov. 11, 2016",2016-11-11,ok,Cross combination.xlsx,80-8-0635,B7,7,2,460d98e3449e5eeb115dbe70d5a3361efa7a384f5b9d9089f892d6ed9161d105
cmb_568317c0a61ae3cfb6a937b05a71,80-8-0635,90-0049,"Nov. 11, 2016",2016-11-11,ok,Cross combination.xlsx,80-8-0635,C7,7,3,0562b29d10339e4dc209e537cc1d315343c515e49cdbe22bc20015ddd71d320e
cmb_6dc2829e1eefde90f38eece7ee72,80-8-0635,04-1011,"Nov. 11, 2016",2016-11-11,ok,Cross combination.xlsx,80-8-0635,D7,7,4,7f3fca75a4ec70d445d1eb72e2225c7c5f25b468ae8944d5b32f8ca93e752328
cmb_721ee2dd803e618769f2776c8fc1,80-8-0635,06-1899,"Nov. 11, 2016",2016-11-11,ok,Cross combination.xlsx,80-8-0635,E7,7,5,0e0ef053d90941e0fab8e4d74a3453432b4298700cbbc6f238fe58c3e641c6d1
cmb_9b23776e7da18c063ce2e8b17a34,80-8-0635,8715,"Nov. 14, 2017",2017-11-14,ok,Cross combination.xlsx,80-8-0635,B8,8,2,49335cac661fff0807ad56627df08a6c10f85ab28d92f502309cf4f93b47bdf6
cmb_731363ca49537965fd96646b9aa4,80-8-0635,99-1793,"Nov. 14, 2017",2017-11-14,ok,Cross combination.xlsx,80-8-0635,C8,8,3,cb5e26d02eb313dc213bae3c8c42308d16d87e0ce6a0c930e0584c74482f4722
cmb_09d50992ac5002078f0111d64005,80-8-0635,04-1011,"Nov. 14, 2017",2017-11-14,ok,Cross combination.xlsx,80-8-0635,D8,8,4,ae435531a22f1ccb3b19048200df808160b6a988c4c1fed606af59156b544cfd
cmb_ade90cf664b032fa5892da708281,80-8-0635,00-2569,"Nov. 14, 2017",2017-11-14,ok,Cross combination.xlsx,80-8-0635,E8,8,5,f7d7c885e7d34ac793f2a851a0a3f5157a08ee06d945f74b056e4709bf602db8
cmb_f625c7f297900df8d88bf8975bcd,80-8-0635,92-0535,Oct. 2020,2020-10-13,ok,Cross combination.xlsx,80-8-0635,B9,9,2,12d8f8740f1627d8157fb25fbe419b09c63380aba4fe0dd39af547f267bb6a63
cmb_1f46fc611039be095dbb2770cea5,80-8-0635,93-2349,Oct. 2020,2020-10-13,ok,Cross combination.xlsx,80-8-0635,C9,9,3,3702dcb931b87b914aa803e09606f5fb28b4fbc0a3f9b4bedba947ead363d0c2
cmb_7d17b30e5a2dd40f28525993bbd4,80-8-0635,06-1899,"Nov. 07, 2022",2022-11-07,ok,Cross combination.xlsx,80-8-0635,B10,10,2,1d62cbaf4d8b92f8ec544caf9bb04386fcbfb54fb71a38037dd1b04844e668fa
cmb_d59e7b8bd6a6053a3b8a849a3660,80-8-0635,10-0149,"Nov. 07, 2022",2022-11-07,ok,Cross combination.xlsx,80-8-0635,C10,10,3,bed62e809f6007f94b5cd17af9bc202a6a7946f0dc16df5c7145a57d3c1c4a06
cmb_5a5489d8f9589e992835eee34021,Phil 81-341-3415,8829,"Nov. 04, 2012",2012-11-04,ok,Cross combination.xlsx,Phil 81-341-3415,B3,3,2,ed8b2082e83c830b54608bce34d45bf4f67b63cc610ae97ec35744e3279f7ff8
cmb_9f24275ecb5eb03655a96e5fc343,Phil 81-341-3415,83-4097,"Nov. 5, 2013",2013-11-05,ok,Cross combination.xlsx,Phil 81-341-3415,B4,4,2,8ba5d476ca714c6a971cd943f3021323096ee429da5a1f1d0ea9bc6bb4877478
cmb_5fe2ad098c1eee5f46a26b3b1f39,Phil 81-341-3415,99-1793,"Nov. 5, 2013",2013-11-05,ok,Cross combination.xlsx,Phil 81-341-3415,C4,4,3,bc3124e5d0956b000dfe316eb8fd0a602bb6145168dcfdcc9463370f27896c9e
cmb_2df6803dc2be708a99b0b36db2eb,Phil 81-341-3415,04-1011,"Nov. 08, 2014",2014-11-08,ok,Cross combination.xlsx,Phil 81-341-3415,B5,5,2,dd48f540c7ed66231a3f50e1793b306603572b525bf5b555595577cc77b19396
cmb_72b28d9b3108ec20ec4f09f6be7b,Phil 81-341-3415,80-5619,"Nov. 12, 2015",2015-11-12,ok,Cross combination.xlsx,Phil 81-341-3415,B6,6,2,527bdcea9ef6db549979105ad758e600df7288aa5e5da4bf900ea5ad246d30b0
cmb_cb43068359cf26d1cc8e32f84b36,Phil 81-341-3415,93-2349,"Nov. 12, 2015",2015-11-12,ok,Cross combination.xlsx,Phil 81-341-3415,C6,6,3,efcc5ef739df8e253d163eaf2924fabef2e516e8e33d6b0a589182d0ea56dfbf
cmb_f1dfee2bbc9753aece3be9e5fae2,Phil 81-341-3415,93-3443,"Nov. 12, 2015",2015-11-12,ok,Cross combination.xlsx,Phil 81-341-3415,D6,6,4,5a0551d193b8a6fab5577a1e466f10d4a58d1fb617f20dac86d8cb4ec8740045
cmb_1b970db6bfc6dcedb8645c028562,Phil 81-341-3415,VMC 84-947,"Nov. 12, 2016",2016-11-12,ok,Cross combination.xlsx,Phil 81-341-3415,B7,7,2,06d75556f7d56ca5efd4441230a201c29e50e38c1f82c6aadf3abe6c05139d72
cmb_9011262c049888ee505b7c8b0fbd,Phil 81-341-3415,88-1413,"Nov. 12, 2016",2016-11-12,ok,Cross combination.xlsx,Phil 81-341-3415,C7,7,3,a61946b7bc6bbf9ea387462f46f2e4add7ed0f16228dbd60b937db2e6726a022
cmb_28bdc3e27239d51284f42db040b6,Phil 81-341-3415,91-0037,"Nov. 12, 2016",2016-11-12,ok,Cross combination.xlsx,Phil 81-341-3415,D7,7,4,571f758cb217d6f2d814fad781210a34da3b05c6ad8b5047d428bf7997d052d4
cmb_ce1a2f9678e9991bc653d6b39b51,Phil 81-341-3415,06-1899,"Nov. 12, 2016",2016-11-12,ok,Cross combination.xlsx,Phil 81-341-3415,E7,7,5,048bc42cc7ab6c24a7fcdc1f6b98d0ab1bd9218b2049fd748c7b64aa2da3bc92
cmb_4b98cf833fdcae3a04df4d82e9a1,Phil 81-341-3415,05-1197,"Nov. 12, 2016",2016-11-12,ok,Cross combination.xlsx,Phil 81-341-3415,F7,7,6,c4ddc01d531e45b7b7d62972b113e31f301045048351d66a380a916f414fce37
cmb_0aed0ac959a879464f48c7e17490,Phil 81-341-3415,VMC 74-527,"Nov. 12, 2016",2016-11-12,ok,Cross combination.xlsx,Phil 81-341-3415,G7,7,7,5c65927e091d3a84106034f40885d9ce637b68b49d63e788bf702e7fd530df38
cmb_0ce5abda15871845a7cecec5bdd1,Phil 81-341-3415,86-1119,"Nov. 09, 2017",2017-11-09,ok,Cross combination.xlsx,Phil 81-341-3415,B8,8,2,95081084214fc5a1dc293149be39969eb09626c8057099d29cae855c98686a35
cmb_1b7ed819f84350a408259658a603,Phil 81-341-3415,97-4549,"Nov. 09, 2017",2017-11-09,ok,Cross combination.xlsx,Phil 81-341-3415,C8,8,3,fda5de30f702e230d3c368640b365d64005ab929c2892e52b9b310e3a99bc92b
cmb_00ae4858883bc15373dc7ed5e5b2,Phil 81-341-3415,99-1793,"Nov. 09, 2017",2017-11-09,ok,Cross combination.xlsx,Phil 81-341-3415,D8,8,4,376c32eb188ba15b5af7da5da672f61f4b3774af111ee264ce0d813ec6332a50
cmb_cc44b804afd483d14f29dc2903b3,Phil 81-341-3415,94-0913,"Nov. 09, 2017",2017-11-09,ok,Cross combination.xlsx,Phil 81-341-3415,E8,8,5,eb517905afe424cef484bfbdea556c4932280476aa96cddfaffd18ffe585da8f
cmb_5281077c12b24d99a5073a28f382,Phil 81-341-3415,04-1011,"Nov. 09, 2017",2017-11-09,ok,Cross combination.xlsx,Phil 81-341-3415,F8,8,6,8555836a5c1056158f230f079562b722a247081ea6bd974c5cbdc7292cbba43f
cmb_c7e511b35195c2c5b39b9f1d52cd,Phil 81-341-3415,80-5613,Nov. 2019,2019-11-13,ok,Cross combination.xlsx,Phil 81-341-3415,B9,9,2,ca9eaad46bbd70ca63d1b267b72c08e1175e3a18a518a7df98dc645470590cce
cmb_1322063f61e5dec18a1c776aea69,Phil 81-341-3415,99-1793,Nov. 2019,2019-11-13,ok,Cross combination.xlsx,Phil 81-341-3415,C9,9,3,deb440b1ece5172fb6d15b3c94fa6541f32101504996a408d15026cad8132db4
cmb_3e00377e6a95c165cbfa49e87c6f,Phil 81-341-3415,06-1899,Nov. 2019,2019-11-13,ok,Cross combination.xlsx,Phil 81-341-3415,D9,9,4,918b3d90530848987f161829990bd253405f18b833a088a4558b9cee80619b01
cmb_18078c914e4c658a6351c95540d6,Phil 81-341-3415,80-5619,"Nov. 10, 2020",2020-11-10,ok,Cross combination.xlsx,Phil 81-341-3415,B10,10,2,81ef44e8fd63d682cd251a8b51025753dad03b83e8845d6a7e8e301876486edf
cmb_afedde76d2f721c3c7711e6e7633,Phil 81-341-3415,93-2349,"Nov. 10, 2020",2020-11-10,ok,Cross combination.xlsx,Phil 81-341-3415,C10,10,3,a852744d2098fd60313931f5a271b12b261515cce1538758c25143b76a8446f9
cmb_bcc6a01bd36368022711d4ab6abc,Phil 81-341-3415,04-1011,"Nov. 12, 2021",2021-11-12,ok,Cross combination.xlsx,Phil 81-341-3415,B11,11,2,2bf1d070ce37faa92793c0a4c8cca30cbbd36025bf400d3dcd7f774c500771a1
cmb_9b6ae34328dcd7abb1300c2e6a22,Phil 81-341-3415,10-0149,"Oct. 17, 2022",2022-10-17,ok,Cross combination.xlsx,Phil 81-341-3415,B12,12,2,38acc19dba0fdf173f8411053e7ab2415e75ea584d5acd0030f159d2b0c4aa67
cmb_af40c9403d8f72820b4751175873,Phil 81-341-3415,14-0013,"Oct. 17, 2022",2022-10-17,ok,Cross combination.xlsx,Phil 81-341-3415,C12,12,3,f29f08e88f3ec224956b39e775d0919b311e5473d93e3f8b64a09362e2c6168d
cmb_55017f203d5b009d730f947f2025,Phil 81-341-3415,2009-1969,"Oct. 17, 2022",2022-10-17,ok,Cross combination.xlsx,Phil 81-341-3415,D12,12,4,e0ed77684c11c677999994a42a34a8d313e04a2b13e3e42f9b8b045d8bdfe191
cmb_ab6ef70e9e28d53a78647b4838e4,Phil 349-4727,PSR 99-85,"Nov. 08, 2012",2012-11-08,ok,Cross combination.xlsx,Phil 349-4727,B3,3,2,d32c37f24584583d450964bf921a2cfc941a3d9eccf867a3d6914cefeba6393a
cmb_97e8735e0feb8bca2d932a3e3184,Phil 349-4727,99-1189,"Nov. 05, 2013",2013-11-05,ok,Cross combination.xlsx,Phil 349-4727,B4,4,2,429d4a1d7a71726fb58d664f9127166feedd800026c64addf81da7b4df3f99b0
cmb_b1a30a4de295f178d6ac84aad816,Phil 349-4727,93-1601,"Nov. 11, 2014",2014-11-11,ok,Cross combination.xlsx,Phil 349-4727,B5,5,2,e8ed70665094014ed83d8b027bb5bab66cdfbf706aeb87c6f67ec688cc386223
cmb_ed64444d10cf4c91e01f94c94517,Phil 349-4727,8715,"Nov. 13, 2015",2015-11-13,ok,Cross combination.xlsx,Phil 349-4727,B6,6,2,c91fd7a1fa46fdddcee951cb839e8b25d117b8c4287cf684d7e9519d5d4b5e61
cmb_3f58f81ea9083c7da04fc2cfc102,Phil 349-4727,05-1197,"Nov. 13, 2015",2015-11-13,ok,Cross combination.xlsx,Phil 349-4727,C6,6,3,1f6caff0759d94986e9f54be082387b4e8618df8c89f6b1233c9eca9966107ef
cmb_11681d914bf3f1e094ebd0fdda00,Phil 349-4727,91-0237,"Nov. 13, 2015",2015-11-13,ok,Cross combination.xlsx,Phil 349-4727,D6,6,4,ea338106405bf23e0e0507877dc37e4299e8b6cbb1103389cfa9bcf8e8266e24
cmb_e652cc33b7df5909f4fbe6732322,Phil 349-4727,7747,"Oct. 27, 2017",2017-10-27,ok,Cross combination.xlsx,Phil 349-4727,B7,7,2,13c1cdd7479c7aca1abe7d141954b5bd96472a1fc06f20d652f287e307e41474
cmb_51c218152eaa117422d815d6d599,Phil 349-4727,99-1793,"Oct. 27, 2017",2017-10-27,ok,Cross combination.xlsx,Phil 349-4727,C7,7,3,81c1926695f7f4969b5cd323a199046f782e2e602b34c223aae4fe576f3bd1be
cmb_be8afc55981f8bf337416a9917c6,Phil 349-4727,00-2569,"Nov. 06, 2018",2018-11-06,ok,Cross combination.xlsx,Phil 349-4727,B8,8,2,dc3f304d098cdb75672f9d87d8b9c7623cbe978cd13ceeec43b9378541fa9b6a
cmb_820a04ddbda2ab78565ba88f9435,Phil 83-129-3401,97-3933,"Nov. 11, 2012",2012-11-11,ok,Cross combination.xlsx,Phil 83-129-3401,B3,3,2,eda99a63e5d08db55302903f121c9a99192d898e970f7005596da36a5d61229d
cmb_02de1b38201252a760110006f9f4,Phil 83-129-3401,04-1011,"Nov. 06, 2013",2013-11-06,ok,Cross combination.xlsx,Phil 83-129-3401,B4,4,2,eac47f69fb533e0c675625de81a233ae4b6e6ad62d0a5f33ca142ab8fe879fa3
cmb_4bce0de1e836673077a1b3b527ab,Phil 83-129-3401,91-1091,"Nov. 06, 2013",2013-11-06,ok,Cross combination.xlsx,Phil 83-129-3401,C4,4,3,a2cffa4fb64989ebebe95023b46d8618ffd317b8182d1c46e7a49fedbdb3d427
cmb_5c54b532264a0019418fa70eff0a,Phil 83-129-3401,99-1793,"Nov. 06, 2013",2013-11-06,ok,Cross combination.xlsx,Phil 83-129-3401,D4,4,4,fdd5925092a000f36c8b3c5e5cccb8169cb5f4bd72427869d527415ffe5ed8aa
cmb_a945e9ec34cfda55e7d67427e805,Phil 83-129-3401,00-2569,"Nov. 06, 2013",2013-11-06,ok,Cross combination.xlsx,Phil 83-129-3401,E4,4,5,273562955fa9d5d78ae23b0c759d2b5b80b8e8f37379f0d0eea298cf257f225e
cmb_09052f979acbb04cb8afac5d6161,Phil 83-129-3401,05-1197,"Nov. 10, 2014",2014-11-10,ok,Cross combination.xlsx,Phil 83-129-3401,B5,5,2,d5cdfef6c064bd2a546cf779318cfeb29ac0c740535300b1c7057c2ae75a9598
cmb_f8e3fc253b26a123061e91281a8f,Phil 83-129-3401,99-2641,"Nov. 10, 2014",2014-11-10,ok,Cross combination.xlsx,Phil 83-129-3401,C5,5,3,54d30d49c56d3f9e9d6952929f5959182cb907d1ecec3468a3b18293c7688cad
cmb_d730777b43cce7c900ce90cafbdb,Phil 83-129-3401,93-1601,"Nov. 10, 2014",2014-11-10,ok,Cross combination.xlsx,Phil 83-129-3401,D5,5,4,4249b3b451a20158ef8b03162bdddf0f3090db068de3a44a2142ef51f522d3c0
cmb_41fc234cb48b8bfdb10eb9763cbd,Phil 83-129-3401,81-4727,"Nov. 24, 2015",2015-11-24,ok,Cross combination.xlsx,Phil 83-129-3401,B6,6,2,aea2b3bab100036c3bf99e8505b44146f6292d4ab6c4e2288d9e8788873f1c54
cmb_cac0738608104f19d8325a6b6c4f,Phil 83-333-4097,04-1011,"Nov 16, 2015",2015-11-16,ok,Cross combination.xlsx,Phil 83-333-4097,B3,3,2,b57d287c0494d50eb05681daf2e47b9fcd03f1f6926f4fe4f0139ffa1510c106
cmb_47993aeb6cd3617ccc650f8159f5,Phil 84-438-5799,97-2339,"Oct. 22, 2012",2012-10-22,ok,Cross combination.xlsx,Phil 84-438-5799,B3,3,2,577f18d09552263f22747ec489bb7af3d4692db0066fcdfc0527e772c4f61aa3
cmb_19da85e83804a131ccb6d9e0cf6d,Phil 84-438-5799,98-2137,"Oct. 22, 2012",2012-10-22,ok,Cross combination.xlsx,Phil 84-438-5799,C3,3,3,cbe8383676e72892e7fc2a1ef1bd37896b4f387efe9a06e1b947c72d7d8e2874
cmb_88b1fa02d068c314cae8597de8d2,Phil 84-438-5799,02-0359,"Oct. 22, 2012",2012-10-22,ok,Cross combination.xlsx,Phil 84-438-5799,D3,3,4,452299544425c1296905c3b666a25fd91c02e88c96bcad7d2c5d1085e02d82e0
cmb_5acd28e70acdc2d90900c1a320ad,Phil 84-438-5799,97-0687,"Oct. 22, 2012",2012-10-22,ok,Cross combination.xlsx,Phil 84-438-5799,E3,3,5,a778b3e224ba912f33a68bb58744357b5438133223018641ffb31d1be804152a
cmb_a3d57320ca90892cdede0b30d5af,Phil 84-438-5799,78-3981,"Oct. 22, 2013",2013-10-22,ok,Cross combination.xlsx,Phil 84-438-5799,B4,4,2,13f4ca641abce095ed6910de8430698d6f49f321d4ed02114fa57623050638eb
cmb_ece183612936d764919d50d6eaf6,Phil 84-438-5799,04-1011,"Oct. 22, 2013",2013-10-22,ok,Cross combination.xlsx,Phil 84-438-5799,C4,4,3,8999a8c1797d5dfe517c913b4abc7e847dd245faac37b531cc5885e6fc30c77c
cmb_65e037b10e028bb10fdc48cb8bd5,Phil 84-438-5799,99-1793,"Oct. 22, 2013",2013-10-22,ok,Cross combination.xlsx,Phil 84-438-5799,D4,4,4,93a08cac42c1e46f0628e615fc8a882a6b52b9e4630832422476961d566b3757
cmb_7ea46ea880c70a1073880bdc0658,Phil 84-438-5799,98-2137,"Oct. 23, 2014",2014-10-23,ok,Cross combination.xlsx,Phil 84-438-5799,B5,5,2,537e13572ab1fb17983a2ceac3d41f81f9ed8843a760d7a28d3156dcedb6c4e2
cmb_eea865663a6cd2a812b3f10f303a,Phil 84-438-5799,06-2299,"Oct. 23, 2014",2014-10-23,ok,Cross combination.xlsx,Phil 84-438-5799,C5,5,3,2ee74159f34cd7476f48b210c620fb36202ba6e9464e9c55fb4f34e54b802869
cmb_35308ae136de7dc8e20f6922ac94,Phil 84-438-5799,05-1197,"Oct. 23, 2014",2014-10-23,ok,Cross combination.xlsx,Phil 84-438-5799,D5,5,4,53f5b913eacf999828a7077fcaad32f439d0077f1eb7ec06dcfde16410dc5bf5
cmb_0e0ebad6ba6dbe83fce622b6558a,Phil 84-438-5799,93-2349,"Oct. 23, 2014",2014-10-23,ok,Cross combination.xlsx,Phil 84-438-5799,E5,5,5,c927dc20d8e9eff5514c23cc8fe5689fd2fac40d763a55a1a58c484d5590542d
cmb_c182157e5c0d1f74dd771be9a2d1,Phil 84-438-5799,86-1119,"Oct. 28, 2015",2015-10-28,ok,Cross combination.xlsx,Phil 84-438-5799,B6,6,2,dc8193e7e635ce0372bc51c9628f08f9021d016041dea7beb6bcdfeaef1c4d35
cmb_b228c5d80f3c01bfff011f739b9a,Phil 84-438-5799,06-1681,"Oct. 28, 2015",2015-10-28,ok,Cross combination.xlsx,Phil 84-438-5799,C6,6,3,5b75f1d3660bdaa14f5aa61ce93d3a87afe3cdd154a2a04459ebe12fda4277f4
cmb_26129a50480595e31d724685f90b,Phil 84-438-5799,97-0693,"Oct. 28, 2015",2015-10-28,ok,Cross combination.xlsx,Phil 84-438-5799,D6,6,4,ded4bb3f60fac625f44c69eeed1bf4fbfc92296a125c421cae62c1ccff47d43d
cmb_edd9f2089eb8e1f5b39bb5ad8830,Phil 84-438-5799,90-0085,"Oct. 28, 2015",2015-10-28,ok,Cross combination.xlsx,Phil 84-438-5799,E6,6,5,8b485cc248947ab4fc2a78575eab5915f83f4fc08e792d4c11ce2534dd7d8823
cmb_8eff6e661995907a536f20b30d32,Phil 84-438-5799,97-4435,"Nov. 01, 2016",2016-11-01,ok,Cross combination.xlsx,Phil 84-438-5799,B7,7,2,5fa66a7125f83882109843d807976dc566591f267571361339e49760e3553fbe
cmb_852459de1421f29b8b4495e45ae6,Phil 84-438-5799,04-1011,"Nov. 01, 2016",2016-11-01,ok,Cross combination.xlsx,Phil 84-438-5799,C7,7,3,31c937ad3661ca4ae39293dc332fc9a54299a68b6f2a971863350629cd3c497f
cmb_2fa9f25b18f0ca0eb27f381d44ea,Phil 84-438-5799,06-1899,"Nov. 01, 2016",2016-11-01,ok,Cross combination.xlsx,Phil 84-438-5799,D7,7,4,f7767d05b3bae0744852f415fc99636be81af99258026e131b29551d110f7c1b
cmb_d49f1d0d92c09246b5d6f247c2ca,Phil 84-438-5799,94-0913,"Nov. 01, 2016",2016-11-01,ok,Cross combination.xlsx,Phil 84-438-5799,E7,7,5,0fc0570886568ce2740315a9b61dd36f358e692fa9c57d03aca2496e96014d33
cmb_f28e8b8780f4c1fab698d42e3038,Phil 84-438-5799,Q102,Oct. 28. 2017,2017-10-28,ok,Cross combination.xlsx,Phil 84-438-5799,B8,8,2,42376cfa7e9a7cc992e628456679175e21a4271c903167ef02abbf950d1fbcb1
cmb_a4c4c5aefd140967c3a475e54214,Phil 84-438-5799,7747,Oct. 28. 2017,2017-10-28,ok,Cross combination.xlsx,Phil 84-438-5799,C8,8,3,05352af71a143b9bd0bbb68e4afcf1b091eed20e85e0fc14ea86945f2e641a62
cmb_72b6aad7cec9cbbf96427bd6c2b2,Phil 84-438-5799,81-1247,Oct. 28. 2017,2017-10-28,ok,Cross combination.xlsx,Phil 84-438-5799,D8,8,4,5e453385ca37dcb5503e9fbefa39a9ee2aa6c3631f0f3f6d25476cd171b9ecec
cmb_ed0f124898d150f81cfba01bd24b,Phil 84-438-5799,09-0097,Oct. 28. 2017,2017-10-28,ok,Cross combination.xlsx,Phil 84-438-5799,E8,8,5,a2a9d4461b7b591c11d0317d578c495bc9757112c939d9173068a7458034db51
cmb_9366d441e325972fa67728da0d8d,Phil 84-438-5799,99-1793,Oct. 28. 2017,2017-10-28,ok,Cross combination.xlsx,Phil 84-438-5799,F8,8,6,5317361fb74b987e197cf50c94a7d4cfa207ac0b5aac8ef7a370445405513d20
cmb_7adea92fc633c8a36f15c015375b,Phil 84-438-5799,78-3981,"Oct. 25, 2018",2018-10-25,ok,Cross combination.xlsx,Phil 84-438-5799,B9,9,2,662b8324104608a3789c2465ec844873efa70cf5ce443b6f9b3acfb26829c0aa
cmb_e042742a1cd51aa690f9fb21f714,Phil 84-438-5799,Q102,"Oct. 25, 2018",2018-10-25,ok,Cross combination.xlsx,Phil 84-438-5799,C9,9,3,8adecaa98e62aad95f13e787d43bc5aba45bf89b871d71d76777ea3e7e255746
cmb_dba24f6b2ae87ce8b81da3b2827b,Phil 84-438-5799,00-2569,"Oct. 25, 2018",2018-10-25,ok,Cross combination.xlsx,Phil 84-438-5799,D9,9,4,84bc7dab1bc8cb91e51f730323212d948c6f0179c7fd151d6e7437d659d9850a
cmb_ed9af4d5797612dc62c6b906efd0,Phil 84-438-5799,97-3161,"Oct. 23, 2019",2019-10-23,ok,Cross combination.xlsx,Phil 84-438-5799,B10,10,2,27c5010e6e249cd7299e0a6bf99321ea7b7fbde6b2fc0c8f77f458605b3dc02f
cmb_276a9bd333a09d7ece15b6d55c76,Phil 84-438-5799,97-0693,"Oct. 23, 2019",2019-10-23,ok,Cross combination.xlsx,Phil 84-438-5799,C10,10,3,1140d866f90d6b7d6c2168fbd3eec948da0bd8759ab3a857e2d978ef813c8f84
cmb_b6479dec7327149fa3189c01affa,Phil 84-438-5799,07-2081,"Oct. 23, 2019",2019-10-23,ok,Cross combination.xlsx,Phil 84-438-5799,D10,10,4,20a58dc2632ce12061f441d93566f4bf1f5216f7f05c3f3b03fb84d6d1f641d2
cmb_5240af2bad9dbd49e7baf305a3cf,Phil 84-438-5799,99-1793,"Oct. 23, 2019",2019-10-23,ok,Cross combination.xlsx,Phil 84-438-5799,E10,10,5,635241bb207f67e202acad8ad6c734b3e04cf0a4e215228979c1847df12eb988
cmb_0fb7dcd7386b6ec5b62d069397d5,Phil 84-438-5799,98-0255,"Oct. 28, 2020",2020-10-28,ok,Cross combination.xlsx,Phil 84-438-5799,B11,11,2,dc43a1e4f61a2b5c0333336e6d12acbacaf2b7b13e482bd049802e40734d815d
cmb_907204cff8f72b2bb378e83e2e61,Phil 84-438-5799,93-2349,"Oct. 28, 2020",2020-10-28,ok,Cross combination.xlsx,Phil 84-438-5799,C11,11,3,3de9dc60dcc7320b15a6e1e3a59b6f3b25eb50352908f1ce982cc723c3efc3f9
cmb_cfbeec8c1c8ceb6053d126672b5b,Phil 84-438-5799,92-0535,"Oct. 28, 2020",2020-10-28,ok,Cross combination.xlsx,Phil 84-438-5799,D11,11,4,577d67e9a00460644a4ba6f0b42f9608bcd4a885804889897fed0348a83c9866
cmb_854d269cef2bf5c1b97b3535c1a1,Phil 84-438-5799,92-0751,"Oct. 28, 2020",2020-10-28,ok,Cross combination.xlsx,Phil 84-438-5799,E11,11,5,7c1bda854089d2ff44d488190888e33b24b00aa7a7cf1268e0b5ae89f62cb50e
cmb_a636e2f181e88e175d73ae5af41e,Phil 84-438-5799,04-1011,"Oct. 28, 2020",2020-10-28,ok,Cross combination.xlsx,Phil 84-438-5799,F11,11,6,7162b664f71a4ef3a5233392c14a373eacb96fc853e9644fe6d5cff6ee0c6458
cmb_e055b5f25f192c7613c63ab8bd58,Phil 84-438-5799,Q102,"Oct. 22, 2021",2021-10-22,ok,Cross combination.xlsx,Phil 84-438-5799,B12,12,2,f5e65acd022c88b798c00248ea89ff2a6591a71650e152239bbe123051a265cf
cmb_295f9fba25f3bb94c8e9e9609038,Phil 84-438-5799,92-75-1091,"Oct. 22, 2021",2021-10-22,ok,Cross combination.xlsx,Phil 84-438-5799,C12,12,3,1ea68e072e6763e6ae478cf74677b0788727fec6d2b913e37088b02ce72e85bb
cmb_fdb397c42cf6d7c684675e1bf722,Phil 84-438-5799,91.14-1589,"Oct. 22, 2021",2021-10-22,ok,Cross combination.xlsx,Phil 84-438-5799,D12,12,4,2cbb3f5cf153832838fe6cb566eb13f6690de69fe69f55201c2424e0257ca7d6
cmb_cf09af377863e4c5de073a9b307f,Phil 84-438-5799,09-1969,"Oct. 22, 2021",2021-10-22,ok,Cross combination.xlsx,Phil 84-438-5799,E12,12,5,e73573c5b1a44ecc27f3ae591b3a1808a309b16f513fe0a97c8a720535bfec7d
cmb_43b9700b4cdf040121352a5e4267,Phil 84-438-5799,99-1793,"Oct. 29, 2022",2022-10-29,ok,Cross combination.xlsx,Phil 84-438-5799,B13,13,2,45c4e7ca78e13707c3cdcfb7c76f0469d585a5fa1ecd8f3519ba857f4ec88689
cmb_2e1c59a80985797fea394933fa11,Phil 84-466-6559,99-1793,"Oct. 28, 2013",2013-10-28,ok,Cross combination.xlsx,Phil 84-466-6559,B3,3,2,1fc706c5e9032ab335de67e7394e42850a6cf9e87d71ed9e78d4f1fa5b982f41
cmb_57a46ba9cb84672f8a8bfc001ac0,Phil 84-466-6559,04-1011,"Oct. 28, 2013",2013-10-28,ok,Cross combination.xlsx,Phil 84-466-6559,C3,3,3,500ae332f7fe7e1089dd0c2275c97f7b76ddffdbae8562f98a996c0026897325
cmb_eb6ec0a953961c2ee447881c5c58,Phil 84-466-6559,93-2349,"Oct. 28, 2013",2013-10-28,ok,Cross combination.xlsx,Phil 84-466-6559,D3,3,4,032739efdfc98468ece0a1099edab26a0132ac95506cc818abbb6b449f9b6c96
cmb_adb1a6faaed559c64b8e31081fb5,Phil 84-466-6559,05-1197,"Oct. 28, 2013",2013-10-28,ok,Cross combination.xlsx,Phil 84-466-6559,E3,3,5,4e1f21c4b94820e014460fdfe513f93f22cc682d0183178a3400f739eacd165c
cmb_00a9be8726ae8b2d09dbc9e27121,Phil 84-466-6559,98-2137,"Nov. 02, 2014",2014-11-02,ok,Cross combination.xlsx,Phil 84-466-6559,B4,4,2,675ccee724ed05d92131673c0fbfbc123dedb9011d8a2768c6feeef231acfcd8
cmb_366cc3dd6800f8e61836b453eef8,Phil 84-466-6559,06-2299,"Nov. 02, 2014",2014-11-02,ok,Cross combination.xlsx,Phil 84-466-6559,C4,4,3,6a3398fec20192f90078f88e222c75879d0edf07a135aa93a55a7b1a87a5ec9e
cmb_e7731dc0e4453afabcc40841b2c8,Phil 84-466-6559,97-3501,"Nov. 02, 2014",2014-11-02,ok,Cross combination.xlsx,Phil 84-466-6559,D4,4,4,d843875e362d94f84b611852dc63fc550ecab0180ef422ca310911e9d4240369
cmb_3d434f743092ff6165defecd0c92,Phil 84-466-6559,91-1091,"Nov. 02, 2014",2014-11-02,ok,Cross combination.xlsx,Phil 84-466-6559,E4,4,5,4f7b882a7789dad59996cdcb8137835a5d0b52b26b358e78b1b53e69ea9fc339
cmb_58547153b1f4e2f268fafedd0f20,Phil 84-466-6559,Q102,"Nov. 11, 2015",2015-11-11,ok,Cross combination.xlsx,Phil 84-466-6559,B5,5,2,a406dc8b925b61d6ccd33599bdc2acbc774822602e4a9640cb780d1d5cc06bcc
cmb_6896ab4fdb880bb22d7649eb7a3d,Phil 84-466-6559,90-0953,"Nov. 11, 2015",2015-11-11,ok,Cross combination.xlsx,Phil 84-466-6559,C5,5,3,020dc6c47de39c64795e0ea9fffbf66967f461f3158abe7ab29da5a4c05d944d
cmb_15bbff6064395e4b3e9543dfd314,Phil 84-466-6559,90-0049,"Nov. 11, 2015",2015-11-11,ok,Cross combination.xlsx,Phil 84-466-6559,D5,5,4,39bcd43bf01e7d55e474b2cfbc334eae5634082b7f0df147bddf4c4edbafd0a5
cmb_be3c0260f8c53438a37f955b84ca,Phil 84-466-6559,04-1011,"Nov. 12, 2016",2016-11-12,ok,Cross combination.xlsx,Phil 84-466-6559,B6,6,2,21e0a19f5c3aaf928c8360444f8252d03a319238bbcfa85f3545db89f23ba321
cmb_15380bcdb280bade1e6e4584b8ff,Phil 84-466-6559,99-1793,"Nov. 04, 2017",2017-11-04,ok,Cross combination.xlsx,Phil 84-466-6559,B7,7,2,e6531cc213f81f594308db3b0067b12ea2758374a710d108bd361d46507ddf05
cmb_6c1b951dee9ce31dc349ece38026,Phil 84-466-6559,93-2349,"Nov. 04, 2017",2017-11-04,ok,Cross combination.xlsx,Phil 84-466-6559,C7,7,3,2c60feecab0fac28a921db6fb649db965fe657ae76347e2387cbe397cee7fe7d
cmb_f4cde316d672576e39ce67e576d1,Phil 84-466-6559,95-1029,"Nov. 04, 2017",2017-11-04,ok,Cross combination.xlsx,Phil 84-466-6559,D7,7,4,017a1d3e01210888098c75993cbfca576fb4aa58885aa918ea9000681f9a7219
cmb_1c46bd3d2d5ea96b88b39d666bfa,Phil 84-466-6559,Q102,"Oct. 29, 2018",2018-10-29,ok,Cross combination.xlsx,Phil 84-466-6559,B8,8,2,182c5cb28ecef910b41b17b0eab3a138d2e49b83834596393119d5ce7b8e9e87
cmb_aa5ff5d1cb7ff3abdac4c1e830b4,Phil 84-466-6559,99-1793,"Oct. 29, 2018",2018-10-29,ok,Cross combination.xlsx,Phil 84-466-6559,C8,8,3,8e396017d8acc92ed281e50249bb6702b45d220f5a8fe7f057f2950025561068
cmb_32fb9dca2f3797e830c10853eb6c,Phil 84-466-6559,00-2569,"Oct. 29, 2018",2018-10-29,ok,Cross combination.xlsx,Phil 84-466-6559,D8,8,4,b0eb53cc85e1ec2f2df0cf0358dd34ff26c9fa5c5b2dffd36944705d18bf0b49
cmb_a74e9933cd6f54c9d4eb9a13a6e7,Phil 84-466-6559,92-0751,"Oct. 29, 2018",2018-10-29,ok,Cross combination.xlsx,Phil 84-466-6559,E8,8,5,d37df5555975fc96b08fec658c01af87e41010a91e3cc0b7f7f25c83f07e4f4d
cmb_6882ef0928e7dc80010e4cc49943,Phil 84-466-6559,8013,"Nov. 8, 2019",2019-11-08,ok,Cross combination.xlsx,Phil 84-466-6559,B9,9,2,0935a56d8355337aece4f32ff8c1744b1690c7aa2cbb56315e1e8df812888a66
cmb_295c670aac32cef3e5e5668a5cbf,Phil 84-466-6559,99-1793,"Nov. 8, 2019",2019-11-08,ok,Cross combination.xlsx,Phil 84-466-6559,C9,9,3,68ee70d1f1b00864d81f55fd90198f379e1c2abf672d42f84efd628d4ba44fca
cmb_706d8998e8ffb68b3640dc775151,Phil 84-466-6559,09-1969,"Nov. 9, 2021",2021-11-09,ok,Cross combination.xlsx,Phil 84-466-6559,B10,10,2,f1b86bd6125a94a887ee4a60950a7e0f37cecc6a025c55a3f1d4b4412d83d505
cmb_cb41241e285223a768d1be943b22,Phil 84-466-6559,08-0909,"Nov. 9, 2021",2021-11-09,ok,Cross combination.xlsx,Phil 84-466-6559,C10,10,3,175e6caa78f5c81412915cff608dd5ba26fb29b7b20ebd70c61e83aa41342688
cmb_1f5b4dd4b68f74452035c5938a59,Phil 84-466-6559,04-1011,"Nov. 9, 2021",2021-11-09,ok,Cross combination.xlsx,Phil 84-466-6559,D10,10,4,9e869a6faf77ede1d3e03e4d417603feee0885315f32df9c929ceff4ae3bfd7c
cmb_0bc06c01013980c620de57e4802b,Phil 8583 Phil 85-692-1481,05-1197,"Oct. 25, 2015",2015-10-25,ok,Cross combination.xlsx,Phil 8583 Phil 85-692-1481,B3,3,2,4af718d410e74e1cf2b4dfb36c4c93fa91a5c57fb1e409dd618579f5cd9d239c
cmb_d0b314c9f1349e0be1d445ce7d4c,Phil 8583 Phil 85-692-1481,92-1589,"Oct. 25, 2015",2015-10-25,ok,Cross combination.xlsx,Phil 8583 Phil 85-692-1481,C3,3,3,82c299c2ea4b174f72bba75b18c45fb26b356f2f604af42fa30ce77bf4c30481
cmb_fc3b0771d4695adb5104a4cc99ab,Phil 8583 Phil 85-692-1481,8943,"Oct. 24, 2016",2016-10-24,ok,Cross combination.xlsx,Phil 8583 Phil 85-692-1481,B4,4,2,5a73adb02b6062ff89e40ade7f80835ecc80c00078e8080987a251fe8f7b5805
cmb_1a7b6ac4b55e9ea7eaba886ad212,Phil 8583 Phil 85-692-1481,98-2137,"Oct. 24, 2016",2016-10-24,ok,Cross combination.xlsx,Phil 8583 Phil 85-692-1481,C4,4,3,99106f7f7552c0baf06009f77182d995cac5142c4ce8061f9e8d83cc6b99f341
cmb_1bca0286fe9dff8bc04af00c3b49,Phil 8583 Phil 85-692-1481,93-2349,"Oct. 24, 2016",2016-10-24,ok,Cross combination.xlsx,Phil 8583 Phil 85-692-1481,D4,4,4,5e5c0f2a1b84a1446a1c681c9bf0f70d48f30e9e037234f48b1024fd64803d36
cmb_20d99685ba76cbd4b7f114fa4c7f,Phil 8583 Phil 85-692-1481,7747,"Oct, 25, 2017",2017-10-25,ok,Cross combination.xlsx,Phil 8583 Phil 85-692-1481,B5,5,2,d3f25166ac2316c184a685f7909764ad1e9a518aac4fe213d4208ab0d90f7d52
cmb_db1984a66e18563ae8ef744a5e3f,Phil 8583 Phil 85-692-1481,97-4435,"Oct, 25, 2017",2017-10-25,ok,Cross combination.xlsx,Phil 8583 Phil 85-692-1481,C5,5,3,9de05e92482efc0f6f6ee6d9816c7c25411f7974a2624dc1bd9e3e606899c911
cmb_0b358c519021f7f1e35068d2ec08,Phil 8583 Phil 85-692-1481,86-1119,"Oct. 23, 2018",2018-10-23,ok,Cross combination.xlsx,Phil 8583 Phil 85-692-1481,B6,6,2,01e96089324e1a536cf278e81033401242a9abfbc30aaea8d04358087a1c9855
cmb_3b94f33629b62f8fa125183ff66a,Phil 8583 Phil 85-692-1481,97-4435,"Oct. 23, 2018",2018-10-23,ok,Cross combination.xlsx,Phil 8583 Phil 85-692-1481,C6,6,3,9d78f2f6890f6955de6ea8b1d739dc11b9a8cb80b881c504dabff1360cf5de01
cmb_6e6b68d493d47f0b1fdd3ea78c1e,Phil 8583 Phil 85-692-1481,93-2349,"Oct. 23, 2018",2018-10-23,ok,Cross combination.xlsx,Phil 8583 Phil 85-692-1481,D6,6,4,936a0914330e08f3626c7c4624fc12c2f86da00aa6a31f87546629620a792779
cmb_a8e66edb4a664b73b312dff702c9,Phil 8583 Phil 85-692-1481,00-1937,"Oct. 23, 2018",2018-10-23,ok,Cross combination.xlsx,Phil 8583 Phil 85-692-1481,E6,6,5,84cae9990eaad91d67762951438363ea70339dad1d084395fa9ccb01053af25e
cmb_81f0fb384d3a4c9f1082a20e53fd,Phil 8583 Phil 85-692-1481,00-2569,"Oct. 23, 2018",2018-10-23,ok,Cross combination.xlsx,Phil 8583 Phil 85-692-1481,F6,6,6,ca50e594a9386a7b9eed50e385234c01e0a6277147bece9b977ee65e1d22ce5d
cmb_987b9707d69b2c05f7064889ddcb,Phil 8583 Phil 85-692-1481,12-0089,"Oct. 18, 2019",2019-10-18,ok,Cross combination.xlsx,Phil 8583 Phil 85-692-1481,B7,7,2,3d9d93d14514845879e0e5a4e560d9b2b2316c91c409078795676d7c2326a317
cmb_056fab3c5c51e6c6377942b1fa91,Phil 8583 Phil 85-692-1481,97-3161,"Oct. 18, 2019",2019-10-18,ok,Cross combination.xlsx,Phil 8583 Phil 85-692-1481,C7,7,3,6e1b550e8785610837c658e711d0d63a82bd2d4f8c5f19bad451feb1b90beac0
cmb_92886859b9e477de639394ff2d17,Phil 8583 Phil 85-692-1481,Q1,"Oct. 27, 2020",2020-10-27,ok,Cross combination.xlsx,Phil 8583 Phil 85-692-1481,B8,8,2,7c9e3ae97ca209f58e73f3cc106d117f6cedaeacb2f1643a752f3d9b829e8dd3
cmb_fb112ce31dacdd024739b277acee,Phil 8583 Phil 85-692-1481,92-0535,"Oct. 27, 2020",2020-10-27,ok,Cross combination.xlsx,Phil 8583 Phil 85-692-1481,C8,8,3,54d9dd974b04c16b33c377a06891fd812c0c4b559d17a017a6b93872b51bc177
cmb_df1f8ddccc8e6a61180868a2b2e1,Phil 8583 Phil 85-692-1481,97-2041,"Oct. 27, 2020",2020-10-27,ok,Cross combination.xlsx,Phil 8583 Phil 85-692-1481,D8,8,4,4b5a974acff4a24a04377715f57e0c2f1366671ea4ba1ff7ab5732c923483a67
cmb_1aa5ca4c6482c3bf72ce3b6834a8,Phil 8583 Phil 85-692-1481,Q102,"Oct. 27, 2021",2021-10-27,ok,Cross combination.xlsx,Phil 8583 Phil 85-692-1481,B9,9,2,bf49dd628f83203eb216a8863d5879bc707286ded17a386456104a4c2810b078
cmb_8b219636e0c978af20322b353cac,Phil 8583 Phil 85-692-1481,55-220,"Oct. 27, 2021",2021-10-27,ok,Cross combination.xlsx,Phil 8583 Phil 85-692-1481,C9,9,3,924e1ac97024c82b778abe3904dec8d4a362fa18450d8fcbf6f1440506b62c6b
cmb_336b91aadb106523cedb12317664,Phil 8583 Phil 85-692-1481,09-1969,"Oct. 27, 2021",2021-10-27,ok,Cross combination.xlsx,Phil 8583 Phil 85-692-1481,D9,9,4,64e3fdbfbd16c5c60522913d7f0897805b4ffc2eb3b75714d08ef7e50360dd32
cmb_e44ed8402924a215cd5a062d1718,Phil 8583 Phil 85-692-1481,90-0345,"Oct. 27, 2021",2021-10-27,ok,Cross combination.xlsx,Phil 8583 Phil 85-692-1481,E9,9,5,57c3354bdcc1e51e7bfc443ecd2288bcee0c93629e5e0a3e8631d2a8c2f5f290
cmb_c39bdb35fbbdf7bb23c137b397a8,Phil 8583 Phil 85-692-1481,07-0563,"Oct. 27, 2021",2021-10-27,ok,Cross combination.xlsx,Phil 8583 Phil 85-692-1481,F9,9,6,8514af50ce0ab98ffac4566bf95af984240398704345009323b4cbc620f157ca
cmb_9b5a39fb27fba1cdee85fa92532e,Phil 8583 Phil 85-692-1481,08-0909,"Oct. 27, 2021",2021-10-27,ok,Cross combination.xlsx,Phil 8583 Phil 85-692-1481,G9,9,7,ce9d00d3296808ff3757a90c2a82f98aced0feded742b7c99c32fb35a82ac6aa
cmb_a811f1fb6bebfe981da14c1072ea,Phil 8583 Phil 85-692-1481,04-1011,"Oct. 27, 2021",2021-10-27,ok,Cross combination.xlsx,Phil 8583 Phil 85-692-1481,H9,9,8,a8fc3c52eae7bd4b9f8c805a1952d79710edeb0aadbd28c40f78593fc452637e
cmb_c482615f5e8efd5fa24165e1d642,Phil 8583 Phil 85-692-1481,98-149-1863,"Oct. 27, 2021",2021-10-27,ok,Cross combination.xlsx,Phil 8583 Phil 85-692-1481,I9,9,9,ad8cc78868ba5e0f2c107b4f9b17738534981b75363df3ab65e7d68574dc50c8
cmb_d18f493e5a0cfdb2e00cf7d314a9,Phil 8583 Phil 85-692-1481,91-0909,"Oct. 27, 2021",2021-10-27,ok,Cross combination.xlsx,Phil 8583 Phil 85-692-1481,J9,9,10,817eef9437824dcb727425dc7ab801ad49acabdb4a8b1ca0b0dc929f9a212cd6
cmb_966d1b76a790cc098d5f88a66b30,Phil 8583 Phil 85-692-1481,2010-0149,"Oct. 19, 2022",2022-10-19,ok,Cross combination.xlsx,Phil 8583 Phil 85-692-1481,B10,10,2,3ae3230356bcae716b9bf100c584666084c1c2466149c8e7e4bef78c772978be
cmb_6bd7c796fc8484d42d9b2b9e6598,Phil 8583 Phil 85-692-1481,2014-0013,"Oct. 19, 2022",2022-10-19,ok,Cross combination.xlsx,Phil 8583 Phil 85-692-1481,C10,10,3,3dee807d8cce76e2d0241e71363d8de6aa63f4171fbca71da62f17181ea8266e
cmb_e5ae230cf69922ddc74c77b1c059,Phil 8583 Phil 85-692-1481,03-96-0933,"Oct. 19, 2022",2022-10-19,ok,Cross combination.xlsx,Phil 8583 Phil 85-692-1481,D10,10,4,6ddb0b6d70af2b709f52c7957c43755226f819b676b0ea8f2dcb63ccfd5d6c94
cmb_29f2525ac76296d015473d8f1a22,Phil 8583 Phil 85-692-1481,06-1899,"Oct. 19, 2022",2022-10-19,ok,Cross combination.xlsx,Phil 8583 Phil 85-692-1481,E10,10,5,1998da3f77f80c61b6296390a51d5c3e6f42569e2303775d3d5c6d724904eb96
cmb_759e996b35c85a4443d0fc37f369,Phil 85-23-4345,90-0345,"Oct. 22, 2012",2012-10-22,ok,Cross combination.xlsx,Phil 85-23-4345,B3,3,2,f049b79aa5e6a1cef6583d9d555ae1e41ba7c065552492f1bd17c73d8e62d7c4
cmb_83b4712262d0c3aea24186388673,Phil 85-23-4345,99-1793,"Oct. 22, 2012",2012-10-22,ok,Cross combination.xlsx,Phil 85-23-4345,C3,3,3,94f9df5252679d7d37240d2a9282a48d4547058ce5974363b471330894d1657e
cmb_742fb5b9c5787e31939f26bffe63,Phil 85-23-4345,94-0221,"Oct. 22, 2012",2012-10-22,ok,Cross combination.xlsx,Phil 85-23-4345,D3,3,4,088a299768ea43c59d007ae1f0ea89ab5a4a7936076be3fa4d23f2d8110fe18b
cmb_7648f769f3edb4e6932af9eca53d,Phil 85-23-4345,78-3981,"Oct. 20, 2013",2013-10-20,ok,Cross combination.xlsx,Phil 85-23-4345,B4,4,2,8960972dd106598c9425c37c40613064473db258308376ca311d804bc1104829
cmb_e321f1cfbb9cbbfea9cfc1750bc1,Phil 85-23-4345,83-4097,"Oct. 20, 2013",2013-10-20,ok,Cross combination.xlsx,Phil 85-23-4345,C4,4,3,25bc6d044a1c1be69a4bde68574ce0d13877a38aa2837fb2e7272518cb77171a
cmb_b3a95a3a829db6b0fa0d96f256ca,Phil 85-23-4345,93-2349,"Oct. 20, 2013",2013-10-20,ok,Cross combination.xlsx,Phil 85-23-4345,D4,4,4,406be162b88f48e38a524231a69645d899b863b5cbd1199c7998cbf77649d3d6
cmb_fb185ea81fed47013c0ea6f74ba9,Phil 85-23-4345,98-2137,"Oct. 24, 2014",2014-10-24,ok,Cross combination.xlsx,Phil 85-23-4345,B5,5,2,4809be825ff6ce08dffd398ea2fd2e0895793fb6dbb67431f74fc2f5e62129d2
cmb_b5ed7b0b407edc6e37c6e7d15815,Phil 85-23-4345,06-2299,"Oct. 24, 2014",2014-10-24,ok,Cross combination.xlsx,Phil 85-23-4345,C5,5,3,7a3ec5cf1bfb47647bf25d0a7eea34923264e1da297d8316fbfcec9aa40b1188
cmb_85d4c779e2a79f8cebb38287b75e,Phil 85-23-4345,05-1197,"Oct. 16, 2015",2015-10-16,ok,Cross combination.xlsx,Phil 85-23-4345,B6,6,2,106e8ab653a18e7dbc5aca6b6d0dfc937d7da637dae23428dbb3842516650daf
cmb_d01569f42b18cb06db3ffffd68c0,Phil 85-23-4345,06-1681,"Oct. 16, 2015",2015-10-16,ok,Cross combination.xlsx,Phil 85-23-4345,C6,6,3,1d742bc1cd5602e5c697b1528273b307bde50ab3aada9b6d2dfd2c966cd7aaf5
cmb_8b0749269481ab8f14d6b9063050,Phil 85-23-4345,91-1217,"Oct. 16, 2015",2015-10-16,ok,Cross combination.xlsx,Phil 85-23-4345,D6,6,4,1d0122114f42c73f020062ce9e89a453ccd9b75a78a32ef371a29d13a01b547f
cmb_9545fd63e924bb08d067b7ce6735,Phil 85-23-4345,88-0363,"Oct. 16, 2015",2015-10-16,ok,Cross combination.xlsx,Phil 85-23-4345,E6,6,5,b545cde0ae83a74b6a0c1aac449579d9546116d77525b9d84ef1bbb12ebedef6
cmb_6a9834544d63d095e731e7a6d9de,Phil 85-23-4345,Q102,"Oct. 27, 2016",2016-10-27,ok,Cross combination.xlsx,Phil 85-23-4345,B7,7,2,6afaa4af8e3ecb6b147aacca60e0ef103a6848a312408f7669e01025db15d1dd
cmb_34ec155a0b560e211af45e069704,Phil 85-23-4345,97-2041,"Oct. 27, 2016",2016-10-27,ok,Cross combination.xlsx,Phil 85-23-4345,C7,7,3,14fcfd01f963a670fe7969a309ed6427c85c477f12a559cc767586112eb89809
cmb_a8cf3bb930e8f7fb0e55b80cc19f,Phil 85-23-4345,97-0693,"Oct. 27, 2016",2016-10-27,ok,Cross combination.xlsx,Phil 85-23-4345,D7,7,4,079ec4ac1767d1e4b3939e2fcf9c33b79e723b4214635a934603467915e152a8
cmb_498d80326548f7f635cba5e463cf,Phil 85-23-4345,97-0687,"Oct. 27, 2016",2016-10-27,ok,Cross combination.xlsx,Phil 85-23-4345,E7,7,5,13805b8f636718d5c0a5ad594c870eb4d4830125c0b217836d6a54e2742ecd9d
cmb_f3f51961f4aaf9a289940613f2ac,Phil 85-23-4345,04-1011,"Oct. 27, 2016",2016-10-27,ok,Cross combination.xlsx,Phil 85-23-4345,F7,7,6,e25ec248172dce04e06000093964019981e84af4a578b6c5e27dd78767f9e0b4
cmb_7526f0a7d9f5a0c03b72d69f7c4d,Phil 85-23-4345,7747,"Oct. 26, 2017",2017-10-26,ok,Cross combination.xlsx,Phil 85-23-4345,B8,8,2,a3d9dfbed1905d753a56452b6dab6737fb5a739084f3ba897cefbfdcc8307203
cmb_9fb59bf5fc48648f059584887701,Phil 85-23-4345,81-3163,"Oct. 26, 2017",2017-10-26,ok,Cross combination.xlsx,Phil 85-23-4345,C8,8,3,ca6c0c7775b68c829123bf899a037e4992dc271d5ff6d9d3e1dffc7aca0e040d
cmb_bc10c12b4db044ada44125c841dc,Phil 85-23-4345,93-2349,"Oct. 26, 2017",2017-10-26,ok,Cross combination.xlsx,Phil 85-23-4345,D8,8,4,e42fae10b9406998b76a648be071d5ad721008e7f5ad1cd10b257b9f994204b1
cmb_92cea1ae05ad25f28b43cf91b9ea,Phil 85-23-4345,92-1091,"Oct. 26, 2017",2017-10-26,ok,Cross combination.xlsx,Phil 85-23-4345,E8,8,5,c8b89127efd560e2f00976f389dda9241732f5a5f5be99ce0f0fd7a44e11d7bd
cmb_ccd4452d8420d5ef8bbb509f63ad,Phil 85-23-4345,86-1119,"Oct. 23, 2018",2018-10-23,ok,Cross combination.xlsx,Phil 85-23-4345,B9,9,2,489d249194d36513c4b34563c89a96702beb3add9a0d198b4fb68f570c2aba13
cmb_44085a9056664f2bd76217e8200c,Phil 85-23-4345,88-1691,"Oct. 23, 2018",2018-10-23,ok,Cross combination.xlsx,Phil 85-23-4345,C9,9,3,b01878c8a44b465b5d1c4f9e35cebc1056714862c94cc04b8ec2fbaff9fcf5f1
cmb_0f1c64041cbdaff5e3f8a3233112,Phil 85-23-4345,97-2041,"Oct. 23, 2018",2018-10-23,ok,Cross combination.xlsx,Phil 85-23-4345,D9,9,4,0f34fbda8b4677da17b23b89ab0637fc24508c5fe28132fe563871a5df883c9b
cmb_12c5c47fe74499da02006c48c496,Phil 85-23-4345,Q102,"Oct. 21, 2019",2019-10-21,ok,Cross combination.xlsx,Phil 85-23-4345,B10,10,2,bc23f518fd6abcecdfedde40600a8bc975b342835bcef8d57d897cee25fefecd
cmb_f7fe7e9832864ba79ce5a2222cf1,Phil 85-23-4345,8013,"Oct. 21, 2019",2019-10-21,ok,Cross combination.xlsx,Phil 85-23-4345,C10,10,3,564fbab3985cdbbbe3e687a24e1a01b5ec89eab223cdad0ad14c097fb734db62
cmb_f2fb611297e3fbe19986dce4a15c,Phil 85-23-4345,88-0363,"Oct. 21, 2019",2019-10-21,ok,Cross combination.xlsx,Phil 85-23-4345,D10,10,4,34e9ce1bf08b069538d08b3bf267a1c62379887c50b4f649aedaa7d11896e182
cmb_db30a2e324eeeff52d060a1475c4,Phil 85-23-4345,93-2349,"Oct. 21, 2019",2019-10-21,ok,Cross combination.xlsx,Phil 85-23-4345,E10,10,5,7262e76976d34a59f82dbe89efd9041a9ab7e0fa642cbfadf42f2c27af25b679
cmb_e6152e555162fb3865a6b4495db3,Phil 85-23-4345,97-0693,"Oct. 21, 2019",2019-10-21,ok,Cross combination.xlsx,Phil 85-23-4345,F10,10,6,2b14e14cff12ad84106f31585a433028163e0f2697cd8c69f7771bd6ebf880c7
cmb_1c677810c00ba0c74ad8ab63f8a1,Phil 85-23-4345,92-0751,"Oct. 30, 2020",2020-10-30,ok,Cross combination.xlsx,Phil 85-23-4345,B11,11,2,e801bbc73534c947fc25a708ad6b18451c8363c728229a168873815d323f0157
cmb_c66476c6087844d291312d1f63f8,Phil 85-23-4345,04-1011,"Oct. 30, 2020",2020-10-30,ok,Cross combination.xlsx,Phil 85-23-4345,C11,11,3,fb07a2ba832258142815accaf18aa8e161774af4c67b9509154880abc715b7ea
cmb_439ad249ae7d3b579f9029df29b7,Phil 85-23-4345,97-0693,"Oct. 30, 2020",2020-10-30,ok,Cross combination.xlsx,Phil 85-23-4345,D11,11,4,2bce8a48b7f9d806e65550bdfa4616145cd92481e2b59ebec693a5105c9e6090
cmb_769e79d673119a34a59b9479b69e,Phil 85-23-4345,95-1029,"Oct. 30, 2020",2020-10-30,ok,Cross combination.xlsx,Phil 85-23-4345,E11,11,5,b734cd492fcc7cfe45782f6c78ce2c4f4d9156b0b1c57e33a278bc5e311437ea
cmb_dce65e8542488e55f22b9f4a5075,Phil 85-23-4345,91-41-727,"Oct. 24, 2021",2021-10-24,ok,Cross combination.xlsx,Phil 85-23-4345,B12,12,2,60f2ff444c00a62ee248d7f1051ecf45a88e1a0af22b14a0b9303bced8e43e8f
cmb_d335c46269030983ddc54b37ba93,Phil 85-23-4345,93-2349,"Oct. 24, 2021",2021-10-24,ok,Cross combination.xlsx,Phil 85-23-4345,C12,12,3,5c4f8a516893f48aa67cc4962d8dce255d305d3e516d3417f120cbd5c71952d1
cmb_85a725198f274397c0df23075856,Phil 85-23-4345,09-1969,"Oct. 24, 2021",2021-10-24,ok,Cross combination.xlsx,Phil 85-23-4345,D12,12,4,9e3e7cc518e395e31192f8e878e3d1e5b4eb88fa1e0fdd073dc8d7effdc6e497
cmb_f53240add1e954df401b4a483159,Phil 85-23-4345,2014-0013,"Oct. 22, 2022",2022-10-22,ok,Cross combination.xlsx,Phil 85-23-4345,B13,13,2,64c0139e9538f1380c9dea938d56b36595067b71193be5503748609d0acbaa09
cmb_5ed521da4502c05b945f542c011b,Phil 85-23-4345,2010-0149,"Oct. 22, 2022",2022-10-22,ok,Cross combination.xlsx,Phil 85-23-4345,C13,13,3,14a85ce14f6b4e024de62c7e8a4ed0b795e5e2273fff69a951336e604b7909d2
cmb_c7f63ae0d12cce321763530bdb01,Phil 85-23-4345,2015-103-0867,"Oct. 22, 2022",2022-10-22,ok,Cross combination.xlsx,Phil 85-23-4345,D13,13,4,c0c12bb5fbd746f3a9787626063fb582e428ef8a2027608bd01738fe76738986
cmb_e8e54eff2a2e9033ca28c57a5a5a,Phil 86-120-119 Phil 8601,99-1899,"Oct. 27, 2012",2012-10-27,ok,Cross combination.xlsx,Phil 86-120-119 Phil 8601,B3,3,2,0912ae7b10743232ce98ef22a06bae20ee5f95d9a1f44f4312fbdd6d031f6ce9
cmb_2eb10c59607a1956e283f1e1151f,Phil 86-120-119 Phil 8601,04-1011,"Oct. 27, 2012",2012-10-27,ok,Cross combination.xlsx,Phil 86-120-119 Phil 8601,C3,3,3,d11d0f8cec59b0cca8499add0a52b96f26b653b83e28dbeddb114bada7714324
cmb_1873f7ca82079a15f2b14787f4ce,Phil 86-120-119 Phil 8601,98-0255,"Oct. 27, 2012",2012-10-27,ok,Cross combination.xlsx,Phil 86-120-119 Phil 8601,D3,3,4,2c7d4376af2c2377a3c1f3c8f652999455f745e7efea6fa145a126d6c5c4ab68
cmb_d88abe96a2bad4a75beb61be89e0,Phil 86-120-119 Phil 8601,00-0627,"Oct. 21, 2013",2013-10-21,ok,Cross combination.xlsx,Phil 86-120-119 Phil 8601,B4,4,2,e730ed48e14d8351c9c621c2868765e5b38c487980d3204d2361284111d4f7d2
cmb_27274e58b0252d697266c9e12f9b,Phil 86-120-119 Phil 8601,93-2349,"Oct. 21, 2013",2013-10-21,ok,Cross combination.xlsx,Phil 86-120-119 Phil 8601,C4,4,3,746ae2f9457967c910b5c7ff8da524c706b5c1a90af9bb109103c70f741257b6
cmb_7299a0eddb9ebe74906715d31825,Phil 86-120-119 Phil 8601,92-0577,"Oct. 21, 2013",2013-10-21,ok,Cross combination.xlsx,Phil 86-120-119 Phil 8601,D4,4,4,55cc9729df2d347ecfe1f0d0bb97cca30cd3ae3e14d5cdf34c8015b14f1a3c6d
cmb_7d9b3b94dddf59db31cba557a945,Phil 86-120-119 Phil 8601,05-0645,"Oct. 21, 2013",2013-10-21,ok,Cross combination.xlsx,Phil 86-120-119 Phil 8601,E4,4,5,42bfe042f66984b4acabe166e782957d2f7c5e503636b900f04780f1795a26b3
cmb_68b9c0ac53464ad25534cf454315,Phil 86-120-119 Phil 8601,98-2137,"Oct. 23, 2014",2014-10-23,ok,Cross combination.xlsx,Phil 86-120-119 Phil 8601,B5,5,2,471245fe5a48e88ec844f4e9acb8c6a6e50d642f07d05f4e5d9fef53c4d877df
cmb_dfa649ac2c2ccdac630033c40106,Phil 86-120-119 Phil 8601,90-0345,"Oct. 23, 2014",2014-10-23,ok,Cross combination.xlsx,Phil 86-120-119 Phil 8601,C5,5,3,a88d002e037c5c9b829372925fddc9d7d6ac24e29ba8facffdc1e4a15a53f8c8
cmb_52ef19e333f40ea38aa2e6c70a36,Phil 86-120-119 Phil 8601,99-1793,"Oct. 23, 2014",2014-10-23,ok,Cross combination.xlsx,Phil 86-120-119 Phil 8601,D5,5,4,a4871bde2615a0243389219004fc297e6891563790bfb7c12aa1684a7c6188b4
cmb_e3977742a6e930a1498e73c64476,Phil 86-120-119 Phil 8601,97-2041,"Nov. 01, 2015",2015-11-01,ok,Cross combination.xlsx,Phil 86-120-119 Phil 8601,B6,6,2,0a68ab9e4a1734c274df639b586034de7b8c27ecbf799380b0bf7666721b238a
cmb_e55f8cc893fc3642e5cb41e8a9fb,Phil 86-120-119 Phil 8601,90-0085,"Nov. 01, 2015",2015-11-01,ok,Cross combination.xlsx,Phil 86-120-119 Phil 8601,C6,6,3,d8821dd8e76d0f5adeab0d46270197f2f2dbc1a2045ede3557dc9d7564e1f52f
cmb_041ff8180bbb73fa906c0668067a,Phil 86-120-119 Phil 8601,93-1207,"Nov. 01, 2015",2015-11-01,ok,Cross combination.xlsx,Phil 86-120-119 Phil 8601,D6,6,4,cbfcc29901f18ccbcdeeb732932a41ffb381fb1c090b857ec0d3d381a89e9e9c
cmb_b950b83a4b17eb77070f07fc119a,Phil 86-120-119 Phil 8601,04-1011,"Nov. 01, 2015",2015-11-01,ok,Cross combination.xlsx,Phil 86-120-119 Phil 8601,E6,6,5,35834d7a1959efd2b9cf35fae774c55b001942d12b47e3e06b7b3055b503f5ba
cmb_296e870276ac2c0dd717db4e778c,Phil 86-120-119 Phil 8601,92-0751,"Nov. 01, 2015",2015-11-01,ok,Cross combination.xlsx,Phil 86-120-119 Phil 8601,F6,6,6,6a74d999c2c1f0b46de3b0807be9b48093a8c72d4cef65c8b7e6eb53bdf16902
cmb_75f089232a5526286b51a9f99f0e,Phil 86-120-119 Phil 8601,8583,"Oct. 25, 2016",2016-10-25,ok,Cross combination.xlsx,Phil 86-120-119 Phil 8601,B7,7,2,0a4c0f72ed4ba30d8cbb2c32328d05e1b45f1eb8e498cd7ee17153a4a6f0bc1a
cmb_8996b2cd47911c3e173e50f89ab1,Phil 86-120-119 Phil 8601,8943,"Oct. 25, 2016",2016-10-25,ok,Cross combination.xlsx,Phil 86-120-119 Phil 8601,C7,7,3,2b6b29498fb9bc543454aa9533c22c4eca26ad881d8d5138a5bc6fdd1a8d2439
cmb_8b887c52260bec42eb1265c180e6,Phil 86-120-119 Phil 8601,92-1584,"Oct. 25, 2016",2016-10-25,ok,Cross combination.xlsx,Phil 86-120-119 Phil 8601,D7,7,4,c8bbc59e9a67687b21ced4a5f5f995824047f3a02cbf2bd926d7c21443083f46
cmb_d4b6d7661a74b8a0107a8ae54f63,Phil 86-120-119 Phil 8601,97-0693,"Oct. 25, 2016",2016-10-25,ok,Cross combination.xlsx,Phil 86-120-119 Phil 8601,E7,7,5,7779eaa56e31255d6be3e3f1613c4295843318a726c41b63dad0f8758de3fc83
cmb_cb87c581e2f36569f30b96ee8d26,Phil 86-120-119 Phil 8601,98-0255,"Oct. 25, 2016",2016-10-25,ok,Cross combination.xlsx,Phil 86-120-119 Phil 8601,F7,7,6,3274a71fb3c5e8d1d11f95f308ecfa88c07826af0c203212f79b57caf5d52681
cmb_bf16a4a27557db50aa35957e2f36,Phil 86-120-119 Phil 8601,00-2569,"Oct. 25, 2016",2016-10-25,ok,Cross combination.xlsx,Phil 86-120-119 Phil 8601,G7,7,7,d9ce378319b9e66fa7919d28e0fe27bb0185a050fe9d1f4aa3327e261e6c46c3
cmb_6ce4cbc2f30ba215e69b124d2f2e,Phil 86-120-119 Phil 8601,97-4435,"Oct. 25, 2016",2016-10-25,ok,Cross combination.xlsx,Phil 86-120-119 Phil 8601,H7,7,8,43d3570600d010dcc702e463afb7e22900eca8bda2d4adf970bb3543d683a8ee
cmb_89fc3cce2ceccd7503fbebd54b2f,Phil 86-120-119 Phil 8601,80-2023,"Oct. 28, 2017",2017-10-28,ok,Cross combination.xlsx,Phil 86-120-119 Phil 8601,B8,8,2,c7adcec66f8b3a2cc220d21ce578388d47b737c7c0849cb0c38d41355e010c5a
cmb_f944e69867751ab6e4e3d866421b,Phil 86-120-119 Phil 8601,81-3763,"Oct. 28, 2017",2017-10-28,ok,Cross combination.xlsx,Phil 86-120-119 Phil 8601,C8,8,3,c4a3e593ba5f1f51aeb5d92161a4ddc91e846673668f8fb405b8a255315c6976
cmb_57ff9b48db20a38920e4ac5e656c,Phil 86-120-119 Phil 8601,93-2349,"Oct. 28, 2017",2017-10-28,ok,Cross combination.xlsx,Phil 86-120-119 Phil 8601,D8,8,4,13a339c7c57b1dfb415ffa02f4b385754579b3259559d93ef3787f36980e7805
cmb_8446515e66bcbafce4df7fa22883,Phil 86-120-119 Phil 8601,91-1091,"Oct. 28, 2017",2017-10-28,ok,Cross combination.xlsx,Phil 86-120-119 Phil 8601,E8,8,5,b41f9bfee73bc21b706e70238b83cb60aadd339572d815b490769eeb946d7a88
cmb_64efab3b9e6d3c6e857391362f3b,Phil 86-120-119 Phil 8601,78-3981,"Oct. 27, 2018",2018-10-27,ok,Cross combination.xlsx,Phil 86-120-119 Phil 8601,B9,9,2,8deb9fa658e6e6925f3ccbb96fc1c023800f2639a6b89ba84115ba606594243d
cmb_8751208dd87f3feb665561d69508,Phil 86-120-119 Phil 8601,97-3161,"Oct. 27, 2018",2018-10-27,ok,Cross combination.xlsx,Phil 86-120-119 Phil 8601,C9,9,3,d2a79b9c3ab67f22f895072595ab4e357b96f322ab6614de7507eae9555f365e
cmb_433bff710ffbe67060909c14e219,Phil 86-120-119 Phil 8601,00-2569,"Oct. 27, 2018",2018-10-27,ok,Cross combination.xlsx,Phil 86-120-119 Phil 8601,D9,9,4,f76aec38db818c09f27ea83e674991ff7e242367101010d7c005ffb49607d410
cmb_a58236044d18a9d41629c0fe267a,Phil 86-120-119 Phil 8601,99-1793,"Oct. 27, 2018",2018-10-27,ok,Cross combination.xlsx,Phil 86-120-119 Phil 8601,E9,9,5,24f23831f0dc6334821b35f988e2b618bbeffc6a55e24dc785bc09d27fb91da6
cmb_9b74dac5694b5e1c5ca3d4f30da7,Phil 86-120-119 Phil 8601,91-1091,"Oct. 27, 2018",2018-10-27,ok,Cross combination.xlsx,Phil 86-120-119 Phil 8601,F9,9,6,874e27cdd73b5fa6585c2b618c6903e34cfef3e1f933a54841cf2ec4e2404798
cmb_ade091208315b314e2701e6bcf43,Phil 86-120-119 Phil 8601,92-0051,"Oct. 27, 2018",2018-10-27,ok,Cross combination.xlsx,Phil 86-120-119 Phil 8601,G9,9,7,1f1335610f7644ffb59b5ee87b9abe2f9c00bb7020114ff313a87a49cf65bf6d
cmb_8aae115c00e46ac09e233de11040,Phil 86-120-119 Phil 8601,93-2349,"Oct. 23, 2019",2019-10-23,ok,Cross combination.xlsx,Phil 86-120-119 Phil 8601,B10,10,2,1662ef8da60bf057acbfdd3a9cec8890a63d792e65ad476ee54da1bbfe98ef3f
cmb_45cf8f54b96a13f0777fe6802457,Phil 86-120-119 Phil 8601,8013,"Oct. 23, 2019",2019-10-23,ok,Cross combination.xlsx,Phil 86-120-119 Phil 8601,C10,10,3,5048c507267df44ab3052df1fe70b2d6bd25ce2af719111359ccdedb825c3a8c
cmb_bfb3b6f4bc807fc603d5b862c490,Phil 86-120-119 Phil 8601,99-1793,"Oct. 23, 2019",2019-10-23,ok,Cross combination.xlsx,Phil 86-120-119 Phil 8601,D10,10,4,05e9fa10c86a64f0b92c5cb6565be3cf8b3c5a2cc4ea9582fffb456bc6fa1c2d
cmb_dfd9b7bb206ed5f858a3a73ad8e5,Phil 86-120-119 Phil 8601,2012-0089,"Oct. 23, 2019",2019-10-23,ok,Cross combination.xlsx,Phil 86-120-119 Phil 8601,E10,10,5,09d43a008096ccc6a29300678ff425951c98f673ff81632e727ce6db54bff766
cmb_36afc045a1ccc163b0280d4e05f6,Phil 86-120-119 Phil 8601,97-3161,"Oct. 23, 2019",2019-10-23,ok,Cross combination.xlsx,Phil 86-120-119 Phil 8601,F10,10,6,d0a02bfb24268e3c1488076e24b943c8558214da39e1b9de81a48df09d32e39a
cmb_d05eb1ee6fc7b6ecd648818486a9,Phil 86-120-119 Phil 8601,97-4435,"Oct. 23, 2019",2019-10-23,ok,Cross combination.xlsx,Phil 86-120-119 Phil 8601,G10,10,7,60c045a1254066048425d0d5ba445c08a06488f2bfc08bf872c77e906dc43a73
cmb_946ed4b10c6ccb59efcd08f3edf5,Phil 86-120-119 Phil 8601,85-4345,"Nov. 02, 2020",2020-11-02,ok,Cross combination.xlsx,Phil 86-120-119 Phil 8601,B11,11,2,79d26a4cb3b571598ac978d895481964fcb082e3881a789f12e31cf96b6bacdd
cmb_9f9cac77d3a7bec4d6d41010df56,Phil 86-120-119 Phil 8601,92-0751,"Nov. 02, 2020",2020-11-02,ok,Cross combination.xlsx,Phil 86-120-119 Phil 8601,C11,11,3,d1bc78edc07f48903bb24b6d412ce03abf1c0cd2892f6c3ced2b1076f4b99949
cmb_4ca7c7fae1fcf6a967807eaac94d,Phil 86-120-119 Phil 8601,98-0255,"Nov. 02, 2020",2020-11-02,ok,Cross combination.xlsx,Phil 86-120-119 Phil 8601,D11,11,4,df8bf4b6573562dd70eff3bebfc80b1ca04a223db40496865c9c1eeeba5b8fa8
cmb_50eb3f8f493e2906ab1d794358ed,Phil 86-120-119 Phil 8601,Q102,"Oct. 31, 2021",2021-10-31,ok,Cross combination.xlsx,Phil 86-120-119 Phil 8601,B12,12,2,5a703639278a699e572c4c91a748f6e37b9a1a1dade1c27c34e9720215ccc4e4
cmb_4e3746e68d1b144a89e3fb8ad3a1,Phil 86-120-119 Phil 8601,93-2349,"Oct. 31, 2021",2021-10-31,ok,Cross combination.xlsx,Phil 86-120-119 Phil 8601,C12,12,3,1d83cba06cb70d3f5f57b6674a01f0aae88cebde861cdb5580e8044f4b7f200a
cmb_363b0544302102ed5b318e606a48,Phil 86-120-119 Phil 8601,09-1969,"Oct. 31, 2021",2021-10-31,ok,Cross combination.xlsx,Phil 86-120-119 Phil 8601,D12,12,4,e2af9cd4223231043362a1213e176041b450dc124786660901f0eb8b0ca785b2
cmb_0bddd6db7926b0ef5b8fbec53f28,Phil 86-120-119 Phil 8601,10-0149,"Oct. 31, 2021",2021-10-31,ok,Cross combination.xlsx,Phil 86-120-119 Phil 8601,E12,12,5,c20a63568ff39ba4c241c4f72325eae22cef9b9b388c3ae588226c0890f50653
cmb_9fab96745368e31f44cbf95e9364,Phil 86-120-119 Phil 8601,07-0563,"Oct. 31, 2021",2021-10-31,ok,Cross combination.xlsx,Phil 86-120-119 Phil 8601,F12,12,6,ef507be47c54ff2faa00bebe159a5a2cec32bc99d515469034699a3de25d21dc
cmb_1e468e800ba36ce3e2ab3556947c,Phil 86-120-119 Phil 8601,7115,"Oct. 31, 2021",2021-10-31,ok,Cross combination.xlsx,Phil 86-120-119 Phil 8601,G12,12,7,e19d17443cb70c7ec6e036fe68d420c353272b906c8b7689ec27471560d63e87
cmb_57b761c961fdbb403cf19de02e0f,Phil 86-120-119 Phil 8601,08-0909,"Oct. 31, 2021",2021-10-31,ok,Cross combination.xlsx,Phil 86-120-119 Phil 8601,H12,12,8,ad5c66ca50b0cd726683de65c023741d30e43fc9f88a35e75d23fe33ab932815
cmb_678aa4814537e8b1285354123ea1,Phil 86-120-119 Phil 8601,78-3981,"Oct. 31, 2021",2021-10-31,ok,Cross combination.xlsx,Phil 86-120-119 Phil 8601,I12,12,9,26d4af0b8f55c80cf1722e27058725c4ca25e68918739adeb88fdbc0dcabd129
cmb_70be9a4d49feaaba6e6ec9c6e2e4,Phil 86-120-119 Phil 8601,04-1011,"Oct. 31, 2021",2021-10-31,ok,Cross combination.xlsx,Phil 86-120-119 Phil 8601,J12,12,10,32fc9469e8933c56dfec3f6d51e343b3243c17298a7abf92a47f3b73188fddfc
cmb_50b8af83a8cc4be2f99b4c0ca0fd,Phil 86-120-119 Phil 8601,92-0751,"Oct. 31, 2021",2021-10-31,ok,Cross combination.xlsx,Phil 86-120-119 Phil 8601,K12,12,11,95f18d32fc3a264c39ba6590175b92cd4a6128150d92b3502de2e6687016a86a
cmb_6100e1a38ef38056d28670739ba6,Phil 86-120-119 Phil 8601,06-1899,"Oct. 26, 2022",2022-10-26,ok,Cross combination.xlsx,Phil 86-120-119 Phil 8601,B13,13,2,0579be7d43bea93a6ac68d79b1dce084b9505b25f29d8bdc0858ee7becd59afc
cmb_6d70a8d1cc250e0ec5060efe3b78,Phil 86-120-119 Phil 8601,00-2569,"Oct. 26, 2022",2022-10-26,ok,Cross combination.xlsx,Phil 86-120-119 Phil 8601,C13,13,3,fba77fb0527c0b5ebc1f808246737c711bb760f264d9769ad47c2d22d2a4962b
cmb_a781c6f7db8e984b63972baeffc1,Phil 86-120-119 Phil 8601,99-1793,"Oct. 26, 2022",2022-10-26,ok,Cross combination.xlsx,Phil 86-120-119 Phil 8601,D13,13,4,67a34fc8ff562ab9f350df4c7837754ece3f14bc6a8786801587870ffbcfef78
cmb_365c9d8f4f7485509f4423c1da1d,Phil 86-130-1157 Phil 8603,8723,"Oct. 30, 2012",2012-10-30,ok,Cross combination.xlsx,Phil 86-130-1157 Phil 8603,B3,3,2,3c6e4ad792bfe02f3702cdb779de2ef8c3ed5c4665dc78b8b1b467d033d92355
cmb_6f61f712d4a8fd0db4e4a929977f,Phil 86-130-1157 Phil 8603,99-1793,"Oct. 30, 2012",2012-10-30,ok,Cross combination.xlsx,Phil 86-130-1157 Phil 8603,C3,3,3,5b31d4c8d9dbdadf8a3060ed7d2ed9d0259a853712bc495f30a272f34c864d93
cmb_0cccd3dbeb977c5841b1f9c2ecef,Phil 86-130-1157 Phil 8603,04-1011,"Oct. 30, 2012",2012-10-30,ok,Cross combination.xlsx,Phil 86-130-1157 Phil 8603,D3,3,4,a6469fe0f00f3eaa9d78e14f76e098305da940e1b4ff98e6c2fe6423b9f3ebae
cmb_f6b09721d5f21a28f2b8f6ea1161,Phil 86-130-1157 Phil 8603,VMC 90-239,"Oct. 28, 2013",2013-10-28,ok,Cross combination.xlsx,Phil 86-130-1157 Phil 8603,B4,4,2,0b9ebfe3a02bad78901c1293859acad1938a4115dd311c9c532b5371d55674b8
cmb_5bd6f17ebb20c9c03aa24a48a7e5,Phil 86-130-1157 Phil 8603,93-2349,"Oct. 28, 2013",2013-10-28,ok,Cross combination.xlsx,Phil 86-130-1157 Phil 8603,C4,4,3,8fe31d02729534c18f5e43b50d4849d8040e92e450672c480f130c2bd65d75c7
cmb_e73e28d74fb1544decdfe442e671,Phil 86-130-1157 Phil 8603,03-1389,"Oct. 28, 2013",2013-10-28,ok,Cross combination.xlsx,Phil 86-130-1157 Phil 8603,D4,4,4,f1fd968eab749ce424baad3f4d3ad4037a466cfbf8b1b3ef00a6504375ce58c1
cmb_e225b9c3dbf862a62a051810c974,Phil 86-130-1157 Phil 8603,98-2137,"Oct. 31, 2014",2014-10-31,ok,Cross combination.xlsx,Phil 86-130-1157 Phil 8603,B5,5,2,58c0d3000541d119bab6fbb46dbb878ac20294bdf23234257f41a36b25695c0b
cmb_77fb56ade4fe600e01f0215a1c13,Phil 86-130-1157 Phil 8603,00-2569,"Oct. 31, 2014",2014-10-31,ok,Cross combination.xlsx,Phil 86-130-1157 Phil 8603,C5,5,3,40390931b1c4938edda6b929ed14fc2718607cdba8c0a898349f27aa7056bd13
cmb_a06e84f8e00725676f5494b54031,Phil 86-130-1157 Phil 8603,05-1197,"Oct. 31, 2014",2014-10-31,ok,Cross combination.xlsx,Phil 86-130-1157 Phil 8603,D5,5,4,4d177987f78c53b7b1360fda94387339e1530a15b38462727cbce427d51f6600
cmb_da9aa02a35b39726b4df3548458e,Phil 86-130-1157 Phil 8603,97-0693,"Oct. 01, 2016",2016-10-01,ok,Cross combination.xlsx,Phil 86-130-1157 Phil 8603,B6,6,2,c1885adbafde1bf21b0e0ea2d4376d8fadd4685b3b41116a4ef89968fe2eeb61
cmb_0b7e7b9b00122337f6af302323ca,Phil 86-130-1157 Phil 8603,97-0687,"Oct. 01, 2016",2016-10-01,ok,Cross combination.xlsx,Phil 86-130-1157 Phil 8603,C6,6,3,cd4a269526425f0c05ab2ec285a3b2e21f2c334ed57322084e9b12786a0dbd56
cmb_6e85b4f723e3cdabda5b5ee2cf7c,Phil 86-130-1157 Phil 8603,97-2041,"Oct. 01, 2016",2016-10-01,ok,Cross combination.xlsx,Phil 86-130-1157 Phil 8603,D6,6,4,4d00a5b2d62ba32f7366f6458909ba1a11b07552dbaf7d108bc53f2a3888bec8
cmb_8ea7526497db7a3b590c99a58e98,Phil 86-130-1157 Phil 8603,04-1011,"Oct. 01, 2016",2016-10-01,ok,Cross combination.xlsx,Phil 86-130-1157 Phil 8603,E6,6,5,e614c3de24ba46fa0de30c21574fd04f663bbb3f060f963675ad8546f52cb9c4
cmb_6d35edc3ca862665229546be6af0,Phil 86-130-1157 Phil 8603,05-1197,"Oct. 01, 2016",2016-10-01,ok,Cross combination.xlsx,Phil 86-130-1157 Phil 8603,F6,6,6,4802a2294b873cff865610a5790cbe29858f84754c218da7d2361c71ab31364f
cmb_440ee6a4df3bb79d26434d68ff7c,Phil 86-130-1157 Phil 8603,VMC 74-527,"Nov. 01, 2017",2017-11-01,ok,Cross combination.xlsx,Phil 86-130-1157 Phil 8603,B7,7,2,8d938cf6e8b4236c1b3ae44698dce3e4742b1abf76990d5b77c00b45255a3a00
cmb_b171419e2fb7f9d6a82e35e53d35,Phil 86-130-1157 Phil 8603,92-0751,"Nov. 01, 2017",2017-11-01,ok,Cross combination.xlsx,Phil 86-130-1157 Phil 8603,C7,7,3,7507d28bd2726993f3b520c7bbabbf7eaa0a6b8818386240b28a0e405fbbcbad
cmb_18f14f648c728e2be1ba761b2c1a,Phil 86-130-1157 Phil 8603,91-1091,"Nov. 01, 2017",2017-11-01,ok,Cross combination.xlsx,Phil 86-130-1157 Phil 8603,D7,7,4,a316fc15a7896af68e99fb491a817d7519c3a59b4df136488c79c9464f88feb4
cmb_03bccea4ba5b119cbef26b1ea0de,Phil 86-130-1157 Phil 8603,99-1793,"Nov. 01, 2017",2017-11-01,ok,Cross combination.xlsx,Phil 86-130-1157 Phil 8603,E7,7,5,143249639f3bfcae86fa7a17232b9cda1296c66ee0d1db274c3b67b25193f89f
cmb_bdcc422487ff2782e180a88a8c65,Phil 86-130-1157 Phil 8603,98-0255,"Nov. 01, 2017",2017-11-01,ok,Cross combination.xlsx,Phil 86-130-1157 Phil 8603,F7,7,6,5f8e33fdde89cea38ab77bc3975d1b4d513c924566305f0f8a66c23cf3e0a6ec
cmb_8644c5678ee25e6c62b140ba1885,Phil 86-130-1157 Phil 8603,09-1969,"Nov. 15, 2021",2021-11-15,ok,Cross combination.xlsx,Phil 86-130-1157 Phil 8603,B8,8,2,1c3987bc13690debf1e448ad615052d791656a9b877bfa4e038c7e7db5c2388a
cmb_83bcda0dbfbbcaefe30e8f04e937,Phil 86-130-1157 Phil 8603,10-0149,"Oct. 30, 2022",2022-10-30,ok,Cross combination.xlsx,Phil 86-130-1157 Phil 8603,B9,9,2,b455d6f831e55d0134181bbe9521b0e806a20382ef3d6122c4883450652e1fd9
cmb_7c96d4a6fecfabf18983f4c48253,Phil 86-130-1157 Phil 8603,09-0919,"Oct. 30, 2022",2022-10-30,ok,Cross combination.xlsx,Phil 86-130-1157 Phil 8603,C9,9,3,d05b0a4ccaa7d44eb83a511c4e06e2cf0de730cd6eab1485d5cb78ae3b28a348
cmb_a83f3b08d07f94454a4c178fea14,Phil 86-130-1157 Phil 8603,06-1899,"Oct. 30, 2022",2022-10-30,ok,Cross combination.xlsx,Phil 86-130-1157 Phil 8603,D9,9,4,24e19e850bd77e717cf7de6779fecbee00a83c0498298287c9b88f5938dbe240
cmb_d888db4cdb0b8b3dad6b92e677bc,Phil 8717,89-0455,"Nov. 01, 2012",2012-11-01,ok,Cross combination.xlsx,Phil 8717,B3,3,2,f82ded5d12b4facb71c87fce42c011c55b7083ce68db33fa4695adb478695de9
cmb_472ae1d0dbb752272290ff82add2,Phil 8717,99-1793,"Nov. 01, 2012",2012-11-01,ok,Cross combination.xlsx,Phil 8717,C3,3,3,1fcc70425a72a99ed4f15cb1897b6de5e2374f66a9aead66238a80dafc9acb22
cmb_a685806bebfbdf81ff391e360990,Phil 8717,04-1011,"Nov. 01, 2012",2012-11-01,ok,Cross combination.xlsx,Phil 8717,D3,3,4,6c3b48546fd0283261ef6ded95855b1ed873ca1d6614d46a2a3344901fb8dc5c
cmb_58ec38145fd8ca47712fd5f833e6,Phil 8717,03-1389,"Oct. 28, 2013",2013-10-28,ok,Cross combination.xlsx,Phil 8717,B4,4,2,15e3c198f7169f45dce13d7969642ed2f3d9734f4cbe7b5331ecb334719fd96c
cmb_281e6f0e4fc976e3738fafb1f627,Phil 8717,93-2349,"Oct. 28, 2013",2013-10-28,ok,Cross combination.xlsx,Phil 8717,C4,4,3,ae68d4d1df9ebb2415841ab22423da1c65e9d29f8e522b75b4ecb92f7bcb5f94
cmb_624e5fda14696edb2274ccb6d547,Phil 8717,01-0295,"Oct. 28, 2013",2013-10-28,ok,Cross combination.xlsx,Phil 8717,D4,4,4,c093fc7d2a51c51b3cd0eb25c5ebc682b99004c870a74c91b581b48347f58859
cmb_eec98e534a402fbab962f5e89c7c,Phil 8717,Q102,"Nov. 05, 2015",2015-11-05,ok,Cross combination.xlsx,Phil 8717,B5,5,2,90190f569a23c61a8bd1daa8d8767fa2de56d969487330ca78d7eba40ea1f4b7
cmb_876053dece2a4c07d9873404d095,Phil 8717,93-0775,"Nov. 05, 2015",2015-11-05,ok,Cross combination.xlsx,Phil 8717,C5,5,3,b0e966ccd12ef1b33149f21c65a06a9a13238b75d400cac0c5b9b501707ccef5
cmb_328ae5b854cce7085fcbdc8eee10,Phil 8717,90-0085,"Nov. 05, 2015",2015-11-05,ok,Cross combination.xlsx,Phil 8717,D5,5,4,e49d85f5a53e6c7acc515fba3c7d0a3c5d455280052973646549dfbb45d7d119
cmb_a030e327cfe2f6b0369a29ebdc2a,Phil 8717,05-1197,"Nov. 05, 2015",2015-11-05,ok,Cross combination.xlsx,Phil 8717,E5,5,5,e9bcb5774e7eff27418215670f5ba27885e924ead04976bee20f0604351b8f0a
cmb_108e095b91c89b2d88b7f530ded7,Phil 8717,97-0693,"Nov. 02, 2016",2016-11-02,ok,Cross combination.xlsx,Phil 8717,B6,6,2,9665bcff145c05aff42fef145fde54bb5ba1367039b617a0d1c2442415f941b6
cmb_6c87fdbd95bce772e46c541b3981,Phil 8717,97-2041,"Nov. 02, 2016",2016-11-02,ok,Cross combination.xlsx,Phil 8717,C6,6,3,f7d5086950aaeb91447c85255236420a631704cf5ae7cd06b045ffbb3ef5734e
cmb_cf9223832019a3a4acdb1a3526e7,Phil 8717,04-1011,"Nov. 02, 2016",2016-11-02,ok,Cross combination.xlsx,Phil 8717,D6,6,4,f726814c4f195a9679aaf60bcd832f1d3be15e6c131d0f81d91a04a464ee76ea
cmb_ea629fe11273d6d66cd19e3348fc,Phil 8717,06-1899,"Nov. 02, 2016",2016-11-02,ok,Cross combination.xlsx,Phil 8717,E6,6,5,3b7c48175f648b9b7d022c14ca801082fea5eef819a571f5c2a0bdef1a97036e
cmb_050484a6dae172fb4a0f8c6889e1,Phil 8717,99-1793,"Nov. 03, 2017",2017-11-03,ok,Cross combination.xlsx,Phil 8717,B7,7,2,99d959d47300b0a46ebaf51a4e8acd682b587c7b51558a59c1dd3e792aa5f135
cmb_724eb1c511771762ca9762fb3c3c,Phil 8717,91-1091,"Nov. 03, 2017",2017-11-03,ok,Cross combination.xlsx,Phil 8717,C7,7,3,94da363371bbae1551b0c20db823a2e6ac753b04c424646faeb5fae6bd369c4a
cmb_9d5d16ac574e772b72a8b7ca2e5f,Phil 8717,00-2569,"Nov. 03, 2017",2017-11-03,ok,Cross combination.xlsx,Phil 8717,D7,7,4,290de4ac052b7acbde83d104510ab3412185ca49180de7867c446416ba7cf5dc
cmb_23ca5804473df57488b3ab145a00,Phil 8717,94-0221,"Nov. 03, 2018",2018-11-03,ok,Cross combination.xlsx,Phil 8717,B8,8,2,9f3d810b365c84758b6ca60a5cfb24b01eac9e8420567f59cbe2ec4722fa1fae
cmb_5b6910736988ce1afe9f33795719,Phil 8717,97-3501,"Nov. 04, 2019",2019-11-04,ok,Cross combination.xlsx,Phil 8717,B9,9,2,c2be33b6325a413fee88070c5dae9ce85a21d0d86b41bbe487b1966f7d9df3c3
cmb_02dd0c4ac082768a01e36df81e57,Phil 8717,99-1793,"Nov. 04, 2019",2019-11-04,ok,Cross combination.xlsx,Phil 8717,C9,9,3,a27335997ec3e166cb907e4cb7c6a2515aabc030579b45265c1a4797b3c60e51
cmb_fb489bed736e4174e27cff78156a,Phil 8717,93-2349,"Nov. 05, 2020",2020-11-05,ok,Cross combination.xlsx,Phil 8717,B10,10,2,a659a37910f0c59211532fe455e07d24c96f23a4642dbc2694b0ffab67589c37
cmb_aabee2198055c4eea6a03d03e854,Phil 8717,04-1011,"Nov. 05, 2020",2020-11-05,ok,Cross combination.xlsx,Phil 8717,C10,10,3,a1e6356580152fdabb4256bedfcbc832632faef4becb1f7182d23bcf31895ca0
cmb_4f7ef22804b735f2a1398a0da775,Phil 8717,Q102,"Nov. 03, 2021",2021-11-03,ok,Cross combination.xlsx,Phil 8717,B11,11,2,6b770c2f6aa5f88afb999cb130f7439d04a8942a5cbdf9a081d285179c68a494
cmb_625c653192d3ce961bfe8416432b,Phil 8717,09-1969,"Nov. 03, 2021",2021-11-03,ok,Cross combination.xlsx,Phil 8717,C11,11,3,4ff75b071d3bda2286f1eae591bbf17d04644159677aab2998543e89bca0eeaf
cmb_c6e50ecc9540f2c2945d1f32caff,Phil 8717,91-1091,"Nov. 03, 2021",2021-11-03,ok,Cross combination.xlsx,Phil 8717,D11,11,4,b242a472352adcd7d0d0f374b2d19078f19844ab6c2ded4f2d1eba807bc3f6bc
cmb_e922295676cc138066c766d6e5f9,Phil 8717,91-0909,"Nov. 03, 2021",2021-11-03,ok,Cross combination.xlsx,Phil 8717,E11,11,5,3826ca3b3991cc03440c331205f8a8fceb08b9fc0271b9344c82d02c932d252b
cmb_2ccf2c201eafc58ba87898c3c519,Phil 8717,09-0919,"Nov. 03, 2021",2021-11-03,ok,Cross combination.xlsx,Phil 8717,F11,11,6,6067daeaf9d2baa6bf9a1a63bc2988eb32959d885fd47295c9f9399fe65622db
cmb_21a4869b4a3dbee177a495907f45,Phil 8717,7115,"Oct. 28, 2022",2022-10-28,ok,Cross combination.xlsx,Phil 8717,B12,12,2,e72de70aa7b684562b846f8312d49f6f596c2fde70ef4dc0008e580f739aa033
cmb_6af8beb5886d4e3344a8cb5cb196,Phil 8717,10-0149,"Oct. 28, 2022",2022-10-28,ok,Cross combination.xlsx,Phil 8717,C12,12,3,8ec6c8f3f4f77874f5cf769da3bf52854e09baeba625a2eadf442c6a85207ef8
cmb_eeb7eddf8e4ee1cc4a43d281bde0,Phil 8717,06-1899,"Oct. 28, 2022",2022-10-28,ok,Cross combination.xlsx,Phil 8717,D12,12,4,e5225a3386595a23db8be86cbe11ce9a3387f8609b46ab0456bc7d9f8f97c3b3
cmb_ad15af3058a7aa935176b132e581,Phil 8717,00-2569,"Oct. 28, 2022",2022-10-28,ok,Cross combination.xlsx,Phil 8717,E12,12,5,1bed37459f6f02d9e7cfdff22a50e88a71983f4efe7ec5b10d8ca96dcc31047e
cmb_07e31fc83c86276252bc745e76c9,Phil 8717,99-1793,"Oct. 28, 2022",2022-10-28,ok,Cross combination.xlsx,Phil 8717,F12,12,6,baf8f021251c670d9c1a29642684bf35bb9c6b879276833ef9660292dc0745fc
cmb_dccf228a542d8f08e242f9dc9202,Phil 8717,04-1011,"Oct. 28, 2022",2022-10-28,ok,Cross combination.xlsx,Phil 8717,G12,12,7,16712d3afd530fb600607998487e4c6d04124e9fb86160ed1966c738af229f97
cmb_993f437efe259d2518551a4a0b97,Phil 8717,09-0919,"Oct. 28, 2022",2022-10-28,ok,Cross combination.xlsx,Phil 8717,H12,12,8,7340a7e532728a1668293969bd211e5a97ee7ea807de14fdbbb99f00ff7bc20d
cmb_e6910fd09606f0ed129754b01ad5,Phil 8727,97-3933,"Nov. 11, 2012",2012-11-11,ok,Cross combination.xlsx,Phil 8727,B3,3,2,f950a497920779c3238076e7650e0d7d71b14b59a3071701080ae61a739e82ce
cmb_da7b2617eb8c49233c2f082d81a9,Phil 87-30-0121,99-1793,"Oct. 31, 2013",2013-10-31,ok,Cross combination.xlsx,Phil 87-30-0121,B3,3,2,9a5de0601de7e0fa22e5c05a0651bbe964f5a6e38183d0beb4efbc4b6bee83ce
cmb_eef168fb193756716098856404bf,Phil 87-30-0121,06-2191,"Oct. 31, 2013",2013-10-31,ok,Cross combination.xlsx,Phil 87-30-0121,C3,3,3,a018d34ea3d90c2f97359495ed6b14544e872050881a41916cbcff9cc43257b9
cmb_c1a8f36e4f12f9662412b212ace9,Phil 8723 Phil 87-195-0409,PSR 2001-105,"Nov. 05, 2012",2012-11-05,ok,Cross combination.xlsx,Phil 8723 Phil 87-195-0409,B3,3,2,3eaed2807b6475c4e0045bd68a836492bd836480f4fb1349518df29d408e3cc4
cmb_e3ab025caceb714ac4b6a58f3992,Phil 8723 Phil 87-195-0409,PSR 2000-343,"Nov. 05, 2012",2012-11-05,ok,Cross combination.xlsx,Phil 8723 Phil 87-195-0409,C3,3,3,0869e4a42cfdf2055cab70ec7fc7629b9aa1f066dc4ef0b39a11b154c50f70d9
cmb_f955e14eeee2eb62ae6158c386ac,Phil 8723 Phil 87-195-0409,93-3301,"Nov. 05, 2012",2012-11-05,ok,Cross combination.xlsx,Phil 8723 Phil 87-195-0409,D3,3,4,da69c0a5a736cb8299337f855c534e726b0607e97ac61120ddfbe095eb834337
cmb_1a68abf1324c80b75bd4aafe6760,Phil 8723 Phil 87-195-0409,99-173,"Nov. 05, 2012",2012-11-05,ok,Cross combination.xlsx,Phil 8723 Phil 87-195-0409,E3,3,5,b00d03e1bb24472b58f60fa9d48149cdcb8504b9a50887f771a6749f4c85fc5a
cmb_9a56ec37404d26ad454617095551,Phil 8723 Phil 87-195-0409,VMC 74-527,"Nov. 01, 2013",2013-11-01,ok,Cross combination.xlsx,Phil 8723 Phil 87-195-0409,B4,4,2,a732bb183466a06375ac4f079d40e5c86e39bc416d3900cdd182f49d4b50a0f1
cmb_c0ea61ddc694d65f02e9df702f44,Phil 8723 Phil 87-195-0409,83-4097,"Nov. 01, 2013",2013-11-01,ok,Cross combination.xlsx,Phil 8723 Phil 87-195-0409,C4,4,3,661f776c32677e6461947e8dfd6d62ec871593846a926704ae25a6df84c08971
cmb_35910896254bfe872e5a1883c261,Phil 8723 Phil 87-195-0409,7464,"Nov. 01, 2013",2013-11-01,ok,Cross combination.xlsx,Phil 8723 Phil 87-195-0409,D4,4,4,1798712ffc054216507c5cb905c08c41fe21935e024e4f332a0d39a4befd39d8
cmb_a40dcc8c3d67233a1cbe7ac10f26,Phil 8723 Phil 87-195-0409,03-1389,"Nov. 01, 2013",2013-11-01,ok,Cross combination.xlsx,Phil 8723 Phil 87-195-0409,E4,4,5,3638f44956344bda1186fc989cfd09c8465b3196b9d6dc22feacb927c3000e90
cmb_4d40c217b1d5a31027589a4e5874,Phil 8723 Phil 87-195-0409,05-1197,"Nov. 15, 2014",2014-11-15,ok,Cross combination.xlsx,Phil 8723 Phil 87-195-0409,B5,5,2,5d7821ceb66e8ea804f2cb10046ef139f86d9859dcb6ffada0e6e1c40745231a
cmb_7825af8ac4c592652b854fd24e71,Phil 8723 Phil 87-195-0409,80-5619,"Nov. 11, 2015",2015-11-11,ok,Cross combination.xlsx,Phil 8723 Phil 87-195-0409,B6,6,2,0494f5f2a4030df283c7ddc366b31b0e49c2835479b56c81d9520b8dfb55a8d3
cmb_93976a549d4613b6c36025e39b1d,Phil 8723 Phil 87-195-0409,93-2349,"Nov. 11, 2015",2015-11-11,ok,Cross combination.xlsx,Phil 8723 Phil 87-195-0409,C6,6,3,10811bf30f4b8a88cdda9e2723d1ca684ed252b57716c12ad376bc6b9bd5d41c
cmb_2ce96393d9cb569f59a77f822d92,Phil 8723 Phil 87-195-0409,04-1011,"Nov. 11, 2015",2015-11-11,ok,Cross combination.xlsx,Phil 8723 Phil 87-195-0409,D6,6,4,afb92714361eb0e01a790f55f8da12b87ce7f3385c8560039d57f539c0e90e6e
cmb_ff69bac036c54e3b02e755f05a13,Phil 8723 Phil 87-195-0409,88-1691,"Nov. 08, 2016",2016-11-08,ok,Cross combination.xlsx,Phil 8723 Phil 87-195-0409,B7,7,2,8a14d7b038c9e4e084bb24456e5a7bfcc0243fea5a170b36131c33ff30a2b505
cmb_885bf61bc6ac2ca77e70cd6eff43,Phil 8723 Phil 87-195-0409,97-3501,"Nov. 08, 2016",2016-11-08,ok,Cross combination.xlsx,Phil 8723 Phil 87-195-0409,C7,7,3,7f3841d38ee1037b933a37a4e407c55d1a34010257cf89207ddc7f303ea561d4
cmb_c02bebdec4c5220fc85abb5cc7b2,Phil 8723 Phil 87-195-0409,05-0645,"Nov. 08, 2016",2016-11-08,ok,Cross combination.xlsx,Phil 8723 Phil 87-195-0409,D7,7,4,e9288e4a56977e8e611170d2b8cca89aeb70a9d9fc941b64ee24bb7bfc784dca
cmb_d14ed57ee921a65ca1ab0ce5cb37,Phil 8723 Phil 87-195-0409,91-0661,"Nov. 08, 2016",2016-11-08,ok,Cross combination.xlsx,Phil 8723 Phil 87-195-0409,E7,7,5,98954b4381657d2efc687ca0c88262fb6305611125c5e591670eed38e5c517b6
cmb_db6689840c14669ed23050a43ad5,Phil 8723 Phil 87-195-0409,Q102,"Nov. 07, 2017",2017-11-07,ok,Cross combination.xlsx,Phil 8723 Phil 87-195-0409,B8,8,2,86b19ef4fe8b953c777eea8e1016d56e8902fe2c458b3647972ca042b3d960fa
cmb_9d8954735a766b9c3eb4189bbed5,Phil 8723 Phil 87-195-0409,91-1091,"Nov. 07, 2017",2017-11-07,ok,Cross combination.xlsx,Phil 8723 Phil 87-195-0409,C8,8,3,741424dbdea066d2ca9b752c6379d536185b1ec4af867cf1a6da2539ee53c27d
cmb_a43764897f0cb84f128b55919ae6,Phil 8723 Phil 87-195-0409,99-1793,"Nov. 07, 2017",2017-11-07,ok,Cross combination.xlsx,Phil 8723 Phil 87-195-0409,D8,8,4,b0b8ed413b6960d0411b9f26634d8aa0dc220f4b7bdd0367501495e551cfd609
cmb_acef1be9713450cd310b5621a640,Phil 8723 Phil 87-195-0409,04-1011,"Nov. 07, 2017",2017-11-07,ok,Cross combination.xlsx,Phil 8723 Phil 87-195-0409,E8,8,5,073457c02b190d7de9d9c5bd4a061c655c51669cdb46772bbf74cfbd2fb8982d
cmb_7aff0c0d27e4538be4c59871bf1f,Phil 8723 Phil 87-195-0409,94-0913,"Nov. 07, 2017",2017-11-07,ok,Cross combination.xlsx,Phil 8723 Phil 87-195-0409,F8,8,6,a8841b10fce1aa0da6cc4b4895a0156738728cdf91b8c33c787dc77ed11bf455
cmb_f9453b8d9e343d867b44065110e0,Phil 8723 Phil 87-195-0409,95-1029,"Nov. 07, 2017",2017-11-07,ok,Cross combination.xlsx,Phil 8723 Phil 87-195-0409,G8,8,7,17bef595c3db29361d2abcc17b79e5d3e4a24a09095514ef26ecad5b349a0e7c
cmb_469c8cf2785c5e393fb4ae7164c2,Phil 8723 Phil 87-195-0409,94-0221,"Nov. 07, 2017",2017-11-07,ok,Cross combination.xlsx,Phil 8723 Phil 87-195-0409,H8,8,8,e0844ac56e6dd3bae21ffa53d42e1f8911b6d8b673478d68fbb0b4bb9f03dfcd
cmb_49a8dff5f199b33ffbb0378a5551,Phil 8723 Phil 87-195-0409,05-1197,"Nov. 07, 2017",2017-11-07,ok,Cross combination.xlsx,Phil 8723 Phil 87-195-0409,I8,8,9,a7fa5131dd95deda37ac1120db1cf196adc7c5000e4f630a8026891b4d864ab7
cmb_76b1f116387d649f90fba28b936b,Phil 8723 Phil 87-195-0409,7115,"Nov. 03, 2018",2018-11-03,ok,Cross combination.xlsx,Phil 8723 Phil 87-195-0409,B9,9,2,44d76a3f3fed3f553395c04f5f439837045def0aa32d3b0642fb306c26179c87
cmb_e14faab37fc75d2dd88e7581debe,Phil 8723 Phil 87-195-0409,8829,"Nov. 03, 2018",2018-11-03,ok,Cross combination.xlsx,Phil 8723 Phil 87-195-0409,C9,9,3,bf234e07d86e131fc08ab457eccd878020f8ce40128126699bb255e50de9b60b
cmb_7f96949d4819a3f421dbb1dc021f,Phil 8723 Phil 87-195-0409,99-1793,"Nov. 04, 2019",2019-11-04,ok,Cross combination.xlsx,Phil 8723 Phil 87-195-0409,B10,10,2,d385613fa42e909941a7eaf7f9857e0ff8d4b291383a14755b24743c3d8eb96a
cmb_a858495a2687a943a5beef7d24ba,Phil 8723 Phil 87-195-0409,06-1899,"Nov. 04, 2019",2019-11-04,ok,Cross combination.xlsx,Phil 8723 Phil 87-195-0409,C10,10,3,02eefdd9027b17b486a90a8195dad86a9f60df7d45fa67a610f659b2e5d67667
cmb_970b08c8efcf42ba802575ed7bcd,Phil 8723 Phil 87-195-0409,04-1011,"Nov. 04, 2019",2019-11-04,ok,Cross combination.xlsx,Phil 8723 Phil 87-195-0409,D10,10,4,b32b609483445e881704dd2af4502a79b4e75101645314ea6e807c4d01992e8a
cmb_f01267f70c466deeb7ab472a6acd,Phil 8723 Phil 87-195-0409,80-5619,"Nov. 04, 2020",2020-11-04,ok,Cross combination.xlsx,Phil 8723 Phil 87-195-0409,B11,11,2,de8c60bbd160a4b17677db69be87cbe77a8b44f6f464822e32e259266c0b3b78
cmb_5cd64dee18f0403795bf2b8b323c,Phil 8723 Phil 87-195-0409,97-0687,"Nov. 04, 2020",2020-11-04,ok,Cross combination.xlsx,Phil 8723 Phil 87-195-0409,C11,11,3,0f1cdcffa491915d4fb0cc769c71b08503108f417b3fae8a44ca49bd559711da
cmb_2a6673d18b7745ee37ef1869789b,Phil 8839Phil 88-786-1925,97-3933,"Nov. 13, 2013",2013-11-13,ok,Cross combination.xlsx,Phil 8839Phil 88-786-1925,B3,3,2,e659b2ba850b91c8f5e6dff742192e19abe6598ee653c01e5c005f213bcc77ed
cmb_d7ebd3bb060f99d97cacf2cf0172,Phil 8839Phil 88-786-1925,04-1011,"Nov. 13, 2013",2013-11-13,ok,Cross combination.xlsx,Phil 8839Phil 88-786-1925,C3,3,3,a8534c542423df5935c5fa8f278a1ff585825a6cdce111dfd1b75c74ecabb323
cmb_485f264a939ab0dc59b9ed82d6b7,Phil 8829_Phil 88-119-0357,6607,"Oct. 27, 2012",2012-10-27,ok,Cross combination.xlsx,Phil 8829_Phil 88-119-0357,B3,3,2,2a1de24ecac458778b9f64793691faf632618fa73a11d9aeb662a323cea30800
cmb_8f5527c48d306a557b5e6675fc5a,Phil 8829_Phil 88-119-0357,8727,"Oct. 27, 2012",2012-10-27,ok,Cross combination.xlsx,Phil 8829_Phil 88-119-0357,C3,3,3,0fd4573515579b0a8be4296fe6e31e969b8581ca605d1babc20ab245dd367f6c
cmb_4372664984f3f1e1dfa75eafe0b9,Phil 8829_Phil 88-119-0357,99-1189,"Oct. 27, 2012",2012-10-27,ok,Cross combination.xlsx,Phil 8829_Phil 88-119-0357,D3,3,4,8e51ec21837fafa8e3505e4b8c213dcf00b5aa99371467eed6a291f3b3c6d6b4
cmb_32ecff1d9d7c184c65fce03b2763,Phil 8829_Phil 88-119-0357,03-2063,"Oct. 27, 2012",2012-10-27,ok,Cross combination.xlsx,Phil 8829_Phil 88-119-0357,E3,3,5,2fbb78e9cfa0220477e231d67ecdd839f35e787b6e43344e96dfc52df02ca3be
cmb_56aea21131f8175c4a9b02e99691,Phil 8829_Phil 88-119-0357,04-1011,"Oct. 27, 2012",2012-10-27,ok,Cross combination.xlsx,Phil 8829_Phil 88-119-0357,F3,3,6,3a2ec0f07db7c6174243387b0bc1f1814f9ff5c9c0cffad0d9a6f4d9cb5f19ae
cmb_ca18a1ae25c35588e361eb02e6f7,Phil 8829_Phil 88-119-0357,91-1091,"Oct. 27, 2012",2012-10-27,ok,Cross combination.xlsx,Phil 8829_Phil 88-119-0357,G3,3,7,39eb23f8000e4863b86a4fb075323259807c6c4db259d57dc36c77395c52da04
cmb_c154640b3175432397691747c2ce,Phil 8829_Phil 88-119-0357,04-0017,"Oct. 27, 2012",2012-10-27,ok,Cross combination.xlsx,Phil 8829_Phil 88-119-0357,H3,3,8,7afbc116a35c56b13a876fc5b7905e45f519d0b5017397e989b902ee4396d316
cmb_70bd54c75eddf5338014c75fb970,Phil 8829_Phil 88-119-0357,97-3933,"Oct. 27, 2012",2012-10-27,ok,Cross combination.xlsx,Phil 8829_Phil 88-119-0357,I3,3,9,402f045d64abea980357dcc1bc4fa287b63402a2ad0e145c40213b0e7f74ac6a
cmb_1873df5fe2522361394f95f5f1ad,Phil 8829_Phil 88-119-0357,92-0051,"Oct. 29, 2013",2013-10-29,ok,Cross combination.xlsx,Phil 8829_Phil 88-119-0357,B4,4,2,2ebd0d92038ee776641b7ca63df8c5bd0c7acad49e594236b8f08372a47500f7
cmb_fe26fa1ffe71729b8e3385fc24b7,Phil 8829_Phil 88-119-0357,92-0577,"Oct. 29, 2013",2013-10-29,ok,Cross combination.xlsx,Phil 8829_Phil 88-119-0357,C4,4,3,c917411a04e75c4768363438079f85502eb6bb24d664a1eaec21e882c0524302
cmb_ca8123f6a025db2c41f19694dc5b,Phil 8829_Phil 88-119-0357,99-1793,"Oct. 29, 2013",2013-10-29,ok,Cross combination.xlsx,Phil 8829_Phil 88-119-0357,D4,4,4,36a7c0c13f0901003f12241afe9cdf5933ff16973c7175882a8c56f6a78dfbcc
cmb_aad0b0bd21ce63bbbea8d77ea95d,Phil 8829_Phil 88-119-0357,94-0913,"Oct. 29, 2013",2013-10-29,ok,Cross combination.xlsx,Phil 8829_Phil 88-119-0357,E4,4,5,988a89701ff04574996d8bc7eba18bb5a3bcbe3ca0d5801e01ebe9fe5c777e29
cmb_2dfced523150e725e2e8464399c9,Phil 8829_Phil 88-119-0357,2005-1197,"Oct. 06, 2014",2014-10-06,ok,Cross combination.xlsx,Phil 8829_Phil 88-119-0357,B5,5,2,f057275330f8416c1b350496c0f36c7b7b59e70c85801a0651f2352038263e68
cmb_862b5de96c274e3f168352392cc5,Phil 8829_Phil 88-119-0357,93-2349,"Oct. 13, 2015",2015-10-13,ok,Cross combination.xlsx,Phil 8829_Phil 88-119-0357,B6,6,2,50dc3703b51e3a67b48918632b5f01ead5b404e418d00b1d243f078b5a0b9dc7
cmb_ff45263a711c123a8c4e2a12b8de,Phil 8829_Phil 88-119-0357,91-0061,"Oct. 13, 2015",2015-10-13,ok,Cross combination.xlsx,Phil 8829_Phil 88-119-0357,C6,6,3,b294745b65c9b07006b58b02466d47b34d41c021d02177a39b0b7293e2996e05
cmb_a1544c79af6930138cdcd15ccd5f,Phil 8829_Phil 88-119-0357,VMC 74-527,"Oct. 01, 2018",2018-10-01,ok,Cross combination.xlsx,Phil 8829_Phil 88-119-0357,B7,7,2,2db9a72cc18be8a29fa4b764d3a75aa41cdd89d573fce0a9b3ea5928452097df
cmb_cc5bbcc6821eb1a0d75b65e30b17,Phil 8829_Phil 88-119-0357,80-5613,"Oct. 01, 2018",2018-10-01,ok,Cross combination.xlsx,Phil 8829_Phil 88-119-0357,C7,7,3,70ef3c54f0b30c80bf0df669f71ca0b44abebfe659fd345d01a20ac7348a2864
cmb_1777382f6879c2f94e5f38a0c78e,Phil 8829_Phil 88-119-0357,8013,"Oct. 01, 2018",2018-10-01,ok,Cross combination.xlsx,Phil 8829_Phil 88-119-0357,D7,7,4,9916465ce76a086efcf4c13e2e4a92c362a5a529162c1f41299c05ca34d8cc7d
cmb_1a9e26f60a1a2dd76d6f51c271ec,Phil 8829_Phil 88-119-0357,99-1793,"Oct. 01, 2018",2018-10-01,ok,Cross combination.xlsx,Phil 8829_Phil 88-119-0357,E7,7,5,636df8bd8636361a41bf16097e26071151cd5d20aab2cc7ab3ecaafad85a67f3
cmb_f6473a0f609ce070b773a6c62569,Phil 8829_Phil 88-119-0357,8723,"Oct. 02, 2019",2019-10-02,ok,Cross combination.xlsx,Phil 8829_Phil 88-119-0357,B8,8,2,ba97339beb1e1eeeef9dbe015656226bbb7f422d9bdb4369f745f407f731fb1f
cmb_2a257b2be80e877ef3f1a1d2c8f4,Phil 8829_Phil 88-119-0357,8013,"Oct. 02, 2019",2019-10-02,ok,Cross combination.xlsx,Phil 8829_Phil 88-119-0357,C8,8,3,fa71677bedd04b8110c5f0ff0b2a1123fda351761ca56d6308382f3492eca1e4
cmb_c1b62832cb2642e393ca9ce72b4b,Phil 8829_Phil 88-119-0357,99-1793,"Oct. 02, 2019",2019-10-02,ok,Cross combination.xlsx,Phil 8829_Phil 88-119-0357,D8,8,4,b7a94a1afc1b2cdbcd24621d35e1a7de04b9b1f72c2851a81d17cc69da656a49
cmb_2c273f3abd514ab6b4df6e1421f5,Phil 8829_Phil 88-119-0357,04-1011,"Oct. 02, 2019",2019-10-02,ok,Cross combination.xlsx,Phil 8829_Phil 88-119-0357,E8,8,5,6c965b7227941519e5df7c997a42eaeabf1ccfcb744b2af350b0f6a2f3579db3
cmb_ab79ecd21bd7400eaf8cef602094,Phil 8829_Phil 88-119-0357,09-1969,"Oct. 09, 2021",2021-10-09,ok,Cross combination.xlsx,Phil 8829_Phil 88-119-0357,B9,9,2,9663a3472ea7a6af507cab6d902172a75c20f6de26dc523d3051fbe87a688c9c
cmb_78e549943430ff10c853897ffb8f,Phil 88-121-0363,03-0933,"Oct. 22, 2012",2012-10-22,ok,Cross combination.xlsx,Phil 88-121-0363,B3,3,2,a02817e01d8ae3c762b3e998950f2f362676e12140553213ff41848fe1e07e69
cmb_05978f48fed08972083bca4d8342,Phil 88-121-0363,99-1793,"Oct. 22, 2012",2012-10-22,ok,Cross combination.xlsx,Phil 88-121-0363,C3,3,3,66d3ed2af7ff700fc42537ddf3ca93e06d88f76ddefe274c77945e94612cd8a5
cmb_bd9eb6b855cf20ce5a02609d31ea,Phil 88-121-0363,03-2063,"Oct. 22, 2012",2012-10-22,ok,Cross combination.xlsx,Phil 88-121-0363,D3,3,4,7d3fae8bf8030097c8e3828d65d9576f138011c41fb5dceb40e4954d126117aa
cmb_c1a2987ad2b8dd23fc5b5c369fee,Phil 88-121-0363,00-1937,"Oct. 22, 2012",2012-10-22,ok,Cross combination.xlsx,Phil 88-121-0363,E3,3,5,eac68836a61ddccacf8b8f69ce6ff90a4afc23a3f0da8d81f12aa47044422f07
cmb_49eae1d38d96a87d4ba3ce308755,Phil 88-121-0363,99-1523,"Oct. 22, 2012",2012-10-22,ok,Cross combination.xlsx,Phil 88-121-0363,F3,3,6,b4634ee2367f4a5eb71ad9006d8b3c05ea1e7ee4b1fbda1b6f06505cc4a9dbfa
cmb_72b5c6098fe1690c3ad53474c8b9,Phil 88-121-0363,00-2569,"Oct. 21, 2013",2013-10-21,ok,Cross combination.xlsx,Phil 88-121-0363,B4,4,2,e51aead1d85b7092b1f021aedfd66d5054982cd86715f48ecb887a308f7c273d
cmb_c2399bd6220269429a290f76b786,Phil 88-121-0363,00-1537,"Oct. 21, 2013",2013-10-21,ok,Cross combination.xlsx,Phil 88-121-0363,C4,4,3,3af42c06b0925069ead10e9932ac763d8c996ed0d21781fa15586312d3a2306c
cmb_305853d1c712524aee53001d9eff,Phil 88-121-0363,90-0557,"Oct. 21, 2013",2013-10-21,ok,Cross combination.xlsx,Phil 88-121-0363,D4,4,4,b37f21d86650ddbe4f297342c71d06ce2eb8cc32042610a9161642b54ceb6bd7
cmb_35b6548bfab6d5cc341a8143e1d4,Phil 88-121-0363,92-0577,"Oct. 21, 2013",2013-10-21,ok,Cross combination.xlsx,Phil 88-121-0363,E4,4,5,f57da5b005a7b6a95e63c82554929f43ed0f4067ce3e14061e8187eca7018540
cmb_5296b76b7b9e472f63aeba89e060,Phil 88-121-0363,03-1389,"Oct. 26, 2014",2014-10-26,ok,Cross combination.xlsx,Phil 88-121-0363,B5,5,2,c97230f111b3c22ee56f899f1ffaaba0b0dc66a4231f588ec1d1b8e157f0d5d6
cmb_284fbdcac0684203f265b65cd702,Phil 88-121-0363,06-2299,"Oct. 26, 2014",2014-10-26,ok,Cross combination.xlsx,Phil 88-121-0363,C5,5,3,0fd89df3aa23ed22825925f029c5efb598f657fc259d69685bf0d36ae40ebe9d
cmb_960450f41f0bd7c2e48ef2294f2c,Phil 88-121-0363,8943,"Oct. 30, 2015",2015-10-30,ok,Cross combination.xlsx,Phil 88-121-0363,B6,6,2,a710db75d9bb6765f0e68d0e50a6405ecae7f4b4c4b35b723b8d602d86334fbd
cmb_9092e3f3ac578b9b525e963b4248,Phil 88-121-0363,93-2349,"Oct. 30, 2015",2015-10-30,ok,Cross combination.xlsx,Phil 88-121-0363,C6,6,3,0bff089ac078192b59e8bae6faec5a76f1007e68c0522da27c9db9268384eee0
cmb_3b0dee6e26389f522a7595f0d831,Phil 88-121-0363,97-2041,"Oct. 30, 2015",2015-10-30,ok,Cross combination.xlsx,Phil 88-121-0363,D6,6,4,8f9b1e423a78668165a3548458722482b222dcb4c4fc7506e447e0b88b8e3e98
cmb_28603dde86dd5f322e3f7acad1c1,Phil 88-121-0363,90-0085,"Oct. 30, 2015",2015-10-30,ok,Cross combination.xlsx,Phil 88-121-0363,E6,6,5,95b99a1d08dafe00afec033be0c78b00e42ecf2e8bd479a7e8d1872a9cdd3e81
cmb_f10cb86aa9fabaab70638b5de6fd,Phil 88-121-0363,Q102,"Oct. 29, 2016",2016-10-29,ok,Cross combination.xlsx,Phil 88-121-0363,B7,7,2,3abdbf099253172beea1ab07516313fc1f87df084cd9ab7512e237da50deaaa9
cmb_1f48af18ee23b3df7c02ee6baf8b,Phil 88-121-0363,93-1207,"Oct. 29, 2016",2016-10-29,ok,Cross combination.xlsx,Phil 88-121-0363,C7,7,3,960d830b17f34afdaed247feb5ad9bd51d9595f7ecd02259fec4634cac877795
cmb_ebf77b9a8f10295c533bd8e39923,Phil 88-121-0363,97-4435,"Oct. 29, 2016",2016-10-29,ok,Cross combination.xlsx,Phil 88-121-0363,D7,7,4,3a024461584ecdee277fe8fcd83b097533406167d4fe8add03e2e8cf83c296ed
cmb_5071bdcfc8cf62f55bf6f48acbfa,Phil 88-121-0363,92-0751,"Oct. 29, 2016",2016-10-29,ok,Cross combination.xlsx,Phil 88-121-0363,E7,7,5,f4aaa9194d09c1f051f976d2eb3240e22e4171732b8d2f61fece6adf471c4a59
cmb_0f03b09735ffc901de0ccc3d355f,Phil 88-121-0363,7747,"Oct. 28, 2017",2017-10-28,ok,Cross combination.xlsx,Phil 88-121-0363,B8,8,2,e5e026d4810c20477be2f2444adf9cd80b33828fcd2c8a29b15ea971e25fd4a1
cmb_0ff3f81c37a3eb2d8330e62f2dc8,Phil 88-121-0363,85-4345,"Oct. 28, 2017",2017-10-28,ok,Cross combination.xlsx,Phil 88-121-0363,C8,8,3,ce2f1813293457681456e45132ab679ba4ca0ed3789afe72f669553eda4a6903
cmb_a0befbbe66b4cbd15764c284a51e,Phil 88-121-0363,98-0255,"Oct. 28, 2017",2017-10-28,ok,Cross combination.xlsx,Phil 88-121-0363,D8,8,4,7391ab5bddd556129e46df2b200b1e5bed0f9e323daff4517bd84cc61e0b45c4
cmb_a3755807c11bbea59e1ccf67d4df,Phil 88-121-0363,04-1011,"Oct. 28, 2017",2017-10-28,ok,Cross combination.xlsx,Phil 88-121-0363,E8,8,5,98aef0b69601082dd76261fb5deb5855a64db4c98ed789c5b3b5d2c82afb68b3
cmb_8a58ee053e80b8396d63a7ba64e2,Phil 88-121-0363,78-3981,"Oct. 25, 2018",2018-10-25,ok,Cross combination.xlsx,Phil 88-121-0363,B9,9,2,2984ec5d3a759dbe5a5ee793728bb1faa85bbb58cb048d10e857b3dbcc1936b3
cmb_cea4c639df897e953d2b2f46aa90,Phil 88-121-0363,85-4345,"Oct. 25, 2018",2018-10-25,ok,Cross combination.xlsx,Phil 88-121-0363,C9,9,3,53384634951fd13e757e226d7009ba505839e07fd5c8973dd1ab5c636f83698a
cmb_d51f4d6c55fc4f55d3f4a0614df8,Phil 88-121-0363,98-0255,"Oct. 25, 2018",2018-10-25,ok,Cross combination.xlsx,Phil 88-121-0363,D9,9,4,fcb8e9a15aa2b34b9f9a334804ba395fb6ee5bcb30a523230edbfddd2606086f
cmb_040c7a3db78a9121d3afe67844ed,Phil 88-121-0363,90-0173,"Oct. 25, 2018",2018-10-25,ok,Cross combination.xlsx,Phil 88-121-0363,E9,9,5,77824ce44736954ac795846cff6b62f5b7961051bc1cb1f8a4be6ef9eb012143
cmb_aa03d0fc01226c00b6c4f2d92648,Phil 88-121-0363,97-0693,"Oct. 24, 2019",2019-10-24,ok,Cross combination.xlsx,Phil 88-121-0363,B10,10,2,c809fb50facd342bd52c15ca828d0e27f673bd4dbc177da3c0a8843f6294a577
cmb_7320072eebee1efdef117bec22a5,Phil 88-121-0363,93-1207,"Oct. 24, 2019",2019-10-24,ok,Cross combination.xlsx,Phil 88-121-0363,C10,10,3,c1651a47faea474ae02f44bddccac128124f3887279e0f1b4e05f1b21e70d1ca
cmb_25993af3419fc6f295bf7d90bf3b,Phil 88-121-0363,04-1011,"Oct. 24, 2019",2019-10-24,ok,Cross combination.xlsx,Phil 88-121-0363,D10,10,4,d9473729a9dcabdce10229c0a1ad433ca1e507f72f4ca1d444421c9fd11ad316
cmb_591881625424ecf6fec8522c76f5,Phil 88-121-0363,99-1793,"Oct. 24, 2019",2019-10-24,ok,Cross combination.xlsx,Phil 88-121-0363,E10,10,5,5cc6a6319602bbd45d91cf4a0c04e39020f3cb439c04cd092c1a0cfcdd9285a0
cmb_71203d1c94cb09803ec9d4f5d948,Phil 88-121-0363,93-2349,"Nov. 02, 2020",2020-11-02,ok,Cross combination.xlsx,Phil 88-121-0363,B11,11,2,3958a8182ee0c1cdaa0e7cf948600e4154ea72d10c82bb8015cbe60125cd4c2d
cmb_fe5d7b1a941328a231588d2b2d9c,Phil 88-121-0363,Q102,"Oct. 23, 2021",2021-10-23,ok,Cross combination.xlsx,Phil 88-121-0363,B12,12,2,81ba643d88bb03356bf0e0433b1ebc3edeb8c6cd7c3a5455daa42c18b75df5be
cmb_083f26db06209a04572d1190f661,Phil 88-121-0363,55-220,"Oct. 23, 2021",2021-10-23,ok,Cross combination.xlsx,Phil 88-121-0363,C12,12,3,57819f9e22dd73e193ec5ccf9309740c151a90716f8a67944849938a7d1d54b7
cmb_d513da3b3625574d67b2dc31130d,Phil 88-121-0363,92-14-1589,"Oct. 23, 2021",2021-10-23,ok,Cross combination.xlsx,Phil 88-121-0363,D12,12,4,b2941d9eb9d99405ad2eb8ea935f0839a5a0814d5f7bb1dd449191817cac8a4b
cmb_4576e165ea1ec0e3f2cf1ccbde09,Phil 88-121-0363,00-89-0599,"Oct. 23, 2021",2021-10-23,ok,Cross combination.xlsx,Phil 88-121-0363,E12,12,5,cb58cd86ae5d5244ad8bac8e1c15954b9366a54ff059c14fb02caf37a6ae1867
cmb_5d0f2656a04dff595b0d5b6b7b30,Phil 88-121-0363,10-0149,"Oct. 23, 2021",2021-10-23,ok,Cross combination.xlsx,Phil 88-121-0363,F12,12,6,0e454e6e93e1ef8e0a42f123c2134e2a35b4b7c661e79d3646e3b40c1b53e445
cmb_8229716cd8204feb74f6581bcb84,Phil 88-121-0363,93-68-0821,"Oct. 23, 2021",2021-10-23,ok,Cross combination.xlsx,Phil 88-121-0363,G12,12,7,acb4a8b61e8d9a7781efd48d8458d30c3ef147c98471c1dcdd433244ba361786
cmb_f6cd4da70d86dce8db566f9168df,Phil 88-121-0363,92-14-1589,"Oct. 23, 2021",2021-10-23,ok,Cross combination.xlsx,Phil 88-121-0363,H12,12,8,8e75a1a8806bb57ae419a406ef5aa7c4eec7e0359384eaa307f84ba6cf962a9c
cmb_a1b587a3f85fff9df749cbad6ef1,Phil 88-121-0363,00-89-0599,"Oct. 23, 2021",2021-10-23,ok,Cross combination.xlsx,Phil 88-121-0363,I12,12,9,abae6d0de0c81fc780c2be7da385a19a0b80bd08359e7e6a1fe9b316e1eba529
cmb_a0503ad6b47deb0813f4a3a77ca4,Phil 88-121-0363,10-0149,"Oct. 23, 2021",2021-10-23,ok,Cross combination.xlsx,Phil 88-121-0363,J12,12,10,a7de9aabb2c21a4c4d54b704ebd2dae8bbe36cf7171f1431421ce05adbccc279
cmb_bbca57b56f8b99df9af3365ee1c8,Phil 88-121-0363,93-68-0821,"Oct. 23, 2021",2021-10-23,ok,Cross combination.xlsx,Phil 88-121-0363,K12,12,11,1e442e2ef82acc77429a94722ef25d65f3afc2a5fd0e3d4f3e84f383efce980c
cmb_6a1b57583b7bbb69f280a0b4c979,Phil 88-121-0363,07-0563,"Oct. 23, 2021",2021-10-23,ok,Cross combination.xlsx,Phil 88-121-0363,L12,12,12,b3cafa49df13d1e0efad415489c0f3a0105769357afc4a9c5028461f2b233a00
cmb_6e92ef0dfa63ac1aca12a14b8f5d,Phil 88-121-0363,90-0345,"Oct. 23, 2021",2021-10-23,ok,Cross combination.xlsx,Phil 88-121-0363,M12,12,13,cc28e85336f5cb5d7c5f5b890aa4b8e9e5fe2e17682a82c7ac725da9ff197ebd
cmb_32ff94e4f7acf4fccf4e78d2f9c9,Phil 88-121-0363,09-1969,"Oct. 23, 2021",2021-10-23,ok,Cross combination.xlsx,Phil 88-121-0363,N12,12,14,779f9f4bed02ef72fd636c010240b67f286f1bc1a7330eb1f99e7628050c55f1
cmb_8205c0a7feee122c01de22172194,Phil 88-121-0363,91-138-0985,"Oct. 22, 2022",2022-10-22,ok,Cross combination.xlsx,Phil 88-121-0363,B13,13,2,64c83f7e1814719817f583deb51ee495a338ac722d302451e4680719c857c642
cmb_bd9e0f1bf82b4a12a9c9e6910074,Phil 88-121-0363,06-1899,"Oct. 22, 2022",2022-10-22,ok,Cross combination.xlsx,Phil 88-121-0363,C13,13,3,b99d0c18ce880a20e70e333239acdb344c07ae6a44078c00d1192ed5c31e0767
cmb_ccdbaa7edf5c0162578a5e4e8c8d,Phil 88-121-0363,2015-103,"Oct. 22, 2022",2022-10-22,ok,Cross combination.xlsx,Phil 88-121-0363,D13,13,4,9e0ac399f7cf8fc50fa3e8cdc717cb993392e165a2200a83edff84ea2fc8ff1f
cmb_c68b3e4c8f56a2d5431be3c530bc,Phil 88-121-0363,0867,"Oct. 22, 2022",2022-10-22,ok,Cross combination.xlsx,Phil 88-121-0363,E13,13,5,0af3fac1f05b2ce686202fd976981553a0bd048d95d458de4cda223be5823ae9
cmb_4d4ec1a3d2a3beca647a74d20d53,Phil 88-121-0363,98-37-0255,"Oct. 22, 2022",2022-10-22,ok,Cross combination.xlsx,Phil 88-121-0363,F13,13,6,9d2ae0cb14568253bbd799bd5fa90e9526875e41d5a5c7f8c895012967644d7c
cmb_0941c64d21ea7a2b588ab229fd15,Phil 88-121-0363,00-2569,"Oct. 22, 2022",2022-10-22,ok,Cross combination.xlsx,Phil 88-121-0363,G13,13,7,92cf0b35ddcc37c6d9a70f086e10f240e9f536f7daafe9c4b119c92a94016116
cmb_0fb59cef746ac36f12013384d31c,Phil 88-121-0363,93-190-2349,"Oct. 22, 2022",2022-10-22,ok,Cross combination.xlsx,Phil 88-121-0363,H13,13,8,87422e7c61bfd04434121e4e6a890772e3e244d814e0e982941b862cfe5b41d1
cmb_5e794957505b76cb077bc943ee33,Phil 88-121-0363,99-1793,"Oct. 22, 2022",2022-10-22,ok,Cross combination.xlsx,Phil 88-121-0363,I13,13,9,7367127937560bac070224604182a1a0c8dc2b49907e194ce8594fb71ace62a3
cmb_5727d1726e8a78d7107e19b33b69,Phil 88-620-1413,VMC 90-239,"Oct. 27, 2012",2012-10-27,ok,Cross combination.xlsx,Phil 88-620-1413,B3,3,2,009d1838218689971e5fda0f9910e2ba8dc87f6f2df597e7def14f5fe8b4dcb6
cmb_43d361128da0d6b2314b2b3e9240,Phil 88-620-1413,8715,"Oct. 27, 2012",2012-10-27,ok,Cross combination.xlsx,Phil 88-620-1413,C3,3,3,a3e2df557bad4eef926551e2c5248f39c78ee8d234031f0adb14f7042e2979ad
cmb_7c35606b8389375fb69880188132,Phil 88-620-1413,97-2041,"Oct. 27, 2012",2012-10-27,ok,Cross combination.xlsx,Phil 88-620-1413,D3,3,4,569e8dd6bb8f2869956ae0c9cd24c9fa12ec5fd253c1dc775b5be05017026740
cmb_32d39e456460a858e12dce09aa0e,Phil 88-620-1413,04-1011,"Oct. 25, 2013",2013-10-25,ok,Cross combination.xlsx,Phil 88-620-1413,B4,4,2,43eac10c66335bbe17e9fa72f3d571f4bf0b5d15c3ba2d191731f595d0139315
cmb_230ac2c64534c5361b96b4005e1b,Phil 88-620-1413,00-2569,"Oct. 25, 2013",2013-10-25,ok,Cross combination.xlsx,Phil 88-620-1413,C4,4,3,d5eb1510770f6f3bd73efc1b8ba0abe8e766dfe6193a851d1c6af95c0b2d07fd
cmb_15b090f83bc198fb0f9d92bcf7b9,Phil 88-620-1413,93-2349,"Oct. 25, 2013",2013-10-25,ok,Cross combination.xlsx,Phil 88-620-1413,D4,4,4,00385ecd59b60b730039403666e3a5dda4c19b2fee3a2afdc773f9c1df6a18b6
cmb_23fb60bf60119f18bbc63d990f9b,Phil 88-620-1413,91-1091,"Oct. 25, 2013",2013-10-25,ok,Cross combination.xlsx,Phil 88-620-1413,E4,4,5,0d3414bab0edef30085f3a52329576d7a36c2984be56f6f411bc30a0c1fed2ee
cmb_0a751213c9fa8cb32968498d0fa9,Phil 88-620-1413,03-1389,"Oct. 25, 2013",2013-10-25,ok,Cross combination.xlsx,Phil 88-620-1413,F4,4,6,033ddffcab352e7628c9123dca1ce4be1492e7c9545748bdf8792bc978800f3b
cmb_7a80463a4a73b2f737f962af2006,Phil 88-620-1413,06-2299,"Oct. 31, 2015",2015-10-31,ok,Cross combination.xlsx,Phil 88-620-1413,B5,5,2,c362e282a055ba7b668516a51cb201f44c0cc9eac59702e5fdc21d6657d913f4
cmb_ed3f5e1dd3cd56898fd81d8e43c3,Phil 88-620-1413,93-0775,"Oct. 31, 2015",2015-10-31,ok,Cross combination.xlsx,Phil 88-620-1413,C5,5,3,d62e86e23c2ade346854316b4c9e7129214e66890b55eb34529c04329f041003
cmb_2d3647895a1b74a0dea3f0c28751,Phil 88-620-1413,00-2569,"Oct. 31, 2015",2015-10-31,ok,Cross combination.xlsx,Phil 88-620-1413,D5,5,4,88a927587328512506932573d7100f2dc7d43cad0008eb0abb90241b0d257399
cmb_c1ae86444a00161f6db0f7b26831,Phil 88-620-1413,92-0751,"Nov. 04, 2020",2020-11-04,ok,Cross combination.xlsx,Phil 88-620-1413,B6,6,2,bf6b464c4d49f822223426606e5130625c19cb76e187ef5219eb2ce6ca12b1b5
cmb_068aec6fd1037d7f7d622cb2a40f,Phil 88-620-1413,04-1011,"Nov. 04, 2020",2020-11-04,ok,Cross combination.xlsx,Phil 88-620-1413,C6,6,3,3f90727e5d3ec6250f97fe349882d81c97d61c984968e7fefbb641b177973645
cmb_a411ab041722d8030dd306997e72,Phil 88-620-1413,Q102,"Oct. 30, 2022",2022-10-30,ok,Cross combination.xlsx,Phil 88-620-1413,B7,7,2,6d985b33f91c844fb3b9206f5db44544b8f0ce7ede815d207051a975e69ceec6
cmb_725d5895b690e9c6bfb2391e69a8,Phil 88-620-1413,09-0919,"Oct. 30, 2022",2022-10-30,ok,Cross combination.xlsx,Phil 88-620-1413,C7,7,3,f993c9f9e46b2b18402ba9213a655fa486ad1b45d81ab1cd6e1d207e2f01990c
cmb_a61f1888b75e19becf970f689944,Phil 88-620-1413,06-1899,"Oct. 30, 2022",2022-10-30,ok,Cross combination.xlsx,Phil 88-620-1413,D7,7,4,462753fa09279e9f49f8439782ef38b5e41e561e29e6d2111e60af7874d2f03c
cmb_ad57814ed141fc326ca6cacd0560,Phil 88-620-1413,99-1793,"Oct. 30, 2022",2022-10-30,ok,Cross combination.xlsx,Phil 88-620-1413,E7,7,5,e15ca80b3caa6986d952f607a803fb65d8b0ccb24e2313170b60ef3aa2c9ef1c
cmb_61a142e4714e7f7bf7981a918b7e,Phil 8837 Phil 88-626-1691,99-4435,"Oct. 23, 2022",2022-10-23,ok,Cross combination.xlsx,Phil 8837 Phil 88-626-1691,B3,3,2,931ca746bd009b45c26f577f6efb5015debe57d38056c6f5621f90c9e98762d7
cmb_baaed1398d9a742e439ffe81616c,Phil 8837 Phil 88-626-1691,03-0217,"Oct. 23, 2022",2022-10-23,ok,Cross combination.xlsx,Phil 8837 Phil 88-626-1691,C3,3,3,63585e8a943189ce317dab046bc2f690ae9b48f3e7d85a9f5466a2988d4fdfa3
cmb_17a362c387ef1e073937d00ba5da,Phil 8837 Phil 88-626-1691,04-0017,"Oct. 23, 2022",2022-10-23,ok,Cross combination.xlsx,Phil 8837 Phil 88-626-1691,D3,3,4,8d9d2a449d335eaac4073daaddcc359bae103893105d885f34939b88ec697498
cmb_862e39966f1a4ec1481630bbc688,Phil 8837 Phil 88-626-1691,91-1091,"Oct. 23, 2022",2022-10-23,ok,Cross combination.xlsx,Phil 8837 Phil 88-626-1691,E3,3,5,17ea8c87bb4766e19905c77e9293ab2afaa156ed610d58c49a796964225aae1e
cmb_e1efd8641fee7f81f4296892bad9,Phil 8837 Phil 88-626-1691,PSR 00-343,"Oct. 23, 2013",2013-10-23,ok,Cross combination.xlsx,Phil 8837 Phil 88-626-1691,B4,4,2,71dcce4a8b7057fcc865e96c61d4b9ef3faab13b72dbf5cd05ae6d555f45884e
cmb_b039848a216482b3e92a7de8f320,Phil 8837 Phil 88-626-1691,06-2299,"Oct. 23, 2013",2013-10-23,ok,Cross combination.xlsx,Phil 8837 Phil 88-626-1691,C4,4,3,d43c6ba04e9b1c19e297e4c77fbf95130e9bac2fb98c0e610bb3031d426b9df8
cmb_91af7ce742e0d3fb8c8f437e6021,Phil 8837 Phil 88-626-1691,92-0751,"Oct. 23, 2013",2013-10-23,ok,Cross combination.xlsx,Phil 8837 Phil 88-626-1691,D4,4,4,e82fd9fff6de8f68ebadd601524fbafa6885c94364ad348d0f9e8f0886128105
cmb_33ef83d451ea6f26d214eca5cf81,Phil 8837 Phil 88-626-1691,06-2299,"Oct. 23, 2013",2013-10-23,ok,Cross combination.xlsx,Phil 8837 Phil 88-626-1691,E4,4,5,de5f8cee9948beb66ed132299869fa155b4bb9383b645b6b616faa9164ee2f00
cmb_4fecc2386bc852bd75029a21b359,Phil 8837 Phil 88-626-1691,05-1197,"Oct. 26, 2014",2014-10-26,ok,Cross combination.xlsx,Phil 8837 Phil 88-626-1691,B5,5,2,eeab1f9318f685b629642290eb14d1d66326f19a373e740fc600d859a0784611
cmb_77e374b625dba8e96a63986988ac,Phil 8837 Phil 88-626-1691,00-2569,"Oct. 26, 2014",2014-10-26,ok,Cross combination.xlsx,Phil 8837 Phil 88-626-1691,C5,5,3,b5f6ea8a3a297ac94ff0b97a7b6c39e7036d57362d3ac187619b759b84015916
cmb_e4d8a63dc7eecea4259daeb87223,Phil 8837 Phil 88-626-1691,98-2137,"Oct. 26, 2014",2014-10-26,ok,Cross combination.xlsx,Phil 8837 Phil 88-626-1691,D5,5,4,1a7281dcd8e1001dd1ecca9e801d39ab078b845c7ad06831284c90df83677cfb
cmb_1663cc706aafdec495919c30a4e7,Phil 8837 Phil 88-626-1691,04-1011,"Oct. 26, 2014",2014-10-26,ok,Cross combination.xlsx,Phil 8837 Phil 88-626-1691,E5,5,5,e89737781adb097443badea29351abaf176730fe93fbe607502943df6a73c02e
cmb_957ad80293515136c871b9f316d2,Phil 8837 Phil 88-626-1691,Q102,"Nov. 03, 2015",2015-11-03,ok,Cross combination.xlsx,Phil 8837 Phil 88-626-1691,B6,6,2,9831e647a3d68273635cee22c4d4117b375a3d76861014f465c8ac51261c59f2
cmb_c865e5b7f25bb541466f1b8365e6,Phil 8837 Phil 88-626-1691,93-1207,"Nov. 03, 2015",2015-11-03,ok,Cross combination.xlsx,Phil 8837 Phil 88-626-1691,C6,6,3,db7463fcb36e4c7a23a11fc2d65a5a33e410c08217381e0a289aa31fa4e7d980
cmb_592bf4fdfba91526fc303d4fa09a,Phil 8837 Phil 88-626-1691,93-1313,"Nov. 03, 2015",2015-11-03,ok,Cross combination.xlsx,Phil 8837 Phil 88-626-1691,D6,6,4,ac9d3d46787ffab52be16d3afad0614cbc99b2b95109ca71c2c34c0ca0f1c78e
cmb_1b9737b4e8e07e5b05876a368141,Phil 8837 Phil 88-626-1691,97-4435,"Nov. 03, 2015",2015-11-03,ok,Cross combination.xlsx,Phil 8837 Phil 88-626-1691,E6,6,5,94a2ea85dd4241dba864d30152c679fc585acc9ec9a8a42f092cad3b168a29a9
cmb_332e7aed56f4f014f2bd16d16eab,Phil 8837 Phil 88-626-1691,91-0661,"Nov. 03, 2016",2016-11-03,ok,Cross combination.xlsx,Phil 8837 Phil 88-626-1691,B7,7,2,3cd6a0803381b8984c97fea0d583fd34dcd1867981f64a8613a40be83bdcfe01
cmb_aff17c1b08ee9e2a5c22dd0b2f5c,Phil 8837 Phil 88-626-1691,98-0255,"Nov. 04, 2017",2017-11-04,ok,Cross combination.xlsx,Phil 8837 Phil 88-626-1691,B8,8,2,7c4b186ec8a285e0d34e279a364d53060cf44214476ba6c84489b1caf22e5fb0
cmb_027325ecb1838ede6970c39cf031,Phil 8837 Phil 88-626-1691,86-1119,"Oct. 25, 2018",2018-10-25,ok,Cross combination.xlsx,Phil 8837 Phil 88-626-1691,B9,9,2,ba3353dd4c07d978cc64551da0e3ae5da76d43cb83f97fe9c61229b6ac8e3094
cmb_3fced103954a3fe50e858ff617c6,Phil 8837 Phil 88-626-1691,85-4435,"Oct. 25, 2018",2018-10-25,ok,Cross combination.xlsx,Phil 8837 Phil 88-626-1691,C9,9,3,66cbc7b58d6827d16ac0fe83d527c86ad7e989b198dd108f7dc2ac1ba28a84db
cmb_30a4f386ac3660ff0b6fb168301d,Phil 8837 Phil 88-626-1691,78-3981,"Oct. 25, 2018",2018-10-25,ok,Cross combination.xlsx,Phil 8837 Phil 88-626-1691,D9,9,4,c96a570ec65e434a7ab414e47d5277ab054cc514dc41c31bc65a1949ba0cf951
cmb_b874a6d314f3d8cf7979fb564418,Phil 8837 Phil 88-626-1691,92-0751,"Oct. 25, 2018",2018-10-25,ok,Cross combination.xlsx,Phil 8837 Phil 88-626-1691,E9,9,5,9d739ba2dcc91f728beceae19205303c069f62b3f26a17634cdfb2309360b3c6
cmb_91e43edd4b2453d0ddf71850b769,Phil 8837 Phil 88-626-1691,00-2569,"Oct. 25, 2018",2018-10-25,ok,Cross combination.xlsx,Phil 8837 Phil 88-626-1691,F9,9,6,312c8ce47c578c3b73f1431a30fb860a00687791659d2cb0b89d85714f3e8c32
cmb_5eb2c9f182856df18ad3c54bfdb3,Phil 8837 Phil 88-626-1691,Q102,"Oct. 24, 2019",2019-10-24,ok,Cross combination.xlsx,Phil 8837 Phil 88-626-1691,B10,10,2,1c19e84b16ecc81d8272441ae23d2723db5f905d003b6c479847a57c1211db1b
cmb_a80500bd4e97163a78cf904242f5,Phil 8837 Phil 88-626-1691,93-2349,"Oct. 24, 2019",2019-10-24,ok,Cross combination.xlsx,Phil 8837 Phil 88-626-1691,C10,10,3,97b2d43d3451eaacf515b4927b7079b7731dac6413bc88caffece1622ad250e0
cmb_0eeaab763b5b0ebde15a07dc4c50,Phil 8837 Phil 88-626-1691,93-0775,"Oct. 24, 2019",2019-10-24,ok,Cross combination.xlsx,Phil 8837 Phil 88-626-1691,D10,10,4,975547ab28174af080b0ce39bd1e22ce374c356dea52f4278b0db5515a58e071
cmb_314f6404aa8493df4a1d6e912360,Phil 8837 Phil 88-626-1691,8723,"Oct. 30, 2020",2020-10-30,ok,Cross combination.xlsx,Phil 8837 Phil 88-626-1691,B11,11,2,cc0769a14b9ced1410b8d3f170788bcff1239ef797d852e3f5f8d2ff7885fea8
cmb_589f53a7eb9ab12a7918f4a6b5d1,Phil 8837 Phil 88-626-1691,79-0019,"Oct. 30, 2020",2020-10-30,ok,Cross combination.xlsx,Phil 8837 Phil 88-626-1691,C11,11,3,b134e7ee515ddbc780529527ad9e12b2755fe63eeed5a31eee653e1deb9be63d
cmb_1c8f7dc3e0228d15199b351ef55f,Phil 8837 Phil 88-626-1691,98-0255,"Oct. 30, 2020",2020-10-30,ok,Cross combination.xlsx,Phil 8837 Phil 88-626-1691,D11,11,4,82207fa00d281a7fd831913134af6d995bd94de529cb01e25ecb59a8e43c7e31
cmb_398d9ec3edb3a37b43e30473ed9c,Phil 8837 Phil 88-626-1691,97-0693,"Oct. 30, 2020",2020-10-30,ok,Cross combination.xlsx,Phil 8837 Phil 88-626-1691,E11,11,5,b5b2f1508d5ac2ad9fb42a55afcbe37d03c34b08b5170b9f6520ccb18f1d2340
cmb_34c6a2a8b2ef46818d12644fe81e,Phil 8837 Phil 88-626-1691,04-1011,"Oct. 30, 2020",2020-10-30,ok,Cross combination.xlsx,Phil 8837 Phil 88-626-1691,F11,11,6,45c631f4ceee7303e2e58d2b7687311c28232a25f35031da80ee11ee48f2fbe7
cmb_a279602efab411af7e3ed8df8985,Phil 8837 Phil 88-626-1691,92-0751,"Oct. 30, 2020",2020-10-30,ok,Cross combination.xlsx,Phil 8837 Phil 88-626-1691,G11,11,7,32e0b77ad66613cc1b0a2fb875bf9bea1735bcd12a7443e4086bc819d40a8bd2
cmb_cf976dfa42d289e008e1ce5a7d8d,Phil 8837 Phil 88-626-1691,55-220,"Oct. 23, 2021",2021-10-23,ok,Cross combination.xlsx,Phil 8837 Phil 88-626-1691,B12,12,2,7c7f9b2cee2fce56e6290db22621f62c296c977181db24c06b96f665e6ed84b1
cmb_81fe998da4e4188c9dd7fd945b74,Phil 8837 Phil 88-626-1691,91-138-1985,"Oct. 23, 2021",2021-10-23,ok,Cross combination.xlsx,Phil 8837 Phil 88-626-1691,C12,12,3,517026f31a88bd38978243a0744462aad5adede1ddb42daf048f9c48843f0f1a
cmb_ad52705d26bbf8772892b174a875,Phil 8837 Phil 88-626-1691,06-1899,"Oct. 23, 2021",2021-10-23,ok,Cross combination.xlsx,Phil 8837 Phil 88-626-1691,D12,12,4,19b70ad8bfaa316cbe32b612ad6c44caae9f8bf22206e666c0b277211ad06623
cmb_0ca134d7cc7f9374d26e2dc317a2,Phil 8837 Phil 88-626-1691,09-1969,"Oct. 23, 2021",2021-10-23,ok,Cross combination.xlsx,Phil 8837 Phil 88-626-1691,E12,12,5,576c9ba33a5f109939571e052ae1da777875c660fc5d20ac061e0bfe43c08653
cmb_b4a779ccd352da536429f4d54f87,Phil 8837 Phil 88-626-1691,09-0919,"Oct. 23, 2021",2021-10-23,ok,Cross combination.xlsx,Phil 8837 Phil 88-626-1691,F12,12,6,919c354e69ce54226781c70d834cb66fd65d5ef8678409f9ec46ff406653fdfe
cmb_3b6ba1ccc88c4da5cc420df68b47,Phil 8943,98-2137,"Oct. 18, 2013",2013-10-18,ok,Cross combination.xlsx,Phil 8943,B3,3,2,275565831300afe3ccaaf1de0891e64c109680f224c95dde58b9e53416777ff5
cmb_758dc4ca0e43fc14384c9e9e5da1,Phil 8943,8093,"Oct. 31, 2019",2019-10-31,ok,Cross combination.xlsx,Phil 8943,B4,4,2,34d6e5c67f51351e12bcc2cfd2a7fe936c29523264d1292d02bd271040e5b8bb
cmb_b2179ae60197d6ef6a0cbbd4277f,Phil 89-36-0455,02-0359,"Oct. 27, 2012",2012-10-27,ok,Cross combination.xlsx,Phil 89-36-0455,B3,3,2,1278a583f8dc4e7f249e4cdd96f1d070dc7442ae2f81259a650e2beba448e482
cmb_a111ba1b9b088ce28d429f8330dc,Phil 89-36-0455,04-1011,"Oct. 27, 2012",2012-10-27,ok,Cross combination.xlsx,Phil 89-36-0455,C3,3,3,13749820588fa1c01c8d1f3b6acd0aba60e96a8e382627b763adc8465e5a0537
cmb_bd92709da998868f03cad1d9576a,Phil 89-36-0455,91-1091,"Oct. 27, 2012",2012-10-27,ok,Cross combination.xlsx,Phil 89-36-0455,D3,3,4,a7fdf7c507e7bd25a5fd4581907926931f706f76c0b26a737a81127a0d42dcfa
cmb_a208a9cef4b7e75843342baeb928,Phil 89-36-0455,PSR 2000-343,"Oct. 29, 2013",2013-10-29,ok,Cross combination.xlsx,Phil 89-36-0455,B4,4,2,5bdc9a85a9e75e15b210677f3c3620a4b04dfcb8a0ba3e64e02b18f30e5e4225
cmb_2d7ed16ffd6df11bae681841ef40,Phil 89-36-0455,05-1197,"Oct. 29, 2013",2013-10-29,ok,Cross combination.xlsx,Phil 89-36-0455,C4,4,3,652b32e599e841dba74f4b81abbb51af7e635b16f2b67cb922280c9984262430
cmb_b89e1a498671cf22832ed53eabad,Phil 89-36-0455,06-2191,"Oct. 29, 2013",2013-10-29,ok,Cross combination.xlsx,Phil 89-36-0455,D4,4,4,1449dfac2fc688c3c53fab291dd5cb3ad78a88d4d5ef478192042508b2a3db38
cmb_c49b1aaba73d4f63ea0352b9a52c,Phil 89-36-0455,VMC 90-239,"Nov. 05, 2014",2014-11-05,ok,Cross combination.xlsx,Phil 89-36-0455,B5,5,2,c2e0b92579008631c305bfead52a13c9f843c73a182e11088ff3678cc78e9ec9
cmb_8132681a12c38e302ee2d04f0c9a,Phil 89-36-0455,99-1793,"Nov. 05, 2014",2014-11-05,ok,Cross combination.xlsx,Phil 89-36-0455,C5,5,3,e4c8b7c5c7a6dfb4a89b00d993cafaf1959b8c017a5c56f72035b5a78bcaaf27
cmb_226fc5d5661615d628b109496434,Phil 89-36-0455,00-2569,"Nov. 05, 2014",2014-11-05,ok,Cross combination.xlsx,Phil 89-36-0455,D5,5,4,257755c292001c5166b139c9d85c15eafcc96464c609fa4ec59df898165cc0db
cmb_f0a2607a694197530dccc961aa15,Phil 89-36-0455,6607,"Nov. 11, 2015",2015-11-11,ok,Cross combination.xlsx,Phil 89-36-0455,B6,6,2,97fe81b674f2a8dad966d4e776fe0c6ed7c015e9ca12e7530c633e1008c655ce
cmb_850d3a29013d7ff05fce6ab654a8,Phil 89-36-0455,80-5613,"Nov. 11, 2015",2015-11-11,ok,Cross combination.xlsx,Phil 89-36-0455,C6,6,3,1f13458a62ddc7f8fe6810ceb56ae5b74d01cfa00af8cb66bcf52ba00326bd83
cmb_1c6c9249eb7fefa6f4bb9029a944,Phil 89-36-0455,8715,"Nov. 11, 2015",2015-11-11,ok,Cross combination.xlsx,Phil 89-36-0455,D6,6,4,afc68e3f5ffeee57b0325b03c49301f91b6eedceadfe2f29b6184da50d294426
cmb_ead2149c99aae2f456bbb450e6fd,Phil 89-36-0455,93-2349,"Nov. 11, 2015",2015-11-11,ok,Cross combination.xlsx,Phil 89-36-0455,E6,6,5,83d1cfdcfba8775cc044f502ac262956b7a716ab743e81a18a56e80943d4be71
cmb_c6978341f10411f1416b7d865ee7,Phil 89-36-0455,99-1793,"Nov. 14, 2017",2017-11-14,ok,Cross combination.xlsx,Phil 89-36-0455,B7,7,2,b520741b018d3b6f9353ef4d0fbbce8d00aabd1ab47f42d36af3b5ad253e36f4
cmb_797d19e8d22f47c21ac843ac7ff3,Phil 89-36-0455,93-2349,"Nov. 04, 2020",2020-11-04,ok,Cross combination.xlsx,Phil 89-36-0455,B8,8,2,f7a8eb897a3ea8d4cd9584381b89e931d6d0b05598de1343acb36d15e0fd70c1
cmb_1a50cca90c9c3b1b74f5ca4ebd93,Phil 89-36-0455,04-1011,"Nov. 04, 2020",2020-11-04,ok,Cross combination.xlsx,Phil 89-36-0455,C8,8,3,211c16a9f91eff181980816bb05990ee11a8dc950b7c693f2d8c822d5c576efe
cmb_0141499697c8fa166a8ac511a75a,Phil 89-36-0455,98-0255,"Nov. 04, 2020",2020-11-04,ok,Cross combination.xlsx,Phil 89-36-0455,D8,8,4,7e0ecf5c98e004852032d4ae236d2247175034407c7cf244527c7d5e0e4eea41
cmb_2e4b531128de22cbc2e7d242d4d2,Phil 89-36-0455,91-1091,"Nov. 04, 2020",2020-11-04,ok,Cross combination.xlsx,Phil 89-36-0455,E8,8,5,1c347858c3158b14a0e391ec249500defb11081f67e3f25e7ae8b72d0163e4ff
cmb_083093cbe369c7dc0cde0e17e116,Phil 89-36-0455,95-1029,"Nov. 04, 2020",2020-11-04,ok,Cross combination.xlsx,Phil 89-36-0455,F8,8,6,68418c72275b25d3beb4db0ce7aff8c12894c81f35dd390093ce0cbaec9c7c94
cmb_d3caf055ca790d6b0f37004ea9f6,Phil 89-36-0455,6121,"Nov. 09, 2022",2022-11-09,ok,Cross combination.xlsx,Phil 89-36-0455,B9,9,2,e3460663c077199974a872bb1c5442d75e81fb9337ae02cdf7e5c4c9a83c2f22
cmb_59c352798a87b6636dfda7928363,Phil 89-91-0495,86-1119,"Oct. 22, 2012",2012-10-22,ok,Cross combination.xlsx,Phil 89-91-0495,B3,3,2,f4f29f59092d882412d0ee95dfc7a1940e078dc93b677457961576ce1c1502a8
cmb_b20900901feb63f2bbd3265a48d1,Phil 89-91-0495,93-2349,"Oct. 23, 2013",2013-10-23,ok,Cross combination.xlsx,Phil 89-91-0495,B4,4,2,b8e60c0aec57b0cc556bcbb72c8009504caf4b572bfbf7d1ea48895062c484be
cmb_78f6a89a8b30e1a37196618caa23,Phil 89-91-0495,99-1793,"Oct. 23, 2013",2013-10-23,ok,Cross combination.xlsx,Phil 89-91-0495,C4,4,3,a9d238872273f4330fabb8e45a1ab30090134cebfbdb3a286beae28fc9fbd623
cmb_4abb77072622d8c3425da7206a75,Phil 89-91-0495,04-1011,"Oct. 30, 2014",2014-10-30,ok,Cross combination.xlsx,Phil 89-91-0495,B5,5,2,7a60a9f466012c9bf58107a069975b401981411173d8b7d24609f5e939da1cfc
cmb_5bfc9da2f6e74184819cab6a9cc3,Phil 89-91-0495,78-3981,"Oct. 30, 2015",2015-10-30,ok,Cross combination.xlsx,Phil 89-91-0495,B6,6,2,1cfc94d047530cd7210555f3b8432caaab6c49921d420aff29ac8be8da474e3e
cmb_68a6f35eb1ed047ea6926b6f7aa1,Phil 89-91-0495,7115,"Oct. 30, 2015",2015-10-30,ok,Cross combination.xlsx,Phil 89-91-0495,C6,6,3,07486179d5ea7872eeda849f4f629c8d83ef6681209847387128b966250dd9bd
cmb_b50d9e139594025cd17ed3df7f39,Phil 89-91-0495,88-1691,"Oct. 30, 2015",2015-10-30,ok,Cross combination.xlsx,Phil 89-91-0495,D6,6,4,cc5937485f3f156668b0f2091a8793d001fe6c81aae1c7ebb7875c6d144c5f68
cmb_7fca09ca5c12b744fafd57d82cb0,Phil 89-91-0495,97-2041,"Oct. 30, 2015",2015-10-30,ok,Cross combination.xlsx,Phil 89-91-0495,E6,6,5,882404c52628c81dd791070fcef44206cb4f9aadbe24c3e20bd96f2340e101e7
cmb_d1cecf53c140f3292710e852247b,Phil 89-91-0495,99-1793,"Nov. 15, 2017",2017-11-15,ok,Cross combination.xlsx,Phil 89-91-0495,B7,7,2,b891f5b26761f930eebf88c5ecd94b512c6b3487448cccaf59cb667a40253702
cmb_0755f640afe7f2abd47ed0678247,Phil 89-91-0495,Q102,"Oct. 30, 2018",2018-10-30,ok,Cross combination.xlsx,Phil 89-91-0495,B8,8,2,2b85e0ddac085eb65cb93606a3488bf008edab5f8e536c7c41f91a144e77e63f
cmb_2687fdf7f5f61b3cc6dbaeb9bd22,Phil 89-91-0495,97-0693,"Oct. 25, 2019",2019-10-25,ok,Cross combination.xlsx,Phil 89-91-0495,B9,9,2,91011f4508b9b22b0f362d74f42e281687e3e2af647507940f80edecc6de39ce
cmb_ab4d860a054c9c2bd0f64e6a83d2,Phil 89-91-0495,97-3161,"Oct. 25, 2019",2019-10-25,ok,Cross combination.xlsx,Phil 89-91-0495,C9,9,3,ce4ee4129f65b0acc02dad7b74b375f9b5c530b8cb8e1e7fcd930a0c60bfb674
cmb_70f059fc88c2f0989cc188572fb0,Phil 89-91-0495,08-0909,"Nov. 11, 2021",2021-11-11,ok,Cross combination.xlsx,Phil 89-91-0495,B10,10,2,f2e2d2e89e3d5373573a2545a6f942240ea350fd2687abe3b40ea63441f47805
cmb_0f2e44ab0411291697cec8ae8ed6,Phil 89-91-0495,04-1011,"Nov. 11, 2021",2021-11-11,ok,Cross combination.xlsx,Phil 89-91-0495,C10,10,3,84f1d984135394e1bee56ab76b0c5749adb15d98eb6c3ab5deb149d2a4131908
cmb_9c346205b996e9912141458152da,Phil 89-107-0733,92-0577,"Nov. 07, 2012",2012-11-07,ok,Cross combination.xlsx,Phil 89-107-0733,B3,3,2,95f923d201279b89380a2d45e97e82b6d141c81afd9f99fda51c65aa7e2555a3
cmb_a51553907222eda9f86271b99050,Phil 89-107-0733,6607,"Nov. 03, 2013",2013-11-03,ok,Cross combination.xlsx,Phil 89-107-0733,B4,4,2,ed1881a1a703dc26ad09d7eda34d1929573c2a8e174bbfc95e3b6f14db790122
cmb_062031c9f034fea88162779f344d,Phil 89-107-0733,99-1793,"Nov. 03, 2013",2013-11-03,ok,Cross combination.xlsx,Phil 89-107-0733,C4,4,3,a5dcbfe43f3c981e026c613f511a78893f18905c68ea7ab446f76ac81e0b62ed
cmb_f5cf479df0e6e3b490279c38f503,Phil 89-107-0733,04-1011,"Nov. 08, 2014",2014-11-08,ok,Cross combination.xlsx,Phil 89-107-0733,B5,5,2,5f9863fda6ff532f11c6177303b01ae2fcad94a45bed2d2fb01e9bfeadb90451
cmb_58c3c054c611af8896d10c85d515,Phil 89-107-0733,99-2641,"Nov. 08, 2014",2014-11-08,ok,Cross combination.xlsx,Phil 89-107-0733,C5,5,3,63f0054894f5822544c9abc362f805a996fa57fa03313f19a1166736fd101548
cmb_c83046be471b59726aa7dd05dd9b,Phil 89-107-0733,93-1601,"Nov. 08, 2014",2014-11-08,ok,Cross combination.xlsx,Phil 89-107-0733,D5,5,4,50b89bbebdace33d4716b7ba520b44a4854ee017cae7456a68c1e1dfa4c177b7
cmb_157cffe255950e2d904a6c6f733a,Phil 89-107-0733,94-0913,"Nov. 08, 2014",2014-11-08,ok,Cross combination.xlsx,Phil 89-107-0733,E5,5,5,bb916e9af974fdc86bd30537b069d0fd93d30331aa9b5c0418a2015815f99c8d
cmb_e63d1e3ffb11217174bba96f6fba,Phil 89-107-0733,84-6559,"Nov. 10, 2016",2016-11-10,ok,Cross combination.xlsx,Phil 89-107-0733,B6,6,2,7fb6a5520c2d38583cc75c3bdaac75a17e12ac10397d143ddd6fff78122ea48b
cmb_24f212f664e6056aff5889645070,Phil 89-107-0733,93-2349,"Nov. 07, 2017",2017-11-07,ok,Cross combination.xlsx,Phil 89-107-0733,B7,7,2,39cd0f6f08f2a4f701d128ddbf01dfdf5ff08cb24a0e32fda4edf79ce21949b0
cmb_a112e17f9dc3ee4a282d3b0e69b3,Phil 89-107-0733,97-3161,"Nov. 07, 2017",2017-11-07,ok,Cross combination.xlsx,Phil 89-107-0733,C7,7,3,3fdcd10571cc96aeacd43c9634f6423b68d174518dda3ada841c31f1f6aacde6
cmb_133e96743e7c6fa7f21314ac9c0a,Phil 89-107-0733,7115,"Nov. 12, 2021",2021-11-12,ok,Cross combination.xlsx,Phil 89-107-0733,B8,8,2,faeef013e2589be32cbc3efd81f25a288f1e0154716ad0c986e935197037091f
cmb_dd4216b4bbece08c2a67a5e3bafc,Phil 89-107-0733,08-0909,"Nov. 12, 2021",2021-11-12,ok,Cross combination.xlsx,Phil 89-107-0733,C8,8,3,6b53d89ff418a1a6387745fb30a2510ff4d9c0cb1a1c77cb9ba7d7fd507f2f43
cmb_5fcc3b5b4a1999dc0779479e398f,Phil 90-19-0085,8829,"Oct. 22, 2012",2012-10-22,ok,Cross combination.xlsx,Phil 90-19-0085,B3,3,2,b3be13c7338893ef6f49515e46dc9d3ec1b5212cf8a1eacd5f1e7aedf175f955
cmb_b9b3f783dc38fbbec052047d6317,Phil 90-19-0085,93-2349,"Oct. 22, 2012",2012-10-22,ok,Cross combination.xlsx,Phil 90-19-0085,C3,3,3,9d493a6cbba85cf57921103d3c30ec2e03ed3d537a460b78cc1ea80c91496a56
cmb_31fa3fbd4f8efcbd0523c304c9d9,Phil 90-19-0085,97-2041,"Oct. 22, 2012",2012-10-22,ok,Cross combination.xlsx,Phil 90-19-0085,D3,3,4,847ddae417dfa25cdcd7a1266ae79ec63f7ac2f26f6042e14911bfb792edd0c2
cmb_8fd89d9adf4716f4ccbf4e58cbce,Phil 90-19-0085,99-1793,"Oct. 22, 2012",2012-10-22,ok,Cross combination.xlsx,Phil 90-19-0085,E3,3,5,344127a532e00d59c8c1a8a13f6af0c5b0fe76bd9bf41f35ddb47245910768e7
cmb_601ad737b7bf985fac3ba7b4e3c4,Phil 90-19-0085,91-1091,"Oct. 22, 2012",2012-10-22,ok,Cross combination.xlsx,Phil 90-19-0085,F3,3,6,066d77fc99854faa4063076ecd04a8dd5b85ed0a20a55450ad68bd6075fe051d
cmb_5134cd2e38d3ae54480bfb59010c,Phil 90-19-0085,05-0645,"Oct. 27, 2013",2013-10-27,ok,Cross combination.xlsx,Phil 90-19-0085,B4,4,2,276e46b6ee4c441956b6318c7799983dab145ffabc191e473d7c4d545a81ecd6
cmb_890472b4e6bc54a2af982d4ea39e,Phil 90-19-0085,05-1197,"Oct. 27, 2013",2013-10-27,ok,Cross combination.xlsx,Phil 90-19-0085,C4,4,3,6e2dc7cdfcab29dfc7bd27ba5cf11c1a4dd1fec4d377c5742d300ac80cba5da3
cmb_d825469ca43a90386d8be3c31669,Phil 90-19-0085,03-1389,"Oct. 27, 2013",2013-10-27,ok,Cross combination.xlsx,Phil 90-19-0085,D4,4,4,cad295cbad708e3110faeebe513e8f26b04c0d8283b8472f80a4d2e5bb0f4276
cmb_aec4fb33046ef226d225e1611199,Phil 90-19-0085,04-1011,"Oct. 31, 2014",2014-10-31,ok,Cross combination.xlsx,Phil 90-19-0085,B5,5,2,f502bfdb8349646436c5dd6cf6657a6f4f84945b8f0d2b732193517b32be5343
cmb_f7a8b67d42b34ba037da923e2ef9,Phil 90-19-0085,98-2137,"Oct. 31, 2014",2014-10-31,ok,Cross combination.xlsx,Phil 90-19-0085,C5,5,3,8f035e6c512ce5af687d27dd8e703ff580611f9c88f11ec22053e3e105190384
cmb_f5aa9c1b67e881876bd1294d4a0c,Phil 90-19-0085,Q102,"Nov. 03, 2016",2016-11-03,ok,Cross combination.xlsx,Phil 90-19-0085,B6,6,2,f9e76051b713bfd1130b763b34bdfd1fe34c5a8b7215aba5f019354d6c0ce724
cmb_02ef17a669a2cc6634ce8c3826b2,Phil 90-19-0085,VMC 74-527,"Nov. 03, 2016",2016-11-03,ok,Cross combination.xlsx,Phil 90-19-0085,C6,6,3,bc11bc0e0f1dae0ba0a1ead9a4740ab20762c190bfc017c93ce3ae0a0969bcea
cmb_bb192e7c855c7e6577eac47ba4f9,Phil 90-19-0085,97-4435,"Nov. 03, 2016",2016-11-03,ok,Cross combination.xlsx,Phil 90-19-0085,D6,6,4,48a9124a2a5cd862e43989be004041b33b288e1ed8cad067d631dbbb0abd54d3
cmb_2ac3fec85e7b6d0e996ae9190542,Phil 90-19-0085,99-1793,"Nov. 01, 2017",2017-11-01,ok,Cross combination.xlsx,Phil 90-19-0085,B7,7,2,1e7109a8d9450a80bd666dcd1f00449e0f4c3b57efbbf0d33e5ca3176a7aabc3
cmb_51d95bab9c43d6c16def80fa58fe,Phil 90-19-0085,Q102,"Oct. 27, 2018",2018-10-27,ok,Cross combination.xlsx,Phil 90-19-0085,B8,8,2,5eed7c368ec24316329ca9b062f9b949c46c0713cac4b49b1b55fad7c4769fe9
cmb_2cda83a191cf3d311184de3b9580,Phil 90-19-0085,98-0255,"Oct. 27, 2018",2018-10-27,ok,Cross combination.xlsx,Phil 90-19-0085,C8,8,3,eb205bf8ba5d422d4113aff78049a7e3aa27c6220acf8cd727e2b63864022e27
cmb_5157e7fc65a274f845dbed6a6778,Phil 90-19-0085,97-0693,"Oct. 25, 2019",2019-10-25,ok,Cross combination.xlsx,Phil 90-19-0085,B9,9,2,a24828de5ebbe9d1bbe467dd506b1e90a891a6fc17da8147c2374cdb37762a8c
cmb_2dad696e8ace0f1f4cb8e92fb821,Phil 90-19-0085,04-1011,"Oct. 25, 2019",2019-10-25,ok,Cross combination.xlsx,Phil 90-19-0085,C9,9,3,e30f890c00f2c47ece416420e1a4fc74399f1ac1ad547b1753c34b3008514d42
cmb_8dd66de85cb9d9003281abafc019,Phil 90-19-0085,98-0255,"Oct. 29, 2021",2021-10-29,ok,Cross combination.xlsx,Phil 90-19-0085,B10,10,2,83b98d9b85d65f2b6a47058e2f31da9aff1566c4a34c9bd82c1027d1610014bb
cmb_dbf6d1d9977e1b8c370293acb972,Phil 90-19-0085,08-0909,"Oct. 29, 2021",2021-10-29,ok,Cross combination.xlsx,Phil 90-19-0085,C10,10,3,e170d5244a71b4513d7e0c68a538f80f791a1959af523291e7ff04be9a8a6aab
cmb_0f3b2c21674ed93dc54bbed176e9,Phil 90-28-0143,04-1011,"Nov. 8, 2012",2012-11-08,ok,Cross combination.xlsx,Phil 90-28-0143,B3,3,2,a0a42c1fbb8b7f6c798acded39b6fe1ab3bc1f1145d1f21e69f2d67cdd656a3c
cmb_8a0f44b3dc7cbcc8210523cd65e8,Phil 90-28-0143,94-0913,"Nov. 19, 2013",2013-11-19,ok,Cross combination.xlsx,Phil 90-28-0143,B4,4,2,fcf0b1c24462567f6ac0254f8ff9aa82a627a72b450198af3ad5a539e062517d
cmb_3734d49a42bd933e2f99565e2841,Phil 90-28-0143,88-1413,"Nov. 12, 2016",2016-11-12,ok,Cross combination.xlsx,Phil 90-28-0143,B5,5,2,c680d628144ada8e8b15795201c1dfd9ebf3f8b85b0970e4eb4b4160885954ed
cmb_cb0c7c6b87ba29d1640f087c5c36,Phil 90-28-0143,8715,"Nov. 12, 2016",2016-11-12,ok,Cross combination.xlsx,Phil 90-28-0143,C5,5,3,f3b4c16f8a522ddb6a9dedc398f137c8ba2d7dd776b47e80d788b23046d38c1c
cmb_fe4a2b6e05fa391f705f558d264f,Phil 90-28-0143,91-1091,"Nov. 12, 2016",2016-11-12,ok,Cross combination.xlsx,Phil 90-28-0143,D5,5,4,a36bf684d0baecc4ef909eaa8f0a9d20b55bae4be44adcd4a8a71cd740c9a066
cmb_8d11284bbf7ca4c535c00afe851b,Phil 90-28-0143,04-1011,"Nov. 12, 2016",2016-11-12,ok,Cross combination.xlsx,Phil 90-28-0143,E5,5,5,bc56aa8e317169071f31df070a0418b37f7961d047bdea51e6c3dee117513234
cmb_ad1b870cadb160965ef8304e4ea0,Phil 90-28-0143,99-1793,"Nov. 13, 2017",2017-11-13,ok,Cross combination.xlsx,Phil 90-28-0143,B6,6,2,b87635274d5b50f1cdf67dc083460b0269dabae72d98f2875ed9e656a391c4ef
cmb_defaf320af797efe2c26e302f3b4,Phil 90-28-0143,78-3981,"Oct. 24, 2019",2019-10-24,ok,Cross combination.xlsx,Phil 90-28-0143,B7,7,2,6df446caae1addd60076a02e03e183df29b96b47751d284341b78f4e499c2b75
cmb_ee8a57d5beb0371f9d0379d198e8,Phil 90-28-0143,97-3161,"Oct. 24, 2019",2019-10-24,ok,Cross combination.xlsx,Phil 90-28-0143,C7,7,3,ba1fb46eb906a3cd9854e47c6fa54a00e71c33e9172ce184960f682d1a2fb7fb
cmb_78379ba65ea4a0e304c11713a70b,Phil 90-9-0049,80-5619,"Nov. 1, 2012",2012-11-01,ok,Cross combination.xlsx,Phil 90-9-0049,B3,3,2,8c09f477e61d45ddae36ec156de49f0fc82f6668041bf8e81e9594c24d7ae8d5
cmb_b7416664812f09cb0e9346a03ffc,Phil 90-9-0049,89-0455,"Nov. 1, 2012",2012-11-01,ok,Cross combination.xlsx,Phil 90-9-0049,C3,3,3,c23245ea2f470915edc945b684c30b9a897671fac94aaef97d06cb15356d29c5
cmb_90a20adcd207d082c9ac59f2d63f,Phil 90-9-0049,99-1793,"Nov. 1, 2012",2012-11-01,ok,Cross combination.xlsx,Phil 90-9-0049,D3,3,4,c8ba6b12018a2a356381a727e7b043268566bd039340ed01f9514d3220125ce7
cmb_8e350d4d45800016b9223610f7ca,Phil 90-9-0049,93-3301,"Nov. 1, 2013",2013-11-01,ok,Cross combination.xlsx,Phil 90-9-0049,B4,4,2,6029b4a4d40f6e1ea13416b05d0d20254d4e33b909dd64187af6d50f8d37ace0
cmb_5bdb975d0c459f60ee2990a21a15,Phil 90-9-0049,04-1011,"Nov. 1, 2013",2013-11-01,ok,Cross combination.xlsx,Phil 90-9-0049,C4,4,3,76c6a7250363ae137c7732c96394dc8a61afcc3fdcc8d85a1d992d2ba256e4e4
cmb_ffa3de9f06f9c16df14ef3c53e1e,Phil 90-9-0049,93-2349,"Nov. 14, 2015",2015-11-14,ok,Cross combination.xlsx,Phil 90-9-0049,B5,5,2,b43cb625b41724ac081668edc7b33a1884daa6b61ea65541cd25e77070c08d1d
cmb_6de0cd2c2a513b620c44301ebafc,Phil 90-9-0049,93-2593,"Nov. 14, 2015",2015-11-14,ok,Cross combination.xlsx,Phil 90-9-0049,C5,5,3,d68c6c2c980989522647f0999d57f4517b5feb80fe035f0ce846c6a6f9a750ea
cmb_8843cdce1e45ad2627f30d2e7aed,Phil 90-9-0049,Q102,"Nov. 10, 2018",2018-11-10,ok,Cross combination.xlsx,Phil 90-9-0049,B6,6,2,450c172d6fa89858b5e3eebe0851564d7b8c59c5f0fdbb050283912f7be59809
cmb_61cf8c1160d0a6c411b46f22655c,Phil 90-9-0049,99-1793,"Nov. 10, 2018",2018-11-10,ok,Cross combination.xlsx,Phil 90-9-0049,C6,6,3,c2cdae99a366c911b10aa98b8899d4d371ee5d299203c012c4a711d277933e32
cmb_bb8f6ecc24bf4a214ed284f96de6,Phil 90-9-0049,93-3301,"Nov. 10, 2018",2018-11-10,ok,Cross combination.xlsx,Phil 90-9-0049,D6,6,4,ceccc17d05c20576db85db84c1506b805888180218194fe7b70bbd0aaf4fbf0d
cmb_60d5bcdd0f3e6e93476b7f71cb6f,Phil 90-9-0049,91-1091,"Nov. 3, 2018",2018-11-03,ok,Cross combination.xlsx,Phil 90-9-0049,B7,7,2,c0509718188703e4b4384a5db9b432a6a3387db21c6650f243f2a4d59415af6c
cmb_38a0ff2774ea709cfb6ea4194dcc,Phil 90-9-0049,95-1029,"Nov. 3, 2018",2018-11-03,ok,Cross combination.xlsx,Phil 90-9-0049,C7,7,3,56073c4b24f69b36b3b27ce114e5e6781436d4a088ad54fdae8fc22cd53a6381
cmb_35744931c62f7e99ee4636ce745c,Phil 90-9-0049,93-2349,"Nov. 9, 2019",2019-11-09,ok,Cross combination.xlsx,Phil 90-9-0049,B8,8,2,fd17291f7d09c88ba589f80dec1be0b3a820e80dcfa1c6b4882df86f710866c4
cmb_e2e0d898c660d5be0756d24d151b,Phil 90-9-0049,00-2569,"Nov. 9, 2019",2019-11-09,ok,Cross combination.xlsx,Phil 90-9-0049,C8,8,3,ccc649917b2a52a689b4aaafa1a7e2f37fd725f0ce798cc59956e94657eef376
cmb_1b6cea542ac1462aa9aca161d9bc,Phil 90-9-0049,99-1793,"Nov. 9, 2019",2019-11-09,ok,Cross combination.xlsx,Phil 90-9-0049,D8,8,4,ebec7b5fe20b8d9f5b245bbd4ac8fe653f2204fda11a00067b11dbd2e73fbaff
cmb_ee7160c3bfe6f593c134dc814deb,Phil 90-9-0049,Q102,"Nov. 8, 2020",2020-11-08,ok,Cross combination.xlsx,Phil 90-9-0049,B9,9,2,cc1d984019378d3518cdbd7334ac789aadfd7bab44bc71fca7eb97f8a8af0c0e
cmb_5ba207675d1b0aef07351357beda,Phil 90-9-0049,7115,"Nov. 8, 2020",2020-11-08,ok,Cross combination.xlsx,Phil 90-9-0049,C9,9,3,95a552be72470a881f8c77b3859bebc35c7a5e689b84fddc311d195104dd567c
cmb_2afa330101552895002c0eaf4ca2,Phil 90-9-0049,85-4345,"Nov. 8, 2020",2020-11-08,ok,Cross combination.xlsx,Phil 90-9-0049,D9,9,4,53abe3c9f01fe536a392cc6fddf609f65f4ee7ceaeea2094fee6572b985fcacc
cmb_18017d1c73052702295239879912,Phil 90-9-0049,6121,"Nov. 9, 2022",2022-11-09,ok,Cross combination.xlsx,Phil 90-9-0049,B10,10,2,15afd59242e73620dd50b74bd26d4ddb1da41c59d16285cfa28994471b86f898
cmb_4bf5b27f825b2092b52269fc5748,Phil 90-40-0173,99-1793,"Oct. 25, 2012",2012-10-25,ok,Cross combination.xlsx,Phil 90-40-0173,B3,3,2,724916a7bf28ce51c750d2aae99c51e819b919f1cccd5ea6f77bf17405239c96
cmb_87d69a6bcd3c1e863082de58f62a,Phil 90-40-0173,93-2349,"Oct. 25, 2012",2012-10-25,ok,Cross combination.xlsx,Phil 90-40-0173,C3,3,3,72622ef724645c092dc81d5572f4ddb52e5dbc19ccaf95eb340a27df4cd81db1
cmb_ec07df102c7455ad4fce92103a31,Phil 90-40-0173,00-2569,"Oct. 30, 2013",2013-10-30,ok,Cross combination.xlsx,Phil 90-40-0173,B4,4,2,250d4ab344ab186d2bd55a6f2c66f02d4633e55a0d37987b08f470b94bf32aa5
cmb_069bf52373e46f236f2532cf562a,Phil 90-40-0173,03-1389,"Oct. 30, 2013",2013-10-30,ok,Cross combination.xlsx,Phil 90-40-0173,C4,4,3,1ba9030ee833a5357d102edc13113c2ac746d1f1f52a75f6a49e5a758bdd9332
cmb_d284c79721b0441adeec44b3f0ef,Phil 90-40-0173,04-1011,"Nov. 1, 2014",2014-11-01,ok,Cross combination.xlsx,Phil 90-40-0173,B5,5,2,0fbb07baea9b7e0e3d2d93127bf60ccf08c98ab3fecf8c0448e2bb040bd8a5a8
cmb_a5632ab218555a1e5de204eebd24,Phil 90-40-0173,91-1091,"Nov. 1, 2014",2014-11-01,ok,Cross combination.xlsx,Phil 90-40-0173,C5,5,3,8fdc866e1d10d8dad69e024de76bffc85cf808a3579f7056f2d5b425f2172748
cmb_ed61fa8ab8778f123a7f771cdd7a,Phil 90-40-0173,VMC 7139,"Nov. 1, 2015",2015-11-01,ok,Cross combination.xlsx,Phil 90-40-0173,B6,6,2,e3c664ac1f9812ccee6eb109c653f4923c2924f2804724aa08369c59881902a8
cmb_0144017b6ef8e56e371aec475953,Phil 90-40-0173,97-0693,"Nov. 3, 2016",2016-11-03,ok,Cross combination.xlsx,Phil 90-40-0173,B7,7,2,c4f57f06979103c99964341c0d9e091bc6bb250dd215c940d5499688761e3b82
cmb_61c03ed84eac1604ca1e8a1088fc,Phil 90-40-0173,8093,"Oct. 27, 2018",2018-10-27,ok,Cross combination.xlsx,Phil 90-40-0173,B8,8,2,e0a950513d8e532768e3f80123bbe3a79c04d9fa536e76109bbde36fe7d3a0a4
cmb_3bdccacf159c302f2e7d5a195c66,Phil 90-40-0173,93-2349,"Oct. 27, 2018",2018-10-27,ok,Cross combination.xlsx,Phil 90-40-0173,C8,8,3,63e987b96ec89e841be9c0a8ffdd226edae2df29895098cd8a9bf7cf660dadac
cmb_50c10f8ee212ab07068868a58b37,Phil 90-40-0173,99-1793,"Nov. 4, 2019",2019-11-04,ok,Cross combination.xlsx,Phil 90-40-0173,B9,9,2,5807e10a2cf52477854a2129308f894b9ae6e0a5e5d1b8e60b56f86415a6e8f8
cmb_aa1c8ed5fea608ade54391653daf,Phil 90-40-0173,98-0255,"Nov. 29, 2021",2021-11-29,ok,Cross combination.xlsx,Phil 90-40-0173,B10,10,2,0c8c3d6904107369137a74fa904b0e0587ec3e52b68e467e5493eaf7bb2ed784
cmb_565409d6fffdcd07f49f2b1a50ec,Phil 90-40-0173,2010-0149,"Nov. 29, 2021",2021-11-29,ok,Cross combination.xlsx,Phil 90-40-0173,C10,10,3,26732ca8b7a00fe70631ba0c5c80a0155ba6df957512c313b429274cd8268bc5
cmb_0b62d8016dad56a7110a90af6eb3,Phil 90-40-0173,09-1969,"Nov. 29, 2021",2021-11-29,ok,Cross combination.xlsx,Phil 90-40-0173,D10,10,4,479c1c6205ef83f8953a6422a90a121110a846583a517ed10a26e347647abc69
cmb_02d05567c25726c1ac8ae131a76e,Phil 90-40-0173,2008-0909,"Nov. 29, 2021",2021-11-29,ok,Cross combination.xlsx,Phil 90-40-0173,E10,10,5,a832bf62399efc5bd582681c5af3685f5c7732e7ec0123f58e1cf85c5000436b
cmb_0bcb864b15c77b666930cf728045,Phil 90-40-0173,04-1011,"Nov. 29, 2021",2021-11-29,ok,Cross combination.xlsx,Phil 90-40-0173,F10,10,6,e45b987f091f60005307ec6a380e3f8e20d298d8e98d35a5f8b1aafd548a7659
cmb_70ee513502796ffe47dd150996bb,Phil 90-40-0173,2000-2569,"Oct. 27, 2022",2022-10-27,ok,Cross combination.xlsx,Phil 90-40-0173,B11,11,2,e530cc98eb75042728cf44bc1aa608d7974190c42b53db21d772840b6f960bd3
cmb_590ea20d884d4267e6a101a4fda6,Phil 90-57-0505,2008-0909,"Nov. 8, 2021",2021-11-08,ok,Cross combination.xlsx,Phil 90-57-0505,B3,3,2,b129da355a31d8d1590462ef769ada8f88b7165358401bd9c1ba079a9be47285
cmb_71e1ef92bb17197f009c45a1ec49,Phil 90-81-0313,04-1011,"Nov. 11, 2013",2013-11-11,ok,Cross combination.xlsx,Phil 90-81-0313,B3,3,2,32d19f4e7fdb372be62609cd6cdb9067ea898b0d29c5269b98e24c9058cbd58d
cmb_4ea713c821a121bf8350f53cdf00,Phil 90-81-0313,8115,"Nov. 7, 2015",2015-11-07,ok,Cross combination.xlsx,Phil 90-81-0313,B4,4,2,86a6cf306f6c20a5c729eab6ffdfbef0f3d480091f2d913afdd06ceabc66bd7c
cmb_e10c1fa266e48089dff8c2a1115d,Phil 90-81-0313,93-0775,"Nov. 7, 2015",2015-11-07,ok,Cross combination.xlsx,Phil 90-81-0313,C4,4,3,6d1fd83ce50f3916c94d14b22b1a28a73665840b135c6e368df47d4034f26993
cmb_3bafd259cd6d96341292df514754,Phil 90-81-0313,99-1793,"Nov. 7, 2015",2015-11-07,ok,Cross combination.xlsx,Phil 90-81-0313,D4,4,4,6ab95f5329d3fd84089279e1c17391fe38cfdeb43f7e1e6e9e14839a711620a3
cmb_9660ad9ca5d9b4c7a867f8bdc81c,Phil 90-81-0313,00-2569,"Nov. 5, 2018",2018-11-05,ok,Cross combination.xlsx,Phil 90-81-0313,B5,5,2,210a831618f5583dc566783d1f6fb0b1d58f8802b4e96ecbe1202620ce857518
cmb_563787fdf6791acaf098aff41deb,Phil 90-81-0313,97-0687,"Nov. 11, 2020",2020-11-11,ok,Cross combination.xlsx,Phil 90-81-0313,B6,6,2,9237ba84a1a04b3a2391b25459e2f18380efa0623bb5648178eb8eb1712baa98
cmb_c032e8e3a55a3ea83777b3f776af,Phil 90-81-0313,92-0751,"Nov. 11, 2020",2020-11-11,ok,Cross combination.xlsx,Phil 90-81-0313,C6,6,3,6849e22bddd036adb22a46fa4fcd8420f98462a35319c0b4288ec2966a987420
cmb_362b92dca4b683845802bb04e4b3,Phil 90-81-0313,08-0909,"Nov. 11, 2020",2020-11-11,ok,Cross combination.xlsx,Phil 90-81-0313,D6,6,4,10f8f0b5a6ca9ac3288a773fe52b0e586c65d52d4fa3ae2c622d7761fd084eaa
cmb_0ca6dc2d2251fb3efc65ef61a774,Phil 90-81-0313,99-1793,"Nov. 1, 2022",2022-11-01,ok,Cross combination.xlsx,Phil 90-81-0313,B7,7,2,9ff6271eb8f5192655849579312574bfbcfaab54abf17645c3c2450405e894e8
cmb_4ca164bab0638b40ba136f391c64,Phil 90-85-0343,8715,"Nov. 2, 2013",2013-11-02,ok,Cross combination.xlsx,Phil 90-85-0343,B3,3,2,9c34f87ea8035d629fee74b9a04b419faa4620002a101179cc57a23ebeb6dfbf
cmb_c82e6641b8c2b1d799c1602cfb79,Phil 90-85-0343,8717,"Nov. 11, 2015",2015-11-11,ok,Cross combination.xlsx,Phil 90-85-0343,B4,4,2,397f64aa41d02547a45bba96342b5a3d7b7de3c36895e05d09c79972fdd52be3
cmb_6b08b1a350ef910e6bf2a2ded57b,Phil 90-85-0343,8723,"Nov. 11, 2015",2015-11-11,ok,Cross combination.xlsx,Phil 90-85-0343,C4,4,3,0a704342a3d73da8bcb99166cf5be42e1ebce7be24202840535db4d00789d0d9
cmb_ddda78959bdd6a044e71286fb765,Phil 90-85-0343,04-1011,"Nov. 11, 2015",2015-11-11,ok,Cross combination.xlsx,Phil 90-85-0343,D4,4,4,dc23f994adbfca6319f330ae96782910133a29263cd11768ead2c56d4309b449
cmb_a7cb7ffd65a60918331abd688d20,Phil 90-85-0343,99-1793,"Nov. 10, 2019",2019-11-10,ok,Cross combination.xlsx,Phil 90-85-0343,B5,5,2,cdae71f49f3e34683aacd06b8b43f8b1aded05c3608b277deee9ebee922031ed
cmb_fd7165da7be3614dc218030b3d74,Phil 90-85-0343,92-0751,"Nov. 10, 2019",2019-11-10,ok,Cross combination.xlsx,Phil 90-85-0343,C5,5,3,b8f7a7d8346877db024200111051b2c275cc56142993d871343fccc80636a9d1
cmb_7f6d57dd4519fcfb430a955d8a08,Phil 90-85-0343,06-1899,"Nov. 10, 2019",2019-11-10,ok,Cross combination.xlsx,Phil 90-85-0343,D5,5,4,912b96f35485cd293166aef8fe0dcc1b1da9a35b4ce0f526b5c7cd06032756a7
cmb_f4faccb614604a1588cbf4be5bbe,Phil 90-85-0343,93-2349,"Nov. 4, 2020",2020-11-04,ok,Cross combination.xlsx,Phil 90-85-0343,B6,6,2,8340d9889da1fd8a9b9fd3af52f1b331e47e12665acbf031d6fe1e9b9341d24a
cmb_d02dde15f4b00cc60933ea26e6c7,Phil 90-85-0343,98-0255,"Nov. 4, 2020",2020-11-04,ok,Cross combination.xlsx,Phil 90-85-0343,C6,6,3,6eb2139eb1183e3df6a6ceecba68c516d5beeea7d8ccb28cf34259ab33eec7bb
cmb_42f4e7959876e53c058815d310f0,Phil 90-85-0343,04-1011,"Nov. 4, 2020",2020-11-04,ok,Cross combination.xlsx,Phil 90-85-0343,D6,6,4,28c6d0085092fa15598fcd7800fb9a1800d4e44f47918649e45b8671e57ee824
cmb_cac7ac7d81ea813385cd6d0f2034,Phil 90-85-0343,91-1091,"Nov. 4, 2020",2020-11-04,ok,Cross combination.xlsx,Phil 90-85-0343,E6,6,5,93e0d4ff0c5516c0cb06f79c36d258563dab05230426a19216b5b918f7980d35
cmb_bc9bad7605ba95bd8d56d6e24d42,Phil 90-85-0343,97-0687,"Nov. 4, 2020",2020-11-04,ok,Cross combination.xlsx,Phil 90-85-0343,F6,6,6,a99ceff0bfa258dc0794851b490e12b7eebba831f5f7838952569180115a2efb
cmb_0d7a00538b46c7d44c848984133f,Phil 90-85-0343,Q102,"Nov. 3, 2021",2021-11-03,ok,Cross combination.xlsx,Phil 90-85-0343,B7,7,2,528df6c8885e8715b7ae21e8994053131fd8d93db8009c3e564751eb50524a8e
cmb_87101198f183f9f69e767f8c2753,Phil 90-85-0343,6121,"Oct. 23, 2022",2022-10-23,ok,Cross combination.xlsx,Phil 90-85-0343,B8,8,2,0d96ecf7b8b9e7de165c790b855f3e4cdc35cf0c5f639d20a3bc78c4367e8f6e
cmb_8a814410ee1fbccb8e9ee0e71c9d,Phil 90-85-0343,2014-0073,"Oct. 23, 2022",2022-10-23,ok,Cross combination.xlsx,Phil 90-85-0343,C8,8,3,8ae22d52fae297fd922bda6ce10ea73216ac0d4ad96845613835cfe41ca109b6
cmb_04f2e8ec98b394f4380ec43615c1,Phil 90-85-0343,2010-0149,"Oct. 23, 2022",2022-10-23,ok,Cross combination.xlsx,Phil 90-85-0343,D8,8,4,909a53d5a7aecd259ffa8a3a2789b213a4e9659bd6c9ce86fa89959b030545be
cmb_8df1ab94f4d63750af597cb09f6e,Phil 90-85-0343,99-1793,"Oct. 23, 2022",2022-10-23,ok,Cross combination.xlsx,Phil 90-85-0343,E8,8,5,572c5be0ab07388e64dffe539b098ec7ec28b4d2a603ffe030dcc68022188f1e
cmb_97adcef1f4cd32f4692cf0bb62d3,Phil 90-85-0343,2004-1011,"Oct. 23, 2022",2022-10-23,ok,Cross combination.xlsx,Phil 90-85-0343,F8,8,6,f14c46d67237747b32bef04ba9899854d2c281a1b22455336eb5f58c4e58b3f0
cmb_a8568a6909fb3bf11b314402d276,Phil 90-85-0345,93-2349,"Oct. 19, 2012",2012-10-19,ok,Cross combination.xlsx,Phil 90-85-0345,B3,3,2,602a9368c69586e405993d994b6b0707690d1022ae0c643c0f376d26f8d40d6c
cmb_1786981a70462b3c23d331941151,Phil 90-85-0345,97-2339,"Oct. 19, 2012",2012-10-19,ok,Cross combination.xlsx,Phil 90-85-0345,C3,3,3,612a2ed174b472ab8b3dce444b34e5eae602737d88033aaedc5226bc263ab977
cmb_57d0d3ce46bbc8162b51bfee1f3d,Phil 90-85-0345,97-4435,"Oct. 19, 2012",2012-10-19,ok,Cross combination.xlsx,Phil 90-85-0345,D3,3,4,6df28ca02aa4a59231ebd3c4bc6a4ac476ef1d5353663f561116437867f4605f
cmb_b45fd637e4ce1cc7019a39c859aa,Phil 90-85-0345,91-1217,"Oct. 18, 2013",2013-10-18,ok,Cross combination.xlsx,Phil 90-85-0345,B4,4,2,7ce41884b41b60c76eefc891f7b50e745d864d6aa1a4575d27756eaaa3611a2b
cmb_bde28416dca032d747f5e2c9eb5a,Phil 90-85-0345,97-0693,"Oct. 18, 2013",2013-10-18,ok,Cross combination.xlsx,Phil 90-85-0345,C4,4,3,60d678ebcf460970b62fe33f6df8caf7f7a4a372faeb0a2035c84519b878e6b8
cmb_7ff33d57548152980b9804e7e152,Phil 90-85-0345,05-1197,"Oct. 24, 2014",2014-10-24,ok,Cross combination.xlsx,Phil 90-85-0345,B5,5,2,e3508b3b59893f13df701e92d6d3fc53a5c1075fa4320dbb8cca461dcec00ba9
cmb_7d1e0d25d13f0d56696f1a5dba7a,Phil 90-85-0345,78-3981,"Oct. 26, 2015",2015-10-26,ok,Cross combination.xlsx,Phil 90-85-0345,B6,6,2,327479a90279b261e115469f3614dd9a469c1f0ca7634a0a427ec87bba4182bf
cmb_7e82b8b28af78b625c47e8c87af8,Phil 90-85-0345,92-1589,"Oct. 26, 2015",2015-10-26,ok,Cross combination.xlsx,Phil 90-85-0345,C6,6,3,003c6f6e622b6135a33e3ad6a78c7f00fd61f8999c47d82ff5a2c0e6e681ba36
cmb_a49f66b5f96e788eb8cd8f8509be,Phil 90-85-0345,78-3981,"Oct. 24, 2016",2016-10-24,ok,Cross combination.xlsx,Phil 90-85-0345,B7,7,2,e61a3755dcde216a5430a17deb5b025da3d9ff7f6ed608d8ce12ad30542f41e8
cmb_63a0c1c3c5e2654e2e2097ea19ed,Phil 90-85-0345,85-4345,"Oct. 24, 2016",2016-10-24,ok,Cross combination.xlsx,Phil 90-85-0345,C7,7,3,a071888d8b7bb81708868a33e6c91fc45f53530fdafc64b2714df63e2e843681
cmb_a37c2337a52beddb7ef12d1a83bc,Phil 90-85-0345,93-2349,"Oct. 24, 2016",2016-10-24,ok,Cross combination.xlsx,Phil 90-85-0345,D7,7,4,43026c3a343310be7adfdf9aba133c75b9941020863d31aecd6381fe57774198
cmb_0a032ec716a89a184ae7b2b6a369,Phil 90-85-0345,85-4345,"Oct. 11, 2018",2018-10-11,ok,Cross combination.xlsx,Phil 90-85-0345,B8,8,2,c863a11b24561c1006716437cd0d53e6efeac6477b19015be7f6c65e9609ec03
cmb_410ef7148990344243ac9787ecd1,Phil 90-85-0345,93-2349,"Oct. 11, 2018",2018-10-11,ok,Cross combination.xlsx,Phil 90-85-0345,C8,8,3,81b0038331b4f9f934574ec9905b16cdff2acdef6a655c0688a4ea20910bc98d
cmb_e44184c06519ad2e5f1b27ec3e05,Phil 90-85-0345,92-0535,"Oct. 11, 2018",2018-10-11,ok,Cross combination.xlsx,Phil 90-85-0345,D8,8,4,8539dd3cbc5e88a10d361d38f1213e0e2532df7bf75137835664ab88dc824ae9
cmb_335f310946271fe1dcddf536cb46,Phil 90-85-0345,89-1691,"Oct. 21, 2019",2019-10-21,ok,Cross combination.xlsx,Phil 90-85-0345,B9,9,2,a29a250f4e6b9d78b5264872124fccc4fb295d6797bc8f4f25e08c899d19baf4
cmb_50bf9f541f77b59cae04b7f7785f,Phil 90-85-0345,07-2081,"Oct. 21, 2019",2019-10-21,ok,Cross combination.xlsx,Phil 90-85-0345,C9,9,3,d7145ae73182505055d1d4e16f3db3d58c6e46f0d5a417fb59f07d5285b7e617
cmb_bfb5ea51534c1f565f3799049ee7,Phil 90-85-0345,Q102,"Oct. 21, 2019",2019-10-21,ok,Cross combination.xlsx,Phil 90-85-0345,D9,9,4,f0c7c9978b22e4504b1ba5424cad9df6dfd29b969a64d6191ccc7caff220e6e3
cmb_c4dd4691c0d156fecb301988ca64,Phil 90-85-0345,88-121-0363,"Oct. 21, 2019",2019-10-21,ok,Cross combination.xlsx,Phil 90-85-0345,E9,9,5,901701ea66c345369987c72b1194967b33b727c627d6347e5c7e960a86c7043e
cmb_8937cf3f71f433fba90dd0dd6430,Phil 90-85-0345,97-3041,"Oct. 27, 2019",2019-10-27,ok,Cross combination.xlsx,Phil 90-85-0345,B10,10,2,649fdd96393b51bf7821aaa71b02f31c7f4d01f0bdf50394e7c056d4982980da
cmb_e03b193273bf3a1f258f6dbe102e,Phil 90-85-0345,98-0255,"Oct. 27, 2019",2019-10-27,ok,Cross combination.xlsx,Phil 90-85-0345,C10,10,3,a4a0ebb5e0a5ccb6959bfc757ae9b4b384c8566dd57d43202f83e8d977939fe0
cmb_5f5c2b0866efa14b5dcfeafbd03e,Phil 90-85-0345,98-3061,"Oct. 27, 2019",2019-10-27,ok,Cross combination.xlsx,Phil 90-85-0345,D10,10,4,df207f771a729aac61fa001de80182c65984bd2c6d3c1589da2ebe1133cc1534
cmb_5979670e379394e2f2d5c55d3772,Phil 90-85-0345,97-3041,"Oct. 28, 2020",2020-10-28,ok,Cross combination.xlsx,Phil 90-85-0345,B11,11,2,18f19ac7b4db5f0c6cb2b30f2eaf5f58b8a77bead30b5714aaee949b12cdb91e
cmb_ed6d8375dac8448976205abe0205,Phil 90-85-0345,98-0255,"Oct. 28, 2020",2020-10-28,ok,Cross combination.xlsx,Phil 90-85-0345,C11,11,3,901b5665a8a0536fc3c8651327f7e1e2791a4da49b657960e25557257fa8b5e5
cmb_f9cfa788f08ed4c12845fbdc979c,Phil 90-85-0345,98-3061,"Oct. 28, 2020",2020-10-28,ok,Cross combination.xlsx,Phil 90-85-0345,D11,11,4,b51c7291eb0b88a196b08aa9de00541b39bfd787213b35b2c79b7a4ad6cf3ba7
cmb_32e0743acd867ea63c3f0c25c383,Phil 90-85-0345,8583,"Oct. 22, 2021",2021-10-22,ok,Cross combination.xlsx,Phil 90-85-0345,B12,12,2,1e1169d4516971c516e9b39e9246a8cc1536274b9b1826f582764d98d94be440
cmb_3cf52e87d2acadf2a8de977896ea,Phil 90-85-0345,91-0707,"Oct. 22, 2021",2021-10-22,ok,Cross combination.xlsx,Phil 90-85-0345,C12,12,3,b5a46def37148fa79cf6179941c6c3e9fb98667c041702a96eb3c5b3b51d822a
cmb_9b5547fed75b9bace9d137860043,Phil 90-85-0345,07-0563,"Oct. 22, 2021",2021-10-22,ok,Cross combination.xlsx,Phil 90-85-0345,D12,12,4,cfb182f28004ef4df84fcdfe4aae6aef69efdbddb2683a2b55ac46e99072bb46
cmb_bd4f815a8c044074f6a0b3fa3e29,Phil 90-85-0345,92-75-1091,"Oct. 22, 2021",2021-10-22,ok,Cross combination.xlsx,Phil 90-85-0345,E12,12,5,c8010208562d0db2bc0197887db7705626309b4784a9530974e5a05279e0824f
cmb_e3723e710ec330a22f0677a38a35,Phil 90-85-0345,91-41-727,"Oct. 22, 2021",2021-10-22,ok,Cross combination.xlsx,Phil 90-85-0345,F12,12,6,816f37561279b0af225d76bc739acc18fa31d0dc3340b164fe3a5fc3279c9069
cmb_94791826e24f3828ce7e28b88a92,Phil 90-85-0345,09-1969,"Oct. 22, 2021",2021-10-22,ok,Cross combination.xlsx,Phil 90-85-0345,G12,12,7,884639ec5332ec2254e69439dc38b2be5ec453b7295b29ba8abf00378389b199
cmb_72476a67a4eb989470f01288bb14,Phil 90-85-0345,2010-0149,"Oct. 22, 2021",2021-10-22,ok,Cross combination.xlsx,Phil 90-85-0345,H12,12,8,83944eb1b104c79ed56049cbf21b1fbbdef430f9bf2e643bf9ed03a19814796e
cmb_e80df87ad334f555f17189e909df,Phil 90-85-0345,2014-0013,"Oct. 14, 2022",2022-10-14,ok,Cross combination.xlsx,Phil 90-85-0345,B13,13,2,eb0b01614c29708976949b89048bd91e67fa49f6472babc056e1c65e0f5b4423
cmb_9a26d997239c883b499eb18a26bf,Phil 90-85-0345,2007-0027,"Oct. 14, 2022",2022-10-14,ok,Cross combination.xlsx,Phil 90-85-0345,C13,13,3,7cc7fdc98be0fa9aec38c72d583bbcab5c20e9d58a97ef745f9f6be5baac2067
cmb_2befe081bcbc4e6a949bcf0e8a0f,Phil 90-85-0345,90-57-0505,"Oct. 14, 2022",2022-10-14,ok,Cross combination.xlsx,Phil 90-85-0345,D13,13,4,63a7cc5455ccc0b4a9436fcf63ac0651e20f1bc39ca3c47380f09a5fcbc9624b
cmb_5490c859cd9d3b68055f1b341ad5,Phil 90-85-0345,2000-2569,"Oct. 14, 2022",2022-10-14,ok,Cross combination.xlsx,Phil 90-85-0345,E13,13,5,265753f3f39b4a82832410eb362c8aa889694572c7049f1ebd2c92d30333f411
cmb_ab56818fa4c58b941af16113e629,Phil 90-85-0345,2009-0919,"Oct. 14, 2022",2022-10-14,ok,Cross combination.xlsx,Phil 90-85-0345,F13,13,6,353b7584e3f70c44bd689ab23066713f005ebac1cce041314f6a3bbb7ce08ff3
cmb_b999da3d050bf679ba3caf0d48a5,Phil 90-60-0557,99-1793,"Nov. 09, 2012",2012-11-09,ok,Cross combination.xlsx,Phil 90-60-0557,B3,3,2,9f4be3233863122d51c1695a4f704a02159e95dabdba0e2319684332bac5c9d5
cmb_c45fa9cbbd2a128353102ccbf2e3,Phil 90-60-0557,00-2569,"Oct. 26, 2014",2014-10-26,ok,Cross combination.xlsx,Phil 90-60-0557,B4,4,2,e7a0aa05761ab995fb4d7125e90feea0fd4d62f4de7ebfeea2a0c19ca12d1f44
cmb_2809a92064a41d57f9aae9c41df0,Phil 90-60-0557,04-1011,"Oct. 26, 2014",2014-10-26,ok,Cross combination.xlsx,Phil 90-60-0557,C4,4,3,64a934fad95af9652af6fb1b610883a2a7a00e6a5a4d26ffa24741188320efa4
cmb_9f556f95bb78827bd5d63fa8a4d5,Phil 90-60-0557,VMC 90-239,"Nov. 06, 2016",2016-11-06,ok,Cross combination.xlsx,Phil 90-60-0557,B5,5,2,4ecbefa452b90d8d4869afbee782b0e6707231bd41042e7942390cb63325b9bd
cmb_b8b79e294fb968dbc365a2833317,Phil 90-60-0557,8715,"Nov. 06, 2016",2016-11-06,ok,Cross combination.xlsx,Phil 90-60-0557,C5,5,3,d8590fdb6318e80820aac3a52d720cbe891118ff1eaa53b6ea8354be1a833545
cmb_c3083062da6aff1528af7ff29614,Phil 90-60-0557,78-3981,"Oct. 27, 2018",2018-10-27,ok,Cross combination.xlsx,Phil 90-60-0557,B6,6,2,9b0ceab82405acd638c8ceae19983ab1f0043ef09fce1e131af54e926cd5ad83
cmb_b1a9051914600c8488d798e07482,Phil 90-60-0557,99-1793,"Oct. 27, 2018",2018-10-27,ok,Cross combination.xlsx,Phil 90-60-0557,C6,6,3,5d1d6ca7ca50e8cbcb0466480a4815ec0115d3a07c176fa2e8726672903089b8
cmb_7b49a5702ed5384976107ba1a439,Phil 90-60-0557,92-0751,"Oct. 27, 2018",2018-10-27,ok,Cross combination.xlsx,Phil 90-60-0557,D6,6,4,dcdb01a414169269f404d3a2b2b574e9dd18013df3dcf79e3413882e5b6729e2
cmb_204c5d6170b228839c572951911c,Phil 90-60-0557,8013,"Nov. 10, 2019",2019-11-10,ok,Cross combination.xlsx,Phil 90-60-0557,B7,7,2,34904c541bd4d6a7df2a57752a36fadc6d67fc46343e20d4c9c2a9c0d4c1d223
cmb_54658016e6bdda5ebe2856e50a5a,Phil 90-60-0557,93-2349,"Nov. 1, 2020",2020-11-01,ok,Cross combination.xlsx,Phil 90-60-0557,B8,8,2,5084251345257056c559ef52cf46d4234935013c548aedc63998e60e5fc011d5
cmb_7fa4462b11695782fa88cbe79a6d,Phil 90-60-0557,97-2041,"Nov. 1, 2020",2020-11-01,ok,Cross combination.xlsx,Phil 90-60-0557,C8,8,3,ad1391f32b0a88c1a7fa5a4c9be8fb3c1d6db8440ea0f7616648d207f1d46e99
cmb_3bba284483e4c93584510d206cd6,Phil 90-60-0557,04-1011,"Nov. 1, 2020",2020-11-01,ok,Cross combination.xlsx,Phil 90-60-0557,D8,8,4,e5c423794b56adba36453df4801e22c46aa82695b6a24156e5867dccbebddede
cmb_72b7d79f7adc4f979c55a25b43d7,Phil 90-60-0557,97-0687,"Nov. 1, 2020",2020-11-01,ok,Cross combination.xlsx,Phil 90-60-0557,E8,8,5,5feadb14f82a5cfeefd175bba121539c809525b331c896fb3b89b60b8a0264cf
cmb_8571330434922925b1b3c96ae8ca,Phil 90-60-0557,09-1969,"Nov. 9, 2021",2021-11-09,ok,Cross combination.xlsx,Phil 90-60-0557,B9,9,2,2cfc995c173973ae3281a34969a7346e63fa8c1f8944c3343488469bbad4dc77
cmb_6871dea833fdeda17d0f15ab2677,Phil 90-60-0557,2000-2569,"Oct. 26, 2022",2022-10-26,ok,Cross combination.xlsx,Phil 90-60-0557,B10,10,2,32e458662a16aeae67dcd961c0851699e09ca05c50c8de73bcb0d764a1a8c10e
cmb_0ed1f3ab3e7cd722714f0bd9b659,Phil 90-60-0557,2010-0149,"Oct. 26, 2022",2022-10-26,ok,Cross combination.xlsx,Phil 90-60-0557,C10,10,3,87f20bee23948d3c68344d36538fa6f9cd14d39fbff73ac8892ee94f06127746
cmb_18519b4bcb843f8475fd73e761c9,Phil 90-60-0557,99-1793,"Oct. 26, 2022",2022-10-26,ok,Cross combination.xlsx,Phil 90-60-0557,D10,10,4,aa93297565714612f27764a21197a0a816002be1bf9b4ba26f88e172781e122a
cmb_a50ff6bedc085daa1a81ab9554fa,Phil 90-60-0557,2004-1011,"Oct. 26, 2022",2022-10-26,ok,Cross combination.xlsx,Phil 90-60-0557,E10,10,5,d2faff0048590d7ea8870f088db535e69f2fa98942f14da108971faef2c88d6d
cmb_2f7944262b7ad68fa9dbfdba2e62,Phil 90-157-0953,80-5613,"Nov. 3, 2015",2015-11-03,ok,Cross combination.xlsx,Phil 90-157-0953,B4,4,2,8aae6096751a76afed788fa97d4d27a4883b5af294caa0766d9653ddd86e4337
cmb_46df7d7038b441fb20463d2aa0a0,Phil 90-157-0953,80-5619,"Nov. 3, 2015",2015-11-03,ok,Cross combination.xlsx,Phil 90-157-0953,C4,4,3,d79dce9fd21124f6204cdec2a3224ee69dabdac46e1ff7a5cd44243a1c1d0fd3
cmb_b3681dc42dc48523a41c481e86e5,Phil 90-157-0953,04-1011,"Nov. 3, 2015",2015-11-03,ok,Cross combination.xlsx,Phil 90-157-0953,D4,4,4,52b462fc1f906adcf0adb9e860ad4640fa97dc0efb4fc92144c4d7835ee6532e
cmb_fc3edc0f147acc42dee5502926f0,Phil 90-157-0953,8715,"Nov. 6, 2017",2017-11-06,ok,Cross combination.xlsx,Phil 90-157-0953,B5,5,2,071bc9a3ca9243fedf4095112bd0ea73f74d2e40e5ffa738bf9a4e489624a144
cmb_1963d5fb4cbdaeea0dac5efb9ee8,Phil 90-157-0953,8723,"Nov. 6, 2017",2017-11-06,ok,Cross combination.xlsx,Phil 90-157-0953,C5,5,3,a3489af22ff69b36fb62cf053772c7326bfa072a7a8618a1ad3e9b3c6b5b566e
cmb_124d02de53926de3a9b4fddbbc64,Phil 90-157-0953,93-2349,"Nov. 6, 2017",2017-11-06,ok,Cross combination.xlsx,Phil 90-157-0953,D5,5,4,2240e5686b93ea8120f95198bcefc258bb00010f26ec59bc96436ca569f4e1af
cmb_6a2cd0a8c848ae548635d4fd32aa,Phil 90-157-0953,8717,"Oct. 23, 2018",2018-10-23,ok,Cross combination.xlsx,Phil 90-157-0953,B6,6,2,98616f9378f797c14c06362ec794cc1febb6ea5ed306383755bf82f13cd466b5
cmb_795d24a505fefe96f02f50442589,Phil 90-157-0953,98-3061,"Oct. 23, 2018",2018-10-23,ok,Cross combination.xlsx,Phil 90-157-0953,C6,6,3,c991ebbd0d9f6067a6b0738a44d1835515f179bd130aac311f942c2b04798c59
cmb_99faa78ecf01d49f50a2a4223baa,Phil 90-157-0953,92-0751,"Oct. 23, 2018",2018-10-23,ok,Cross combination.xlsx,Phil 90-157-0953,D6,6,4,aa3da09d8cdc0d5256a3769c86d25b298e429a07af0dd836876f0515345014f6
cmb_8ae92df144a1efae0ec4d062e1e5,Phil 90-157-0953,00-2569,"Oct. 23, 2018",2018-10-23,ok,Cross combination.xlsx,Phil 90-157-0953,E6,6,5,8b4c6d6d0c77728fb29c69230a89a08c520b6d7ac7eeb6563f9840313c5343d1
cmb_c58ea679736da4cbf43bf3198f99,Phil 90-157-0953,97-2041,"Oct. 23, 2018",2018-10-23,ok,Cross combination.xlsx,Phil 90-157-0953,F6,6,6,3cbe303b0ea81e84db4034e450524cfe5e44b5c3091e5a42dfb3e32e96eea25f
cmb_3cc7c1e889fb159a98fd20740bad,Phil 90-157-0953,8013,"Nov. 8, 2019",2019-11-08,ok,Cross combination.xlsx,Phil 90-157-0953,B7,7,2,d6aad166e2c30395bf732cc8bf436c7d933f2110dccd70a5a7c30869f5646c3b
cmb_60c82ea8783415d86a23e5dadb59,Phil 90-157-0953,2009-1969,"Nov. 10, 2021",2021-11-10,ok,Cross combination.xlsx,Phil 90-157-0953,B8,8,2,0ad7df53d269c93389c4891f9de8a50585c03f94da750175c442601935dca533
cmb_1918db6fae4357a022f9138cfcaa,Phil 90-1080-1097,88-1691,"Oct. 29, 2012",2012-10-29,ok,Cross combination.xlsx,Phil 90-1080-1097,B3,3,2,dd44876767e3bfe5749c2fbd3ab47eeafcf5fe9764bc4313e5b7e7b9d29f2189
cmb_55bb729dd45442f4105b9c9c742f,Phil 90-1080-1097,91-1091,"Oct. 29, 2012",2012-10-29,ok,Cross combination.xlsx,Phil 90-1080-1097,C3,3,3,b0dc2ae1a0e87a0e4a2865f10c03a0c91380816fe581277cf78ad5ea697af0e5
cmb_f64bed080093bdd920c960fbcfe6,Phil 90-1080-1097,99-1793,"Oct. 29, 2012",2012-10-29,ok,Cross combination.xlsx,Phil 90-1080-1097,D3,3,4,09c3c7804fb12c9b0d6f8ba6d554ce7d8fcc3b97359d03861ce9816075acf8ab
cmb_43598bc3764f7293fffa698d74b2,Phil 90-1080-1097,95-1051,"Oct. 29, 2012",2012-10-29,ok,Cross combination.xlsx,Phil 90-1080-1097,E3,3,5,5195c5336a6315094a273acbeda17a7e7d3047beea94f124bd2422b014fa5592
cmb_1c1f6712aa31f6eafa594cd308fe,Phil 90-1080-1097,80-5619,"Nov. 5, 2014",2014-11-05,ok,Cross combination.xlsx,Phil 90-1080-1097,B4,4,2,9985470c03f2bfb6dbdce3ad4247dccb2948c9c79a452ee4f23416e570ebc594
cmb_c38d679839196f963ea7c9e756cb,Phil 90-1080-1097,97-3501,"Nov. 5, 2014",2014-11-05,ok,Cross combination.xlsx,Phil 90-1080-1097,C4,4,3,9606da8ef6ae689251eb79691878bc6279abd816777147525ed8678c49c5aa0a
cmb_32f2624a0fb9e994092f20785037,Phil 90-1080-1097,93-2349,"Nov. 5, 2014",2014-11-05,ok,Cross combination.xlsx,Phil 90-1080-1097,D4,4,4,3f537eaaea6688f94108e9d113e4d1e29479aeb5cdc031a90bcdc1363e57af44
cmb_f770438b54ad3bee97ac559d2138,Phil 90-1080-1097,04-1011,"Nov. 5, 2014",2014-11-05,ok,Cross combination.xlsx,Phil 90-1080-1097,E4,4,5,470b7c0b474192be4a70ebaaf440763667188d07ef2ad830886097699d285d07
cmb_a4d8e5b785ddecc4d6a863a5ab88,Phil 90-1080-1097,Q102,"Nov. 12, 2015",2015-11-12,ok,Cross combination.xlsx,Phil 90-1080-1097,B5,5,2,99a2b42ffefb25b597583758b781f21a07c08e8f9189f5f1f033978581245136
cmb_7c5652b80cc92247c82d70e5e5b7,Phil 90-1080-1097,86-1119,"Nov. 12, 2015",2015-11-12,ok,Cross combination.xlsx,Phil 90-1080-1097,C5,5,3,083c468a4eb26f01fe14b2e08260914e24e8517d66eee0ae26d104322bc726df
cmb_659c029a388b4e3bdd0ab056299b,Phil 90-1080-1097,90-0953,"Nov. 12, 2015",2015-11-12,ok,Cross combination.xlsx,Phil 90-1080-1097,D5,5,4,d5a303e63674edf1712e5a49df0a97f8d75ee4041817d4150023952edac824fa
cmb_e921e42e0f59b7dcb33deb19fbe6,Phil 90-1080-1097,91-0237,"Nov. 12, 2015",2015-11-12,ok,Cross combination.xlsx,Phil 90-1080-1097,E5,5,5,8eb911263f3c58e6f5158b381611922757e0a2a0eb79ba7533726a9b76a6311c
cmb_09bdc357818caf4ed647471c6f2b,Phil 90-1080-1097,03-1389,"Nov. 11, 2017",2017-11-11,ok,Cross combination.xlsx,Phil 90-1080-1097,B6,6,2,88d6e55bd626a53bb902565619e8570e24a3eb9581f3c51ef9a71f4a193dc855
cmb_ed95ed5995dce2e6a40a0b4be708,Phil 90-1080-1097,99-1793,"Nov. 11, 2017",2017-11-11,ok,Cross combination.xlsx,Phil 90-1080-1097,C6,6,3,147626f6027c55136bb102ab01207a3ffbd4e68f73a75ce0f837e5ea807490a4
cmb_614ece201c98a6aa9c878f4860f5,Phil 90-1080-1097,09-0919,"Nov. 15, 2021",2021-11-15,ok,Cross combination.xlsx,Phil 90-1080-1097,B7,7,2,c545e986b0ae8c9534954631dfacb576babbb0609b8dded2a0b995d02bb4cde3
cmb_d82ecfde560f47ce1d826e0b0e60,Phil 90-1080-1097,91-120-0909,"Nov. 15, 2021",2021-11-15,ok,Cross combination.xlsx,Phil 90-1080-1097,C7,7,3,84a518145b20e907d2470667e9be87a757efb13cd7f02c3010388c9df0ff9f3c
cmb_38a8759a0872f0b3e42939e14407,Phil 90-1083-1107,93-2349,"Nov 12, 2015",2015-11-12,ok,Cross combination.xlsx,Phil 90-1083-1107,B3,3,2,f99cd66d7285bab7b286930e96244fb8fcd1acc22267c116e29b7baaf5d7696e
cmb_feaf113102c823faa4685266744f,Phil 90-1083-1107,94-0913,"Nov 12, 2015",2015-11-12,ok,Cross combination.xlsx,Phil 90-1083-1107,C3,3,3,5ff1e676c534f69bf925ca5dce840d222a3fb4aaf576401cc2b4f74925ffa597
cmb_6135e5fe96baf9501550564c0005,Phil 90-1187-1237,PSR 00-343,"Nov. 5, 2013",2013-11-05,ok,Cross combination.xlsx,Phil 90-1187-1237,B3,3,2,9833358d009f31a0a2cf0427beec50905ccf31a44a673af03f10ee1cd0933937
cmb_9a0aca0dcfe87081b3c0c7d7379a,Phil 90-1187-1237,8839,"Nov. 5, 2013",2013-11-05,ok,Cross combination.xlsx,Phil 90-1187-1237,C3,3,3,b636ec7f709ea7b9b749d5c61a329307900d6caed8a8340ac1941c015ef39264
cmb_c1c7c28dc773ffd4b4b320fee655,Phil 90-1187-1237,97-3933,"Nov. 5, 2013",2013-11-05,ok,Cross combination.xlsx,Phil 90-1187-1237,D3,3,4,22acda3bd6d306d421335c75b458664000003511bb8f7cee1a987dff04e6694c
cmb_718f455402b8891c8d6abc3ba09c,Phil 90-1187-1237,99-1793,"Nov. 5, 2013",2013-11-05,ok,Cross combination.xlsx,Phil 90-1187-1237,E3,3,5,c8575bf1bb77e65953ae3ad5000c38dd2992c8b22f6c0f356407304c4dea0540
cmb_58fdc99ff5a9893bfd3539746333,Phil 90-1187-1237,04-1011,"Nov. 8, 2014",2014-11-08,ok,Cross combination.xlsx,Phil 90-1187-1237,B4,4,2,97d9e8dc33af19dc6e091b26b6de7f88bcd63d0689bf0b1c48f594227e5592c7
cmb_a269cbe872f6a66b0c82390d1042,Phil 90-1187-1237,93-1601,"Nov. 8, 2014",2014-11-08,ok,Cross combination.xlsx,Phil 90-1187-1237,C4,4,3,614e49bd14e5ba28f9a969fcd1fc135ee3591b172e82ad4be3af39769b8fd89c
cmb_8630e6b92f90bd094e8f0dff9c36,Phil 90-1187-1237,00-2569,"Nov. 8, 2014",2014-11-08,ok,Cross combination.xlsx,Phil 90-1187-1237,D4,4,4,592941caee568faabf571f2623b00631ad8fbb1724c0f1c231ee3d8868c3b2af
cmb_7c9fc68f31eefc726e9585a5c377,Phil 90-1187-1237,Q102,"Nov. 19, 2015",2015-11-19,ok,Cross combination.xlsx,Phil 90-1187-1237,B5,5,2,745f82e084b62a7bfb0975bf99fed96d1c7bd31690ba84d11236effb53962000
cmb_a6ec2700a73c91ef2173bbba61d8,Phil 90-1187-1237,R510,"Nov. 19, 2015",2015-11-19,ok,Cross combination.xlsx,Phil 90-1187-1237,C5,5,3,aec960d8b618ab86ea80884a7df4aa5f7487c383c6b8bf9e3a03501a5415ea6c
cmb_4b84cde9300cf06a3d4a0df32a01,Phil 90-1187-1237,99-1793,2016,2016-08-13,ok,Cross combination.xlsx,Phil 90-1187-1237,B6,6,2,cfcb7e65b32d482c83aded826687e8c7db8c81ed2b561faa86958cfe1ebf4941
cmb_55991d3199d5cddd3260d9384cbb,Phil 90-1187-1237,00-2569,2016,2016-08-13,ok,Cross combination.xlsx,Phil 90-1187-1237,C6,6,3,1c51257edd22e6bc2202011c3048fc8178ad5bcdbd48b02a9ad4d497a6f2f3fe
cmb_fcd5e1944993c5e3865d510ab253,Phil 90-1187-1237,8013,"Nov. 7, 2020",2020-11-07,ok,Cross combination.xlsx,Phil 90-1187-1237,B7,7,2,4d4b79b79e1d293e3c62206c4cfc1118a03eebbbbc46b09d373ce089b327b6a9
cmb_728be66c71919fa316244d391299,Phil 90-1187-1237,91-1091,"Nov. 7, 2020",2020-11-07,ok,Cross combination.xlsx,Phil 90-1187-1237,C7,7,3,1b1ceadc65c7962dd413af2f1f6e4c2c64ec8aa85632c56c0ad836e86f090dc2
cmb_4df7ef70abdcf2d1aceda19b3cf6,Phil 90-1187-1237,2009-0919,"Nov. 6, 2022",2022-11-06,ok,Cross combination.xlsx,Phil 90-1187-1237,B8,8,2,26b2bde7afa8b6307d5eca445ec793fa177be4d4f80e79b5a34b484886032be1
cmb_b98af80140bf41a6d3021d153b0d,Phil 91-5-0037,8829,"Oct. 31, 2012",2012-10-31,ok,Cross combination.xlsx,Phil 91-5-0037,B3,3,2,b3ed8b537073e503c7eb0327408fff462e8983ffc5ef16148bb5597f234e879b
cmb_fc529108f735d5c32dc9003efb27,Phil 91-5-0037,04-1011,"Oct. 31, 2012",2012-10-31,ok,Cross combination.xlsx,Phil 91-5-0037,C3,3,3,9c88326ba47aba94afbc12f8c478867adc20047077707f9ef42eb54e807029f4
cmb_ff83d7da36b5f3fd9ed7a27dc1c8,Phil 91-5-0037,99-1189,"Oct. 31, 2012",2012-10-31,ok,Cross combination.xlsx,Phil 91-5-0037,D3,3,4,ccb6d5e59e0a5d4fa35bfc48c8c667b57d64b232381b9ec2fcacaad26c86def8
cmb_0ead1a13ad9bbbf55a17dff4c526,Phil 91-5-0037,91-1091,"Oct. 31, 2012",2012-10-31,ok,Cross combination.xlsx,Phil 91-5-0037,E3,3,5,c038a8892888dea95321e741c7e7f5bf3461a42100dc68052d87f02483631ed8
cmb_53310de4ee78082663c8cd585286,Phil 91-5-0037,B337,"Oct. 28, 2013",2013-10-28,ok,Cross combination.xlsx,Phil 91-5-0037,B4,4,2,61c9f2e6d5e7838ce378d2df0a9c69b42f00899a0ced8766b64d4725a4a3bddc
cmb_bc8f1e58e05b09cba03fd2d05e87,Phil 91-5-0037,PSR 00-343,"Oct. 28, 2013",2013-10-28,ok,Cross combination.xlsx,Phil 91-5-0037,C4,4,3,d0942c2a8403915ee1c478b764e42b3b08e037ef50d6e11c8cc4215c573851f3
cmb_f823270fdab870eb440376f3a2d1,Phil 91-5-0037,84-3401,"Oct. 28, 2013",2013-10-28,ok,Cross combination.xlsx,Phil 91-5-0037,D4,4,4,a65714770426ee91fce4bdbf3a920a06ea53e0e79fee63a90acb958a2834a33a
cmb_996e8053a8ef620aca1fa887fd3b,Phil 91-5-0037,92-0577,"Oct. 28, 2013",2013-10-28,ok,Cross combination.xlsx,Phil 91-5-0037,E4,4,5,7e05ef452e5c05de55d2fb474ecad109e0db325646d5b80fd8a514408dfcdc28
cmb_ee165198450e1940c3cb5b3d3081,Phil 91-5-0037,93-2349,"Oct. 28, 2013",2013-10-28,ok,Cross combination.xlsx,Phil 91-5-0037,F4,4,6,e842cffe4fcb16869cdcdb72e76495754ad6dfb5210d9cbce9d008f506b63a64
cmb_a3d1b9269f2ea0e8b4824c16e390,Phil 91-5-0037,99-1793,"Oct. 28, 2013",2013-10-28,ok,Cross combination.xlsx,Phil 91-5-0037,G4,4,7,998724777f0700558c2654bbfb8cb11e8bee3d250b5c996e4bb0270e4a11e123
cmb_c6f247e3e42be79031c989a11302,Phil 91-5-0037,97-3501,"Nov. 5, 2014",2014-11-05,ok,Cross combination.xlsx,Phil 91-5-0037,B5,5,2,1922b404a059650e60d556521ceb0e5fdaf33a270ca554baca64567fb2786685
cmb_bf98c7dc0844211a32731485484d,Phil 91-5-0037,06-2299,"Nov. 5, 2014",2014-11-05,ok,Cross combination.xlsx,Phil 91-5-0037,C5,5,3,32c2acfc76f6a27046f631ad4cc1b869630b4e2e735fe3b77d8733ec50da6e1f
cmb_5fbcbbf3848fd74460f129491b8f,Phil 91-5-0037,99-2641,"Nov. 5, 2014",2014-11-05,ok,Cross combination.xlsx,Phil 91-5-0037,D5,5,4,7e261b3911b0fa415f8382850b5ec731207160614f152df12e3aded3d219a9cf
cmb_116efc6fbc20668390eadb18e1dd,Phil 91-5-0037,97-4435,"Nov. 5, 2014",2014-11-05,ok,Cross combination.xlsx,Phil 91-5-0037,E5,5,5,b1f7437d39e2f3fe53df6468855a64d327cabe2c774eeab6b2e104549edacc7d
cmb_d58198d7d2d72187673047fef1ba,Phil 91-5-0037,93-3401,"Nov. 10, 2015",2015-11-10,ok,Cross combination.xlsx,Phil 91-5-0037,B6,6,2,f39fd5cb2df9ff27be3541c6ccaae663252cec23b6171fd0eca33a8815f71ead
cmb_749a53f50c95f83a5c52a27d5c55,Phil 91-5-0037,04-1011,"Nov. 10, 2015",2015-11-10,ok,Cross combination.xlsx,Phil 91-5-0037,C6,6,3,e456a5c44efa330fee095ad8e3c57b0d0c941b49bd19f912817fe87dcc33d1cf
cmb_3937146a939cfd6797841d044302,Phil 91-5-0037,05-1197,"Nov. 10, 2015",2015-11-10,ok,Cross combination.xlsx,Phil 91-5-0037,D6,6,4,2ee7923982c56079c0de0e35cefb0e185eb1373a3d4943abe6d5b0ee44a7f9ff
cmb_266cef4e6ddd229b3504a5ceec21,Phil 91-5-0037,90-0567,"Nov. 10, 2015",2015-11-10,ok,Cross combination.xlsx,Phil 91-5-0037,E6,6,5,93dd85a754da67060054005ab975178d5ebca4f90536f1b4aa1835f5b370548f
cmb_940baef5e77dd2475f1b434e9bf9,Phil 91-5-0037,93-2593,"Nov. 10, 2015",2015-11-10,ok,Cross combination.xlsx,Phil 91-5-0037,F6,6,6,788ee6634768efe73be47d55ebb157a1fff543fb7ac79ce43e7ec5af77f42b44
cmb_60e137037169de07cda52a387ff3,Phil 91-5-0037,8723,"Nov. 8, 2016",2016-11-08,ok,Cross combination.xlsx,Phil 91-5-0037,B7,7,2,75caf89e0469465ad842a4413daa35f4f624df6efcdfa64f0d63dd761560de58
cmb_df83280f28f0206d69870648166a,Phil 91-5-0037,8715,"Nov. 8, 2016",2016-11-08,ok,Cross combination.xlsx,Phil 91-5-0037,C7,7,3,81d8e1d5962b7e86300469c5cf76bad92ac92a8b7a7532a0eab5f5ce6e181c0c
cmb_95b7e456dc121e27fd334e589c59,Phil 91-5-0037,91-0909,"Nov. 8, 2016",2016-11-08,ok,Cross combination.xlsx,Phil 91-5-0037,D7,7,4,9c3009a5f87f0d372fd056e4309e687166461893bf86c74a7cb4cfc3ad062999
cmb_74549cf9957bc68580bf815c3b1e,Phil 91-5-0037,06-1899,"Nov. 8, 2016",2016-11-08,ok,Cross combination.xlsx,Phil 91-5-0037,E7,7,5,22568ea1408597f003438a01dd17fa8558102b223195b8113834f9d88b527ed0
cmb_1e2a0cafc9c0e34788fb10264737,Phil 91-5-0037,91-4549,"Nov. 11, 2017",2017-11-11,ok,Cross combination.xlsx,Phil 91-5-0037,B8,8,2,7882e32bf5d1ef479491de41f59a436422d845b80d63f4bf0472444feffc0d25
cmb_2bb14b1502aec3790f144ecf82ce,Phil 91-5-0037,99-1793,"Nov. 5, 2018",2018-11-05,ok,Cross combination.xlsx,Phil 91-5-0037,B9,9,2,17c378a28e581852e47f25cb0468011ca05b0c46c72cd456913c17632e6b89ca
cmb_b897f3fc0ee98383bfdc5277565f,Phil 91-5-0037,98-0255,"Nov. 11, 2020",2020-11-11,ok,Cross combination.xlsx,Phil 91-5-0037,B10,10,2,43bd39c7c48f26dfb1dded32c8e3ad96d26284cb0e80de0e706c399ae605cb60
cmb_5c6fbf9a6aea99f702786083f6f4,Phil 91-5-0037,09-1969,"Nov. 11, 2021",2021-11-11,ok,Cross combination.xlsx,Phil 91-5-0037,B11,11,2,5f0410a2c95a8ddac6f987827cc727b1ea5b0fc20f518c3bce4a1f79538552d7
cmb_b77bf4263c8d3d081bb60786bbcc,Phil 91-5-0037,09-0919,"Nov. 11, 2021",2021-11-11,ok,Cross combination.xlsx,Phil 91-5-0037,C11,11,3,1674cb2ba4e9729f0f261debc90c7547451ca54a8dd59175b1c2f02db47981f3
cmb_30fcacb8cd8d47d383bb1a3b8ebc,Phil 91-5-0037,91-120-0909,"Nov. 11, 2021",2021-11-11,ok,Cross combination.xlsx,Phil 91-5-0037,D11,11,4,f22227b42f25adb3b249613ab8c0c08365be7a2e841b6c2f88c9cc56dad1d09f
cmb_87389bcb11f176e5877b7950842b,Phil 91-5-0037,99-1793,"Nov. 6, 2022",2022-11-06,ok,Cross combination.xlsx,Phil 91-5-0037,B12,12,2,875a3a4c8f2f59ab2316476b2468426e84304d73445eec6c5fac985251d6fc8d
cmb_3c980c3abdbbe37a3e6c09b0c3d6,Phil 91-5-0037,2004-1011,"Nov. 6, 2022",2022-11-06,ok,Cross combination.xlsx,Phil 91-5-0037,C12,12,3,9b08c9beccc0b1ba655ed55eb92655fad315786a71d17ebb4e038cd714c2267b
cmb_2ffd4b5ef114fe78429f5e28ab4e,Phil 91-8-0085,99-1793,"Nov. 2, 2018",2018-11-02,ok,Cross combination.xlsx,Phil 91-8-0085,B3,3,2,3d0bc368226beae9ebf4321f3321db93c30787c8423baf411fa20dfb7b15607d
cmb_9976c5c6d408e694fe0685a24fe5,Phil 91-8-0085,2006-1899,"Nov. 10, 2022",2022-11-10,ok,Cross combination.xlsx,Phil 91-8-0085,B4,4,2,0ba10785d4d73a51ecb4ff1e324be8fe8fe9052bbc8bcf40e7ce1ad5d8eda2ad
cmb_70a825671d9cbf69764e1a53c1e6,Phil 91-8-0085,2009-0919,"Nov. 10, 2022",2022-11-10,ok,Cross combination.xlsx,Phil 91-8-0085,C4,4,3,b732668b8af4ad0d09957ca12431768d1d2c3b12373d257a3888689c8ca034d1
cmb_ea5c565e5719bbec56b40643691b,Phil 91-85-0661,89-0455,"Oct. 30, 2012",2012-10-30,ok,Cross combination.xlsx,Phil 91-85-0661,B3,3,2,47db06aef77bded531dfb0e0b72ac38d464e9f20f497827b7aaaa72eb68fb079
cmb_b6616cd6e9a52b8794a11e62d4ea,Phil 91-85-0661,88-1691,"Oct. 30, 2012",2012-10-30,ok,Cross combination.xlsx,Phil 91-85-0661,C3,3,3,82bbdfb7337942a39d64f5d44cb5f4e834d5c82099bae9dca158772b3678e9ca
cmb_44e3f7758f3394cf4a3239e00084,Phil 91-85-0661,93-2349,"Oct. 30, 2012",2012-10-30,ok,Cross combination.xlsx,Phil 91-85-0661,D3,3,4,928cc24abb082291653a6002cfb3a7dd37d7a6f82339352838e11599fa238879
cmb_101dca58365a03dfdc054080c0b9,Phil 91-85-0661,04-1011,"Oct. 30, 2012",2012-10-30,ok,Cross combination.xlsx,Phil 91-85-0661,E3,3,5,418cffd1cbd2bbee40f1dcd699e2dd9ee2cfceedae25a9a6368bc356cbb7d153
cmb_021fac0fdd96a54c8aa02cfd04c5,Phil 91-85-0661,97-2041,"Oct. 30, 2012",2012-10-30,ok,Cross combination.xlsx,Phil 91-85-0661,F3,3,6,beff905980290ce951773888bcc10408fc944b9d448c06948be2bd441c19bc67
cmb_f2fc822bfe1c2149c2f0f61ee0b9,Phil 91-85-0661,VMC 74-527,"Nov. 30, 2013",2013-11-30,ok,Cross combination.xlsx,Phil 91-85-0661,B4,4,2,0e910c795d51164e79312d0a75b9530ff4c2ed9d0d8fd5eb8a99288e1ba1da39
cmb_54dd0d36f080fe21bf09c8bacbad,Phil 91-85-0661,PSR 00-343,"Nov. 30, 2013",2013-11-30,ok,Cross combination.xlsx,Phil 91-85-0661,C4,4,3,1502382f56c1ccb20ea7792f3be8dd2c167603480f3cd8a0726fe26de2c41a7b
cmb_2dc0efbb8b648eb4844bbc558252,Phil 91-85-0661,83-4097,"Nov. 30, 2013",2013-11-30,ok,Cross combination.xlsx,Phil 91-85-0661,D4,4,4,6e59c59f0d3759c1418a48eb6fc018f422707df646ef80964e3c699f6a3da81e
cmb_d0f4e7c78ce302f6e15df113555c,Phil 91-85-0661,99-1793,"Nov. 30, 2013",2013-11-30,ok,Cross combination.xlsx,Phil 91-85-0661,E4,4,5,1ae6f38a5e9a819dbe00965f6802b394d0db5b4d134d94f0da6a2b7f9425d9b7
cmb_d891c02abf2192194da366b021bb,Phil 91-85-0661,03-1389,"Nov. 30, 2013",2013-11-30,ok,Cross combination.xlsx,Phil 91-85-0661,F4,4,6,039fa8f2530a68efc12243a563fff3b6974f2695868c324c7a26ecc09370081e
cmb_45b2bae208a44b046d7f80b2a37f,Phil 91-85-0661,06-2299,"Nov. 7, 2014",2014-11-07,ok,Cross combination.xlsx,Phil 91-85-0661,B5,5,2,9c971ac62553d7d39d55e4e118de6da5c178e7a82a93fbad35b75e6b968dc25d
cmb_43ad6a85b61dd792534eb579f76e,Phil 91-85-0661,97-3501,"Nov. 7, 2014",2014-11-07,ok,Cross combination.xlsx,Phil 91-85-0661,C5,5,3,a69de8150e007613d78096b12da678235264ae1e78da1e1ce35eaa659589173a
cmb_7ac106f77729bbd929b7ed5064d0,Phil 91-85-0661,99-2641,"Nov. 7, 2014",2014-11-07,ok,Cross combination.xlsx,Phil 91-85-0661,D5,5,4,61bba273284957e4b4c6fcb93d9b1da9c7b8c11179f241957f0b92c26e8883a2
cmb_d2f95366228c778b35dddc3c098e,Phil 91-85-0661,80-5619,"Nov. 16, 2015",2015-11-16,ok,Cross combination.xlsx,Phil 91-85-0661,B6,6,2,230aff549cc88b976ea435efc9edf4a51be6fdc57bd15c29e15bc5c51f6b6b06
cmb_1bb46a6454e541593e0d67e15cf1,Phil 91-85-0661,84-6559,"Nov. 16, 2015",2015-11-16,ok,Cross combination.xlsx,Phil 91-85-0661,C6,6,3,f85d7549b1ef93904af434453d609c5f5cc6b38dabd331c5a6051ce45b83a446
cmb_798e1223356b4a181a9193cd5d1d,Phil 91-85-0661,05-1197,"Nov. 16, 2015",2015-11-16,ok,Cross combination.xlsx,Phil 91-85-0661,D6,6,4,3372cdd401198dedb71f8591b8995a2d7d2a881eb7fc89f0ef3af94311b00f7b
cmb_463952dbde584cc9db8c1d0924ae,Phil 91-85-0661,05-0645,"Nov. 14, 2016",2016-11-14,ok,Cross combination.xlsx,Phil 91-85-0661,B7,7,2,29e809f77f06ebbd50790ed06222954e4e48dd7e3ba665b10e8ee18df482f225
cmb_01d9e259dcb036b209af6821e52a,Phil 91-85-0661,04-1011,"Nov. 14, 2016",2016-11-14,ok,Cross combination.xlsx,Phil 91-85-0661,C7,7,3,c512ddbf48ad267f48551673b7c647cbef6a04da18cdfdd4c106e4cb8f3c73e7
cmb_89fb109bf40fc1adab1449dacc49,Phil 91-85-0661,00-1901,"Nov. 14, 2016",2016-11-14,ok,Cross combination.xlsx,Phil 91-85-0661,D7,7,4,0cca1368a55eb0f53ba218ffec2c6cd9af1f49a087644b632248dca09f25c744
cmb_abcd5a96ebe4ec9a6cf664d1edc0,Phil 91-85-0661,8829,"Nov. 5, 2018",2018-11-05,ok,Cross combination.xlsx,Phil 91-85-0661,B8,8,2,3a6a3931bc32f5f4775ec3c9b65e9047ff04865d5a5466d5b7aeb597bb27cfdc
cmb_35bbbf8a1bdd56d4063d219c4cd7,Phil 91-85-0661,95-1029,"Nov. 5, 2018",2018-11-05,ok,Cross combination.xlsx,Phil 91-85-0661,C8,8,3,d2dbeb179b398a811a168344c65dc0f9a8a709a8dd8f53f32853664c1f3739a8
cmb_096365238e5d75aa1e9d4415daaa,Phil 91-85-0661,99-1793,"Nov. 10, 2019",2019-11-10,ok,Cross combination.xlsx,Phil 91-85-0661,B9,9,2,2368f8eec4c9e49a21e03b5f27664eba53ae9bde9a04f74174c49d1bb8f72bad
cmb_38396d12eca6588956344a350b35,Phil 91-85-0661,06-1899,"Nov. 10, 2019",2019-11-10,ok,Cross combination.xlsx,Phil 91-85-0661,C9,9,3,029805e8d6aa38960bf9a1c1b8213eb7c7d5f82a96f86697f9d5233fedd64131
cmb_d10fd88f367344c0d574d56ba06c,Phil 91-85-0661,04-1011,"Nov. 15, 2021",2021-11-15,ok,Cross combination.xlsx,Phil 91-85-0661,B10,10,2,a95f5d37faa2bd2a3d73632fea48ac5d3670ed9d8fcc503de39966c60a2720bd
cmb_ca344cee8d4889434470a2d29dd4,Phil 91-85-0661,99-1793,"Nov. 10, 2022",2022-11-10,ok,Cross combination.xlsx,Phil 91-85-0661,B11,11,2,33a65d49fb671fd9fef833965090b3887c1cb2eadec643f84f08320b3c85004e
cmb_77ac6b4ab8f165756f038d1b835c,Phil 91-95-0701,2001-0295,"Oct. 16, 2012",2012-10-16,ok,Cross combination.xlsx,Phil 91-95-0701,B3,3,2,5f9bc6948593d40d37b21259dddddfb1d5153e9b21fe815247d4cac9dc1adcf6
cmb_7c56e93f01f6da5fc7704284dd08,Phil 91-95-0701,97-0693,"Oct. 16, 2012",2012-10-16,ok,Cross combination.xlsx,Phil 91-95-0701,C3,3,3,0de4f9aba9e094feb0bdcca24bdebb4fbd86438c7d7008b35d0af3a9c7317a2b
cmb_ab166537bd71a7a2c6358f18fe36,Phil 91-95-0701,97-2339,"Oct. 16, 2012",2012-10-16,ok,Cross combination.xlsx,Phil 91-95-0701,D3,3,4,93809177ed008543fddb0f7e57dd34ee0c79f0c5f0c7a75367918e0b356c2a73
cmb_ef069cf126edf7f86d2bd75623f0,Phil 91-95-0701,97-2041,"Oct. 16, 2012",2012-10-16,ok,Cross combination.xlsx,Phil 91-95-0701,E3,3,5,638813177a5a8f9fb01cb86ac24be6f1f037a4eb12180000dd949c9c1a409e6b
cmb_b4dc27f6290d89eb9ab82cd2c96f,Phil 91-95-0701,2000-2417,"Oct. 16, 2012",2012-10-16,ok,Cross combination.xlsx,Phil 91-95-0701,F3,3,6,6a2a07196fa3740c7f9a9b969502803d626128b0b944e3611dfd7a9ff5b248bd
cmb_89ed5ca3d6039938846abdc5e717,Phil 91-95-0701,93-2349,"Oct. 17, 2013",2013-10-17,ok,Cross combination.xlsx,Phil 91-95-0701,B4,4,2,f29fd348104aad5175e7e6802f5fea8a7ec1a4dbb960d594a77581636306806f
cmb_1ed9ecb90a7e292484aff56f69b8,Phil 91-95-0701,2006-2299,"Oct. 19, 2014",2014-10-19,ok,Cross combination.xlsx,Phil 91-95-0701,B5,5,2,d51865a31efd7724c9e55247976e52702866bf28c7c6b9d0dea69ee7b853d487
cmb_2d87c4600d7d3b8f62a7e59a42f0,Phil 91-95-0701,98-2137,"Oct. 19, 2014",2014-10-19,ok,Cross combination.xlsx,Phil 91-95-0701,C5,5,3,4e1b07b2d0edacd65343a5cd869d627c9cbd036866e9d448e1f7f376e829c600
cmb_fa05a7f537b0b5ebc5c8632cf315,Phil 91-95-0701,05-1197,"Oct. 25, 2015",2015-10-25,ok,Cross combination.xlsx,Phil 91-95-0701,B6,6,2,f4ea7aa7608e3e8d71c6003a057f5b6ae324578ad44bde99ab0aebad25b5ab00
cmb_1c2a09285a80f8e60f4c6b3ebc73,Phil 91-95-0701,00-2569,"Oct. 25, 2015",2015-10-25,ok,Cross combination.xlsx,Phil 91-95-0701,C6,6,3,9786f0915f1096f6ee0aaa324fb75ebc40668e40efe775da1582350025a103bd
cmb_96517e866526d5f528752f694440,Phil 91-95-0701,8583,"Oct. 24, 2016",2016-10-24,ok,Cross combination.xlsx,Phil 91-95-0701,B7,7,2,07823ab83b066d6c748a6025d5505828d90fb206c611c5b6e289ee8252672c47
cmb_ea5ccdf2262ac62a86fe1076a001,Phil 91-95-0701,8943,"Oct. 24, 2016",2016-10-24,ok,Cross combination.xlsx,Phil 91-95-0701,C7,7,3,2670927eecc24d719e6a19227cd76f7a2783730465d13ffc3a5f5635b67f721d
cmb_ad100abe703b5a7d35cac63cb636,Phil 91-95-0701,07-2081,"Oct. 21, 2017",2017-10-21,ok,Cross combination.xlsx,Phil 91-95-0701,B8,8,2,f3a4c234f33c939cdc32e68d5c656c73f57836091859bf3fc390c8ed265cab96
cmb_1cbb55ff5c28f0afac0e19a4d02b,Phil 91-95-0701,93-2349,"Oct. 23, 2018",2018-10-23,ok,Cross combination.xlsx,Phil 91-95-0701,B9,9,2,90a3ab949c29d2be5935d2bdee65d3f0c49eaf93a44119befcae6d56e23a6653
cmb_1ad3a4b9d0afab37cb8881374d4a,Phil 91-95-0701,00-0599,"Oct. 23, 2018",2018-10-23,ok,Cross combination.xlsx,Phil 91-95-0701,C9,9,3,00fa7305f5c136d73296aa4e34c38857993c6a3ff09beefc8f8eb91c935a837e
cmb_20222e3f19cf1af38fbdcfb4ac51,Phil 91-95-0701,8013,"Oct. 17, 2019",2019-10-17,ok,Cross combination.xlsx,Phil 91-95-0701,B10,10,2,7086ebc1ee08c20f7035bb1503f81416561291e5cc218c05954d49da2f1ba8b3
cmb_3f8cc3ae59e38539e18aa2639d03,Phil 91-95-0701,92-1589,"Oct. 17, 2019",2019-10-17,ok,Cross combination.xlsx,Phil 91-95-0701,C10,10,3,07335e3232b28d851528767f0ec58c5d66d9d5e3a62abbc97e975a09b9497b6c
cmb_e23c9770897c22af90f0acfbca3e,Phil 91-95-0701,93-2349,"Oct. 17, 2019",2019-10-17,ok,Cross combination.xlsx,Phil 91-95-0701,D10,10,4,cf947cc7047d5240b2c7d04865949ea59fdb924c340430bdafba9ff9eae1880e
cmb_d6a30a49607adcf0a6d5b5ef1fe5,Phil 91-95-0701,97-0693,"Oct. 17, 2019",2019-10-17,ok,Cross combination.xlsx,Phil 91-95-0701,E10,10,5,2d7a8663890803fc063b770a0ce2fba67d2fe185840276ac7f9a17bcb280f78c
cmb_ab5340b210105f2a04e64f82ea61,Phil 91-95-0701,07-0563,"Oct. 20, 2021",2021-10-20,ok,Cross combination.xlsx,Phil 91-95-0701,B11,11,2,d0a11f4efa860227d1177ea7188c4316e874bad7781d16e5202968e3d2544d7f
cmb_5c883ffa0701b95218ebcc8fba72,Phil 91-95-0701,8583,"Oct. 14, 2022",2022-10-14,ok,Cross combination.xlsx,Phil 91-95-0701,B12,12,2,be833f4b31418e78f8a5b70da5059dbfd85827d3982ba1641c0b4d0e8b15913f
cmb_101e7434c29c63fe2cfaf92c0f3c,Phil 91-95-0701,2010-0149,"Oct. 14, 2022",2022-10-14,ok,Cross combination.xlsx,Phil 91-95-0701,C12,12,3,ca0fb10d3727694d7c5129b8cc08e17e5fd4408a77a04041f44f155962a30dd8
cmb_f49c6c7f49d8cc63992c17759c59,Phil 91-95-0701,2014-0013,"Oct. 14, 2022",2022-10-14,ok,Cross combination.xlsx,Phil 91-95-0701,D12,12,4,e01c155b8bf2993404fb8c2b90aede23e1877c33be5932ec4f84e03a93553eb3
cmb_8cfd6f5731caf2be906c4213bf45,Phil 91-95-0701,91-138-0985,"Oct. 14, 2022",2022-10-14,ok,Cross combination.xlsx,Phil 91-95-0701,E12,12,5,4d93beed739a5f166cbb1a57976f1c57e661a83a6e273f7e519a092080a7ec36
cmb_ad49a4427663f2b3564d72570b3e,Phil 91-95-0701,13-115-1319,"Oct. 14, 2022",2022-10-14,ok,Cross combination.xlsx,Phil 91-95-0701,F12,12,6,52b02a93a9baca4d86593c57d101e86ad7ce597a1c91e44131efe05e23ea3301
cmb_8bc1c181a2f56231231ea65e4327,Phil 91-95-0701,09-2-0035,"Oct. 14, 2022",2022-10-14,ok,Cross combination.xlsx,Phil 91-95-0701,G12,12,7,2f2e2a4978a5c046b27681978f93a3a76e4ee095bc43eaa8c7e07a94f4ac6ab8
cmb_4c3ea6e079a154dc48e68aec72c4,Phil 91-95-0701,2006-1899,"Oct. 14, 2022",2022-10-14,ok,Cross combination.xlsx,Phil 91-95-0701,H12,12,8,67ee91805e08df775701f7b3bc32782007356e9b74134ac62183e66c1422a20f
cmb_95851f9823bc9052907ed482a042,Phil 91-95-0707,2001-0295,"Oct. 16, 2012",2012-10-16,ok,Cross combination.xlsx,Phil 91-95-0707,B3,3,2,0b82c767274d107f3115c664dcf2c63ee80ebdfc7aa23d078074baaef0f60ceb
cmb_cdbd3a1a192e1bd28f7c816f0044,Phil 91-95-0707,97-0693,"Oct. 16, 2012",2012-10-16,ok,Cross combination.xlsx,Phil 91-95-0707,C3,3,3,d61af50f28002a28209382ea11e4004ccca1aef34eb2fc6894d9dd0de5517c61
cmb_66063995dac860c7a33a510c5a55,Phil 91-95-0707,97-2339,"Oct. 16, 2012",2012-10-16,ok,Cross combination.xlsx,Phil 91-95-0707,D3,3,4,995ea4df969455929441275d53ec3c220d46a09b963a956764d9a878e7e59ea2
cmb_e8a8bc2be328516f3e4d1521abac,Phil 91-95-0707,97-2041,"Oct. 16, 2012",2012-10-16,ok,Cross combination.xlsx,Phil 91-95-0707,E3,3,5,11f1943575bd6fbe6fde368c4836def86e58ec4d76e0015e45f5cffe7216392e
cmb_be2b004cef2070f48d2a016c9667,Phil 91-95-0707,2000-2417,"Oct. 16, 2012",2012-10-16,ok,Cross combination.xlsx,Phil 91-95-0707,F3,3,6,062b2d8259cdb648a730f318db4bd700b5ff0cb9df9c5ed415d6ce1e41ff860c
cmb_44a5f5f36f79c6eeac2bfa18f332,Phil 91-95-0707,93-2349,"Oct. 17, 2013",2013-10-17,ok,Cross combination.xlsx,Phil 91-95-0707,B4,4,2,ce16a38e6caf6ec0ff03f71ab96e1b865cb3b70909844f8dc68bef5bc9a0e5af
cmb_8cccf0d73d9cde8759b2010829a1,Phil 91-95-0707,2006-2299,"Oct. 19, 2024",2024-10-19,ok,Cross combination.xlsx,Phil 91-95-0707,B5,5,2,aef5da885689cb54316cd6e7677ea2099480914aa748e726fd4d3048906d2866
cmb_ff236ad1083ef5e3b0229c2c53ab,Phil 91-95-0707,98-2137,"Oct. 19, 2024",2024-10-19,ok,Cross combination.xlsx,Phil 91-95-0707,C5,5,3,261ead4cfa5e8310d0d873851207b744e2baf70661159946c17497524ae9af7b
cmb_fdb27a6c443806cd1da423c7581b,Phil 91-95-0707,05-1197,"Oct. 25, 2015",2015-10-25,ok,Cross combination.xlsx,Phil 91-95-0707,B6,6,2,089ce7c5e226c96f3f3f9b739b5ca1cbab6ca9db0bcc5778e93394391f1e234d
cmb_74dbb31d37f928465e0941259fa0,Phil 91-95-0707,00-2569,"Oct. 25, 2015",2015-10-25,ok,Cross combination.xlsx,Phil 91-95-0707,C6,6,3,522fd256b401d986eb413a390cf8fbe7bdc31d2f067531a76afe9bf37106e955
cmb_d449f5262379ddeb2871c85585b9,Phil 91-95-0707,8583,"Oct. 24, 2016",2016-10-24,ok,Cross combination.xlsx,Phil 91-95-0707,B7,7,2,aaee1e35fc8bbe91a677266bdbb00cf06b29eb3f9e242a7f02dde2472030dace
cmb_50342827254da1a7645deadd51e7,Phil 91-95-0707,8943,"Oct. 24, 2016",2016-10-24,ok,Cross combination.xlsx,Phil 91-95-0707,C7,7,3,b590b48e2b31ece9a7d91004320907b1bf855f66a72bf5f9369058b9401993bb
cmb_24f42ba88976bd2d087d1fffcc07,Phil 91-95-0707,07-2081,"Oct. 21, 2017",2017-10-21,ok,Cross combination.xlsx,Phil 91-95-0707,B8,8,2,2dc0b9f69636ec1b180f451eae5e7dd86a74d20cffa8043cf353651c7951c49d
cmb_fde967a3041b41aac8f47d53dff7,Phil 91-95-0707,93-2349,"Oct. 23, 2018",2018-10-23,ok,Cross combination.xlsx,Phil 91-95-0707,B9,9,2,03f4797241ed243521713efeaec71c99683896f43b27497257492a4d2f6a11b5
cmb_b640bf0a2d088fe0900ce3b95bca,Phil 91-95-0707,00-0599,"Oct. 23, 2018",2018-10-23,ok,Cross combination.xlsx,Phil 91-95-0707,C9,9,3,64b42e3d152dd7f5b8a54f4f045ef6278b580e595434636cdadee57f3be42c2e
cmb_3e3aea78ac1107ac27706f554df8,Phil 91-95-0707,8013,"Oct. 17, 2019",2019-10-17,ok,Cross combination.xlsx,Phil 91-95-0707,B10,10,2,eac2b5d0ab7a2d0b61697b79142792dd46f1860e1049bc5cfe5f3557a99138e9
cmb_bdcb8da3e6fa48d77d11a8538d6f,Phil 91-95-0707,92-1589,"Oct. 17, 2019",2019-10-17,ok,Cross combination.xlsx,Phil 91-95-0707,C10,10,3,8d601e84f396281646d69381d18b67ce46a5c98904ae42f92d04907057a43280
cmb_99baa268c995c4fdc993e46f6a8b,Phil 91-95-0707,93-2349,"Oct. 17, 2019",2019-10-17,ok,Cross combination.xlsx,Phil 91-95-0707,D10,10,4,7e6e4f7eee7ae97e465a0e1aa413109d29088d630e0098990115039fb4fc5a44
cmb_0d349315857575f7b2a462b0e70e,Phil 91-95-0707,97-0693,"Oct. 17, 2019",2019-10-17,ok,Cross combination.xlsx,Phil 91-95-0707,E10,10,5,41dbdf76cfc9e8f971c26995643042426e5e426a5f0c6ec06263940f0946ed1a
cmb_289f5bdcec296a700bf7612d1ad9,Phil 91-95-0707,07-0563,"Oct. 20, 2021",2021-10-20,ok,Cross combination.xlsx,Phil 91-95-0707,B11,11,2,d3d91c81b4efcd2b317031177fdb74b23511dc8b65eb5e67419c9c6b72d19a85
cmb_1b9f9d06b5c1ac84d2df69b782a1,Phil 91-95-0707,8583,"Oct. 14, 2022",2022-10-14,ok,Cross combination.xlsx,Phil 91-95-0707,B12,12,2,9794c93d0c5ffdaf9de6cca9f19bb2dd8f90e69cb759f0aa629743a1ea4681e6
cmb_727b7df9fe9598a8d6ec227bde8f,Phil 91-95-0707,2010-0149,"Oct. 14, 2022",2022-10-14,ok,Cross combination.xlsx,Phil 91-95-0707,C12,12,3,2b09efab4170d0b667403fafb374970669f7a3d81b495647ae630df062f7b9c4
cmb_9fde2dcdd5876b1423987308b78a,Phil 91-95-0707,2014-0013,"Oct. 14, 2022",2022-10-14,ok,Cross combination.xlsx,Phil 91-95-0707,D12,12,4,5277f39bb591cec55f99537d20831f8c14e54ce14bd0eec2a2597d23724161e5
cmb_7683283391121fdbf3e4b91526e3,Phil 91-95-0707,91-138-0985,"Oct. 14, 2022",2022-10-14,ok,Cross combination.xlsx,Phil 91-95-0707,E12,12,5,bce8fbc52a679245ed4aa7c26332ff2cb9c828101deda388ac04c600b17bd345
cmb_6f7143daf21c091eb4c59a8fa63e,Phil 91-95-0707,13-115-1319,"Oct. 14, 2022",2022-10-14,ok,Cross combination.xlsx,Phil 91-95-0707,F12,12,6,49d65806b4a3a7b3afcccc187502ab5655440d66bfa1be56052f0c5bc9a106eb
cmb_33fbbc149456d8a451780092b482,Phil 91-95-0707,09-2-0035,"Oct. 14, 2022",2022-10-14,ok,Cross combination.xlsx,Phil 91-95-0707,G12,12,7,f1c914f3ecfbf4f34c31e1266aebd298d8cc242edbff5df95f6489068c848afd
cmb_9acd51025f99284b2ac456cd3034,Phil 91-95-0707,2006-1899,"Oct. 14, 2022",2022-10-14,ok,Cross combination.xlsx,Phil 91-95-0707,H12,12,8,9fcc8d5cb1a2976811fc7ec729e855cba75f7d3cb9b54402c2d5ea7d6fab977c
cmb_ecb3a3ebc86d058b1870a17781fe,Phil 91-120-0909,97-3501,"Nov. 2, 2012",2012-11-02,ok,Cross combination.xlsx,Phil 91-120-0909,B3,3,2,bd9443029b1938f69084d74287fac511f9b4f544f7554dc1e0d4432e8fcf08f8
cmb_954e658d1041ababd3d60967cb76,Phil 91-120-0909,99-1793,"Nov. 2, 2012",2012-11-02,ok,Cross combination.xlsx,Phil 91-120-0909,C3,3,3,ee3baa3b1736a3e21266ae3f921d611291cea96b5a8afc5c427213d54187cbf6
cmb_60d840a53feb7bf7c18ba82936dc,Phil 91-120-0909,04-1011,"Nov. 29, 2013",2013-11-29,ok,Cross combination.xlsx,Phil 91-120-0909,B4,4,2,9524f538b2edccf8b538a31857e6dd0caecba761c187136a91643f5ed8c7b6c4
cmb_71abd567245c3c04e37415f2b025,Phil 91-120-0909,00-2569,"Nov. 29, 2013",2013-11-29,ok,Cross combination.xlsx,Phil 91-120-0909,C4,4,3,8b346f66dfc7a210f7d6805cf26157370372c77436f397c4b352bda3b9d5c43e
cmb_347b2c712082b8614edc4c98fe0f,Phil 91-120-0909,93-2349,"Nov. 29, 2013",2013-11-29,ok,Cross combination.xlsx,Phil 91-120-0909,D4,4,4,e5fd3797e8dcd5dbdcd0570daf76f83cbdd0cc311dfee182773c8fe16df25813
cmb_2293c92b4b0ff94792a26409b686,Phil 91-120-0909,06-2191,"Nov. 29, 2013",2013-11-29,ok,Cross combination.xlsx,Phil 91-120-0909,E4,4,5,82f84e41236b258ff80648686b8ba84b6c2976f4a42351b01cd1e0c6e1218e8f
cmb_dfea7acfc2783aea4c68e9729435,Phil 91-120-0909,Q102,"Nov. 11, 2015",2015-11-11,ok,Cross combination.xlsx,Phil 91-120-0909,B5,5,2,3d05f84d5cb30954b7bc7ee9f5fd4e981421f7417ffdb58c3dd3a8a090c0ae1c
cmb_bdfc100acb83b2fb61016dd30f85,Phil 91-120-0909,91-1091,"Nov. 11, 2015",2015-11-11,ok,Cross combination.xlsx,Phil 91-120-0909,C5,5,3,1454f36a53cd7df93fa5a6b5ec394024abc7827c02408ddfd7dae6921de8187d
cmb_f926d87ab50da85b8662a80267ab,Phil 91-120-0909,89-0733,"Nov. 4, 2016",2016-11-04,ok,Cross combination.xlsx,Phil 91-120-0909,B6,6,2,50b51d4935053aefdc55cfcbcdc8816c295566ac67a238eecf4e9edf23202123
cmb_7f0f4d1c08305acc625fc25c44c7,Phil 91-120-0909,97-3161,"Nov. 4, 2016",2016-11-04,ok,Cross combination.xlsx,Phil 91-120-0909,C6,6,3,99d055ffff5b88477d1f8677bf1bb92515b07495bec45de862da7c28836c4be2
cmb_fab25f52a83fb80e98965036eab1,Phil 91-120-0909,91-0037,"Nov. 4, 2016",2016-11-04,ok,Cross combination.xlsx,Phil 91-120-0909,D6,6,4,bac2f66a9434bbeaf2b684095628600b21126e5b72b25833bead9eb4f8bb45c7
cmb_82772162349a9be845afa7ecb1cd,Phil 91-120-0909,06-1899,"Nov. 4, 2016",2016-11-04,ok,Cross combination.xlsx,Phil 91-120-0909,E6,6,5,430f9becb463dabe2532bb5869498531a277285eff083789e747fbf849eda6d0
cmb_33c0e532c952a429c75c29e469ba,Phil 91-120-0909,97-0687,"Nov. 11, 2020",2020-11-11,ok,Cross combination.xlsx,Phil 91-120-0909,B7,7,2,146cf7e92e8abc5b8b840eb95d996bd94624d2f524d22bcaddc1cc0df8831684
cmb_e590b14d5e7f9d2aab9ac8c03114,Phil 91-120-0909,99-1793,"Nov. 11, 2020",2020-11-11,ok,Cross combination.xlsx,Phil 91-120-0909,C7,7,3,6f9a9a5514fbbfa764268db4336e35462f9d97bcb3db152569ccad2d223e2c28
cmb_6931ee5a6607dc43033270f71908,Phil 91-120-0909,93-2349,"Nov. 11, 2020",2020-11-11,ok,Cross combination.xlsx,Phil 91-120-0909,D7,7,4,7159435f5f525e84fdb1c7cf17195aeaae6a9c4eb636ba6631be1e52813ca486
cmb_6e0404dc94d0b911e78872d84f07,Phil 91-120-0909,04-1011,"Nov. 9, 2022",2022-11-09,ok,Cross combination.xlsx,Phil 91-120-0909,B8,8,2,5ec3727fcfa97d4f09325ec303a2c542e53cd14f1b2e9edb07754a16743442b8
cmb_4e862f1f69770beadf21b587d646,Phil 91-120-0909,09-0919,"Nov. 9, 2022",2022-11-09,ok,Cross combination.xlsx,Phil 91-120-0909,C8,8,3,7be732087cd6e59af6890c31dc956a0a23db164db2dbfaffbdca668e83376a4c
cmb_6a4277a371b5691e182d2f0c0559,Phil 91-138-0985,92-0727,"Oct. 16, 2012",2012-10-16,ok,Cross combination.xlsx,Phil 91-138-0985,B3,3,2,e78767aeaebdbead48767009d0c6f8341b440b4e22f807fc42b115808d94bc76
cmb_bead7b5998e9b7b0e4286b3e9d58,Phil 91-138-0985,01-0295,"Oct. 16, 2012",2012-10-16,ok,Cross combination.xlsx,Phil 91-138-0985,C3,3,3,5f5379149a71b93d1913119956d2c814ed91fbda5289752d8a214a9298d68d08
cmb_da8e5858cad8998f847633b5b263,Phil 91-138-0985,206-1681,"Oct. 19, 2014",2014-10-19,ok,Cross combination.xlsx,Phil 91-138-0985,B5,5,2,5396ff2891208a295b2ae12ce4be6af22f53b036d18cb32a5bf7683371e89819
cmb_50277980ec83824b1e0caee95872,Phil 91-138-0985,2005-1197,"Oct. 25, 2015",2015-10-25,ok,Cross combination.xlsx,Phil 91-138-0985,B6,6,2,c55708ee6bfe02a84dbc4783e1dc206a43f07921f07dd86c7458a1dc6a0eb01b
cmb_767a016fb286d59453d97e0a486c,Phil 91-138-0985,07-2081,"Oct. 21, 2017",2017-10-21,ok,Cross combination.xlsx,Phil 91-138-0985,B7,7,2,905577fce28a765b376519d98708336561756be0a8ec076e78c6ad1706525b01
cmb_7378b317e3aa5465f5d896662a98,Phil 91-138-0985,93-2349,"Oct. 20, 2019",2019-10-20,ok,Cross combination.xlsx,Phil 91-138-0985,B8,8,2,9a3058e51ab4ea5fbfd221b348c1f623b195aea113a4b2713378d34970ca0ebc
cmb_9e7a29df4d17dca6d5b88c4890b1,Phil 91-138-0985,97-0693,"Oct. 20, 2019",2019-10-20,ok,Cross combination.xlsx,Phil 91-138-0985,C8,8,3,a4a4af42ca3600b90b057ec46a2d266d7b404459eac1852df078aebf5c66991b
cmb_91ef79dbcb7d02dff80bdbfd3bc6,Phil 91-143-1091,PSR 2000-34,"Oct. 26, 2012",2012-10-26,ok,Cross combination.xlsx,Phil 91-143-1091,B3,3,2,1a12d1369ffd8dfe46671f5729beb9fabd62df4d8b6e9b0737261827672d8824
cmb_cc2b7cbd9864dcb4e013f30948a7,Phil 91-143-1091,8715,"Oct. 26, 2012",2012-10-26,ok,Cross combination.xlsx,Phil 91-143-1091,C3,3,3,ff45ede3ae378ac929a15ade38485233d0eb794b0e7d8d765c01358441e5a998
cmb_982a3a38b828d87dcf22b44ff2d0,Phil 91-143-1091,97-4435,"Oct. 26, 2012",2012-10-26,ok,Cross combination.xlsx,Phil 91-143-1091,D3,3,4,1210238442a255940db583a7c375402b15603de5a6f5abb3cebeaed6aa6ea3d0
cmb_4684e86b4e125b7366c464411250,Phil 91-143-1091,99-1793,"Oct. 26, 2012",2012-10-26,ok,Cross combination.xlsx,Phil 91-143-1091,E3,3,5,2af56add52783dcc8a54773a5586a1b8094c0445e8ddd85c466a4e229674bc03
cmb_5e49c9304b3777fa8de747ae6b62,Phil 91-143-1091,04-1011,"Oct. 26, 2012",2012-10-26,ok,Cross combination.xlsx,Phil 91-143-1091,F3,3,6,eae47b7c71c398575fa4e847f133988b5587cc4743ea3e554db3d50980dd3107
cmb_1e352c2364534d76216d435e68f4,Phil 91-143-1091,7115,"Oct. 28, 2013",2013-10-28,ok,Cross combination.xlsx,Phil 91-143-1091,B4,4,2,5da183d891e46ebc35ff7c80a93c401e0f939f0a198d3ccf76e6a0203d94dc7d
cmb_e205e228fb5e2c034b78474e9b19,Phil 91-143-1091,05-1197,"Oct. 28, 2013",2013-10-28,ok,Cross combination.xlsx,Phil 91-143-1091,C4,4,3,ede431aa19c3d751055a25a52042f44a45ec9fdfaf13097456b1a51687e03f60
cmb_50fcbaeaeef40c4beebfa866d112,Phil 91-143-1091,03-1389,"Oct. 28, 2013",2013-10-28,ok,Cross combination.xlsx,Phil 91-143-1091,D4,4,4,02e541f359a9673d92a922c1ec7f652caec38b4965ed3f32197f40dfb121430e
cmb_432ce87cc844ce8404e2d70cf6c0,Phil 91-143-1091,93-2349,"Nov. 3, 2014",2014-11-03,ok,Cross combination.xlsx,Phil 91-143-1091,B5,5,2,126c0f98ef7296f63e0f147c325dd7733a821f6afc375b98e753b63576bb098b
cmb_6c7a402181beff55cb0ed3d6febe,Phil 91-143-1091,80-5619,"Nov. 8, 2015",2015-11-08,ok,Cross combination.xlsx,Phil 91-143-1091,B6,6,2,0112c8f4068aa340b75e0caaabd95f58b329a6af0476aadb335c6f9181aa527b
cmb_d090198c5614e980e9338d7c315d,Phil 91-143-1091,97-4549,"Nov. 8, 2015",2015-11-08,ok,Cross combination.xlsx,Phil 91-143-1091,C6,6,3,c98020335e463e719adff74700c719ea07a61ff14070030e03eb73e594ebb6e7
cmb_e536fb5f61fdaef9bc25c4c7a651,Phil 91-143-1091,90-0049,"Nov. 8, 2015",2015-11-08,ok,Cross combination.xlsx,Phil 91-143-1091,D6,6,4,c12a4f30ebfbc4302ec9de1f9ff4c395f832e34f65a6348c5a65c2e62a57907e
cmb_71763e5e9be3e3acd8663719c8df,Phil 91-143-1091,VMC 90-239,"Oct. 29, 2016",2016-10-29,ok,Cross combination.xlsx,Phil 91-143-1091,B7,7,2,862181cb4ed812fb2e344d36ea2393c2964e48f1c8787b565e754b992eae016a
cmb_26880129b24ddf5be733c15d304c,Phil 91-143-1091,88-1413,"Oct. 29, 2016",2016-10-29,ok,Cross combination.xlsx,Phil 91-143-1091,C7,7,3,9e6d5a1266eda4c2736f0a86db1e990c8188d3b99d32867152113750c29bed6f
cmb_25caa055cd560305257ac399a66c,Phil 91-143-1091,93-1207,"Oct. 29, 2016",2016-10-29,ok,Cross combination.xlsx,Phil 91-143-1091,D7,7,4,434db5da6739bad4a980918affb0e46e36e8ebed9aafa16a5a49303c7b9b45ea
cmb_de1c07a54cfa1493bf0c3ce2cb67,Phil 91-143-1091,97-2041,"Oct. 29, 2016",2016-10-29,ok,Cross combination.xlsx,Phil 91-143-1091,E7,7,5,89f5d8d569b824432f2ca25af194ef4f2949e12e361292284cb1ebb3a8dccf9a
cmb_db12f7cf2652af5ae19c7e4940f1,Phil 91-143-1091,04-1011,"Oct. 29, 2016",2016-10-29,ok,Cross combination.xlsx,Phil 91-143-1091,F7,7,6,c3925ec36581727268d5386268828589c422a5da2a9b612c4f704c5b252d5bd6
cmb_803562d5aa1aa890d75cc8d50ee5,Phil 91-143-1091,91-0661,"Oct. 29, 2016",2016-10-29,ok,Cross combination.xlsx,Phil 91-143-1091,G7,7,7,619ba3df960a6e729c7fca5d5a91bc986974284da002e7036098ec113c1a76d6
cmb_c3261a0f18a386d8aad4bddf8175,Phil 91-143-1091,80-2023,"Nov. 1, 2017",2017-11-01,ok,Cross combination.xlsx,Phil 91-143-1091,B8,8,2,8dc0809b38e7731d42a26c480c9c24ebcd3c10c5c2d3cfe2b8eedf24138dc5de
cmb_eb695ee412562da3cd35c70b0d28,Phil 91-143-1091,09-0097,"Nov. 1, 2017",2017-11-01,ok,Cross combination.xlsx,Phil 91-143-1091,C8,8,3,3dbfbdf8d10d46dddfc8826dedb038387888f109935f0b68ef54469f87d45b17
cmb_eb1953d8576ba55f60bad1322466,Phil 91-143-1091,99-1793,"Nov. 1, 2017",2017-11-01,ok,Cross combination.xlsx,Phil 91-143-1091,D8,8,4,530c5e585d883bb5ff3d9af1e11665a1155c26011213c1c14698b328c2dae5d3
cmb_13697fc6e2f5d3e4e1bc011c6d58,Phil 91-143-1091,00-2569,"Nov. 1, 2017",2017-11-01,ok,Cross combination.xlsx,Phil 91-143-1091,E8,8,5,ca87618e03391bd53c11f26d2a1193ce65d59625cdc973443583083d0ae511b1
cmb_dc540b3d4b0ceab3d630d0c8c1f2,Phil 91-143-1091,Q102,"Oct. 29, 2018",2018-10-29,ok,Cross combination.xlsx,Phil 91-143-1091,B9,9,2,b5bbdc343cebaa22195c8ac982d349c425ba0ed19318f633871cc56de5ba8143
cmb_0c8423b450d07f17f77edb86ca40,Phil 91-143-1091,8093,"Oct. 29, 2018",2018-10-29,ok,Cross combination.xlsx,Phil 91-143-1091,C9,9,3,53bf5de5f024e7aff9732f6eb5fe562d1d5db5616b3ae37afa0988e374db0c30
cmb_cc9f83467480eaa30c1ba746e07a,Phil 91-143-1091,80-5613,"Oct. 29, 2018",2018-10-29,ok,Cross combination.xlsx,Phil 91-143-1091,D9,9,4,9141533cd96da87d3d6ab89adaa46c6c3931f3befa3e7d057a0fc1e8c77d17b4
cmb_eca797162e4c238b9b063b3893ac,Phil 91-143-1091,05-1197,"Oct. 29, 2018",2018-10-29,ok,Cross combination.xlsx,Phil 91-143-1091,E9,9,5,6688e17cb3a8a524269fa21d1553bb18cdce4b1851f3b79819d3c698e252b656
cmb_ef8464e7d66dadf9cb702e7abff4,Phil 91-143-1091,95-1029,"Oct. 29, 2018",2018-10-29,ok,Cross combination.xlsx,Phil 91-143-1091,F9,9,6,244de1ba032cef4e730b01758ee009dd56b72003d110c1f79925ae53c19b2b92
cmb_ccf7d28269356ad812004d9873bc,Phil 91-143-1091,VMC 74-527,"Nov. 2, 2019",2019-11-02,ok,Cross combination.xlsx,Phil 91-143-1091,B10,10,2,a0c530699f1b2a67c4a95e6bc16b1615d0935cf67a2ce613bf2ce7cdd880a6e6
cmb_33a0066e4a57a8dba2d42c6117be,Phil 91-143-1091,97-3501,"Nov. 2, 2019",2019-11-02,ok,Cross combination.xlsx,Phil 91-143-1091,C10,10,3,1245530a790b801914f6429ef5a4b730f39cad5387024247e0477c121679e8e9
cmb_d33e93cdf365f6c7e7d420394ac3,Phil 91-143-1091,93-2349,"Nov. 2, 2019",2019-11-02,ok,Cross combination.xlsx,Phil 91-143-1091,D10,10,4,1165c4654b9f579a0680532250028b1f92939cf7164fc44840963380127d0926
cmb_3fd0c814b310eddbbd746640bde0,Phil 91-143-1091,92-0751,"Nov. 2, 2019",2019-11-02,ok,Cross combination.xlsx,Phil 91-143-1091,E10,10,5,c8047a01a8651f1d5a7ccf5810157b5e5708cbbd4d71fc92d774e0c46eba78d4
cmb_d4903e6ade1bbc142d0504acfc3c,Phil 91-143-1091,98-0255,"Nov. 5, 2020",2020-11-05,ok,Cross combination.xlsx,Phil 91-143-1091,B11,11,2,8334aabf26aa111d7ccaf4f7c23a5c90807de2beca0332127ee97c54c2da179c
cmb_a018d5899f1d79aed6036d063786,Phil 91-143-1091,97-0687,"Nov. 5, 2020",2020-11-05,ok,Cross combination.xlsx,Phil 91-143-1091,C11,11,3,1fa2bdebf89263272272e83ea6d04f061388776bd8200faad6793f8497082da2
cmb_27992c0a97f39f0dd64ee96854de,Phil 91-143-1091,99-1793,"Nov. 5, 2020",2020-11-05,ok,Cross combination.xlsx,Phil 91-143-1091,D11,11,4,dc3037986a7dcd951f2857e097feaaf988c9ed84338e49e40a6f78278cdb826e
cmb_15b51608aab3b443a8e752ead5bf,Phil 91-143-1091,04-1011,"Nov. 5, 2020",2020-11-05,ok,Cross combination.xlsx,Phil 91-143-1091,E11,11,5,1bf8d233df3af73df467d1c829190dad2fe1bdbf17f2f026f53da7aa05e45b7d
cmb_a81f501731678e34fa918463b2b9,Phil 91-143-1091,2009-1969,"Nov. 13, 2021",2021-11-13,ok,Cross combination.xlsx,Phil 91-143-1091,B12,12,2,bb97d049637138ffde87c1a9325cd041b325d0a723515759440b14ebba3bcbf8
cmb_9067510900cd2511a7eb9f5c19df,Phil 91-143-1091,Q102,"Oct. 30, 2022",2022-10-30,ok,Cross combination.xlsx,Phil 91-143-1091,B13,13,2,37cb58c9f41427031384b500a2ab99e53fc8b80b1913829fb1ea0bde83d755be
cmb_8852a5b14f9593e4ca0d9d5d4c8d,Phil 91-143-1091,2000-2569,"Oct. 30, 2022",2022-10-30,ok,Cross combination.xlsx,Phil 91-143-1091,C13,13,3,453f62ab533a0273a9a87034e4e1743cf3bb0f6c8546cbafef094bed627ec387
cmb_e42639b99f20b8842271faf3fd8a,Phil 91-143-1091,2010-0149,"Oct. 30, 2022",2022-10-30,ok,Cross combination.xlsx,Phil 91-143-1091,D13,13,4,990ee88a7505c66535e6b2a7d24e077aabf37f7367e0c7ebbcf22d232a2b56ba
cmb_3d892c864396ee3bcf04c229ddf0,Phil 91-143-1091,99-1793,"Oct. 30, 2022",2022-10-30,ok,Cross combination.xlsx,Phil 91-143-1091,E13,13,5,95a2c069d71c41db025675fa98c60e20d68acdca93a7618c7167d2ba353b87a9
cmb_2715b09aac60b3a479e3f4bb4343,Phil 91-143-1091,81-0843,"Nov. 9, 2022",2022-11-09,ok,Cross combination.xlsx,Phil 91-143-1091,B14,14,2,a8dea85d46e1454b47c2fdff503747b34e67f2a7c271625024e2bdca9c3073d9
cmb_8ab5ad0a0a479838e432400a2870,Phil 91-182-1217,93-2349,"Oct. 16, 2012",2012-10-16,ok,Cross combination.xlsx,Phil 91-182-1217,B3,3,2,db476175b4d88aa27ebab1b8f5e8474f74889db95a4f862804feb0a0af9aa296
cmb_1cfa72aa5554ddf1734858331430,Phil 91-182-1217,97-2041,"Oct. 16, 2012",2012-10-16,ok,Cross combination.xlsx,Phil 91-182-1217,C3,3,3,168534e81c09c1a104a0993f2d6c519b89b953552f8364c1a9d7358111f4cc87
cmb_8575c645c78a6b168f184ed39a09,Phil 91-182-1217,98-2137,"Oct. 16, 2012",2012-10-16,ok,Cross combination.xlsx,Phil 91-182-1217,D3,3,4,d78628eedae35f561f3ee631e7cbdc2e200cf53639fc2735eb7b4ec1b9c9c2f5
cmb_490b80f108658e2e3ceb570d4fc2,Phil 91-182-1217,01-0295,"Oct. 17, 2013",2013-10-17,ok,Cross combination.xlsx,Phil 91-182-1217,B4,4,2,cab7b9ec21df2e4480ebe7a4101aa4a88e2d9eacace40bc360ebabfcf30667ce
cmb_bb45c76584c28b827d031d1810e3,Phil 91-182-1217,94-0221,"Oct. 17, 2013",2013-10-17,ok,Cross combination.xlsx,Phil 91-182-1217,C4,4,3,8c8b0e4419d07ae60d0506990892d7f0f6fc7fc6bd4aebc93061f130b9924d7d
cmb_aa1a32abc600d4a9749347bc1399,Phil 91-182-1217,97-0693,"Oct. 17, 2013",2013-10-17,ok,Cross combination.xlsx,Phil 91-182-1217,D4,4,4,0f4dfa1d86ca39e492b77629a6b635ba1cc40c3841665fba3f5a1c3f743397cb
cmb_ba39349f6a34e6249e4346d7863e,Phil 91-182-1217,06-2299,"Oct. 17, 2013",2013-10-17,ok,Cross combination.xlsx,Phil 91-182-1217,E4,4,5,9d5d2d7d1eff76f6128b1bcdaa4b1711f957de9deb01e405122ce0e4e44ed8cd
cmb_19e63133d9571f924dddf32d4a9a,Phil 91-182-1217,00-0601,"Oct. 17, 2013",2013-10-17,ok,Cross combination.xlsx,Phil 91-182-1217,F4,4,6,9762b499e189f41d4b408951e3ac73c8e71c19eb60f6652af8e3324de53cc216
cmb_283abfc910fb4f2d7c34106546b1,Phil 91-182-1217,99-1793,"Nov. 4, 2014",2014-11-04,ok,Cross combination.xlsx,Phil 91-182-1217,B5,5,2,f45985ed6c8d2e33589f5252715f3548eb8321eb55d6bc951fecf4a069bfb6b8
cmb_4ac5834cc96ef9a852dffae5075a,Phil 91-182-1217,04-1011,"Nov. 4, 2014",2014-11-04,ok,Cross combination.xlsx,Phil 91-182-1217,C5,5,3,593dd9801d0f43b6093b9252f3f954bbc24ce28afedcea2334cde524d8290019
cmb_b03d508299ea2cec998dafb34757,Phil 91-182-1217,00-1537,"Nov. 4, 2014",2014-11-04,ok,Cross combination.xlsx,Phil 91-182-1217,D5,5,4,01b6a0722ef0756f4e5630ee55f5ce1b35b6664ed5c3f0bf42b544cb5c909817
cmb_03c3ef533f2a4313e553fe7e303b,Phil 91-182-1217,06-2287,"Nov. 4, 2014",2014-11-04,ok,Cross combination.xlsx,Phil 91-182-1217,E5,5,5,b3d38081c8e42ee4acdef0e7a1a898aa4510437e4e6d1bb045b00d0e9daf6421
cmb_72179c11156d6695db829cbd3310,Phil 91-182-1217,91-1091,"Nov. 4, 2014",2014-11-04,ok,Cross combination.xlsx,Phil 91-182-1217,F5,5,6,c03cfde4464a2b5dc45c0aa789bc8e0f81e7ac2bcbce0e64b032e34ea14da59a
cmb_3b34b91fe6c31ae1775cffb44e46,Phil 91-182-1217,93-1601,"Nov. 4, 2014",2014-11-04,ok,Cross combination.xlsx,Phil 91-182-1217,G5,5,7,5cc17312a41454b96354f9f744896cacd850aa4379366c285fe7bdeeff9b5e54
cmb_d656306e11e64e6a3d62f26db2e1,Phil 91-182-1217,05-1197,"Oct. 26, 2015",2015-10-26,ok,Cross combination.xlsx,Phil 91-182-1217,B6,6,2,7d956175024d7b623aa20c74a298e022b829678727a1d1d429fcbc04a1fa92be
cmb_8d146d4a9fe0b1881a2deb9d280f,Phil 91-182-1217,00-2569,"Oct. 26, 2015",2015-10-26,ok,Cross combination.xlsx,Phil 91-182-1217,C6,6,3,4b89bf09a04bf8294197935f98cfb093b52464b01c25b930a38d82210e3fcc93
cmb_0434a23a5e5acd42d3a93a7e1d75,Phil 91-182-1217,8943,"Oct. 24, 2016",2016-10-24,ok,Cross combination.xlsx,Phil 91-182-1217,B7,7,2,0bb650d89af94a20cba1c54f514d420be2d52bc4112e4d3096d95b5d6da181af
cmb_cfc88897816f2b436b5a5090915b,Phil 91-182-1217,93-2349,"Oct. 24, 2016",2016-10-24,ok,Cross combination.xlsx,Phil 91-182-1217,C7,7,3,da0511c8b04e316801d09d5ac91ab161f29e8fffe0e82451b643f1af6fab299f
cmb_18c07a81923ea2be2ff65b364fbe,Phil 91-182-1217,90-0345,"Oct. 24, 2016",2016-10-24,ok,Cross combination.xlsx,Phil 91-182-1217,D7,7,4,900559fdeb6c7cefba8122b9483d324a2431cca52fa34a1691334b263061140e
cmb_294967890cad9208ee77d52abced,Phil 91-182-1217,98-0255,"Oct. 24, 2016",2016-10-24,ok,Cross combination.xlsx,Phil 91-182-1217,E7,7,5,dbad06aa5f6cfd5228519b06cf89723445ab5c790fe2104352d48cfa2da6fbcc
cmb_7360e919e01a7a531faf42ea0f37,Phil 91-182-1217,93-1207,"Oct. 24, 2016",2016-10-24,ok,Cross combination.xlsx,Phil 91-182-1217,F7,7,6,4e9f1b4134c5590149281d492c01308fd8933fe2df9b1d2b974e269a7de6e47d
cmb_d70806a19990613cb2500dab3ed2,Phil 91-182-1217,07-2081,"Oct. 22, 2017",2017-10-22,ok,Cross combination.xlsx,Phil 91-182-1217,B8,8,2,c56ae41f6d3a29bc982a36c0fb06ddcef595fe9c7361c3fcf3b863b3f87b6584
cmb_46c05389297edaf06bb422fdbd25,Phil 91-182-1217,09-0035,"Oct. 22, 2017",2017-10-22,ok,Cross combination.xlsx,Phil 91-182-1217,C8,8,3,aa67a347330300b4724fa601cc0e714847a9eba9b0216cdee31d2c974947217a
cmb_5ce901014464493f3831cdf16b38,Phil 91-182-1217,85-4345,"Oct. 21, 2018",2018-10-21,ok,Cross combination.xlsx,Phil 91-182-1217,B9,9,2,8d789b2b1bda545ccdb9de090855b18948e1d7c136fb9430427923916ce0dc56
cmb_495d72a1dd66d0f6d7603cd06d0f,Phil 91-182-1217,93-2349,"Oct. 21, 2018",2018-10-21,ok,Cross combination.xlsx,Phil 91-182-1217,C9,9,3,6d00d567934f6a5977d318b4faedd7e0780f3f243e8a8f600c716fcec0d9422d
cmb_da236c1601224884b8963ab6684e,Phil 91-182-1217,00-0601,"Oct. 21, 2018",2018-10-21,ok,Cross combination.xlsx,Phil 91-182-1217,D9,9,4,017e6f508321b0c1569a00b48915ee41f8c4f1323f87c2a01efa17a8de577dc1
cmb_4283dd2af064bf95ba10cce3fdf3,Phil 91-182-1217,7495,"Oct. 19, 2019",2019-10-19,ok,Cross combination.xlsx,Phil 91-182-1217,B10,10,2,204da85adda62f4b8783cf6561d9f1d58e6ef404b27ca0c9028c242a71f87b66
cmb_bfc8d09e623e7d195f5838bc8352,Phil 91-182-1217,97-0693,"Oct. 19, 2019",2019-10-19,ok,Cross combination.xlsx,Phil 91-182-1217,C10,10,3,c9f71816bcf8801fd0d52a5da8e0f466d3ed13cd3b61212762972366b3a3b4a3
cmb_2c0995daa7e454f4c3e90cac6692,Phil 91-182-1217,93-2349,"Oct. 19, 2019",2019-10-19,ok,Cross combination.xlsx,Phil 91-182-1217,D10,10,4,d5cd9b699e40bbfdc0673ace71cc1b1f01fd6c15ce94991363c0acfac98f8923
cmb_62396c954cdd278f9cf51f74f07b,Phil 91-182-1217,97-3041,"Oct. 27, 2020",2020-10-27,ok,Cross combination.xlsx,Phil 91-182-1217,B11,11,2,5659ee85fcca4314e5cc67b59928f1e91186eae6788d136a055593225ffb986b
cmb_71dac59ea929d9954dc613d2a63f,Phil 91-182-1217,04-1011,"Oct. 27, 2020",2020-10-27,ok,Cross combination.xlsx,Phil 91-182-1217,C11,11,3,bc704f9ff0f98eb2f0d809febf4f4935b6e2e70174ccff7a4138dce5d763c433
cmb_b69220a72be3819d07af61b5bc60,Phil 91-182-1217,2009-1969,"Nov. 13, 2021",2021-11-13,ok,Cross combination.xlsx,Phil 91-182-1217,B12,12,2,a5b99a820ca5bd8dab22214c7bfc8055b5c9a5cc19b7e78e51909b5137b676f1
cmb_1bffa3eb091dee02e24b0493ad2a,Phil 91-182-1217,99-1793,"Oct. 25, 2021",2021-10-25,ok,Cross combination.xlsx,Phil 91-182-1217,B13,13,2,5b7c98ad7db5da34d273f548d5014832ed3600e753264417a9eec5b97604d592
cmb_9d83ba2acfe7a76d7fbc0a8d607c,Phil 91-182-1217,2006-1899,"Oct. 25, 2021",2021-10-25,ok,Cross combination.xlsx,Phil 91-182-1217,C13,13,3,0fd60bbf20cb848ba629ae46047f18a178f068bb90faacf294c0cbcae4146d1c
cmb_afd6196ef584a49d5268a89a9c7b,Phil 91-182-1217,2000-2569,"Oct. 25, 2021",2021-10-25,ok,Cross combination.xlsx,Phil 91-182-1217,D13,13,4,743955e01660b60bbe236e6a363b3108643437ec428adac6638e25b3db767f1b
cmb_7eb9b7a205ee9ceee93bee804997,Phil 91-182-1217,2010-0149,"Oct. 25, 2021",2021-10-25,ok,Cross combination.xlsx,Phil 91-182-1217,E13,13,5,052174244e9723c97dda31f7ea2102046be817cd07557d50e36023db813c7e19
cmb_24cec34369506530d4ba26986dba,Phil 92-1-0009,04-1011,"Nov. 3, 2017",2017-11-03,ok,Cross combination.xlsx,Phil 92-1-0009,B3,3,2,b4c24f8549cb615afd32df45456aa23a2a67f0cc2606ee52debcb35e39e8bc0f
cmb_270b04906ffe8e4edef47412f44f,Phil 92-3-0023,99-1793,"Nov. 5, 2018",2018-11-05,ok,Cross combination.xlsx,Phil 92-3-0023,B3,3,2,41251b8de948b881f9efc8fa6ecc2fd48276ab63a47e219d7bf49d1b49c312e6
cmb_fd35b5b192f6a4e2a3830df9c9d5,Phil 92-6-0051,99-1793,"Oct. 31, 2012",2012-10-31,ok,Cross combination.xlsx,Phil 92-6-0051,B3,3,2,889fddd12e469a9099e755cde173fc38e1534e2d426a1d70d1c99e243fa8748e
cmb_8b2d2d36680b223308da53ac9217,Phil 92-6-0051,78-9381,"Oct. 22, 2013",2013-10-22,ok,Cross combination.xlsx,Phil 92-6-0051,B4,4,2,0aa691effd4c7880889129db340dec1b36586cdf79fd1a74c2685c03ad0b986c
cmb_1f71a4a6a3c7be779eada498e690,Phil 92-6-0051,05-0645,"Oct. 22, 2013",2013-10-22,ok,Cross combination.xlsx,Phil 92-6-0051,C4,4,3,bb814e4c693fee62eb2e17f296361003572f37121ace7bd643dcd2a1d903d0a0
cmb_262924adc9f54420df59cae5c743,Phil 92-6-0051,04-1011,"Oct. 22, 2013",2013-10-22,ok,Cross combination.xlsx,Phil 92-6-0051,D4,4,4,11254aaf32d48a6c81d54f326021ee37aca4940beb60a87f9c0d2fccf8fac132
cmb_f331c6bc7f4a26439a6e80bfa78f,Phil 92-6-0051,93-3849,"Oct. 22, 2013",2013-10-22,ok,Cross combination.xlsx,Phil 92-6-0051,E4,4,5,21a0da67061b572c86b865d69a017ab4a1d63f32e8682b139b0c35e511d256b0
cmb_3f90931235726ce5aa6626fd5702,Phil 92-6-0051,93-2349,"Nov. 7, 2014",2014-11-07,ok,Cross combination.xlsx,Phil 92-6-0051,B5,5,2,dd760f63842f756dd7385c7d853593cf6d9ec676989c6f2b9cb96b145a682acf
cmb_e2100dea0f1de56603ab3afc922d,Phil 92-6-0051,06-1899,"Nov. 20, 2016",2016-11-20,ok,Cross combination.xlsx,Phil 92-6-0051,B6,6,2,d0176d3fa874461cbbb4a26568ffe7f4e667dd4a728aa89a8f053469a5deb05d
cmb_e6a69293af536f96680818875a26,Phil 92-6-0051,99-1793,"Nov. 18, 2017",2017-11-18,ok,Cross combination.xlsx,Phil 92-6-0051,B7,7,2,5fc2d25b7f21fcce4e9b154a99715b124d3d874bd23ce3c7262bfdcfb701686c
cmb_fb84da6f96fa5c595c4484dc0b81,Phil 92-6-0051,04-1011,"Nov. 2, 2018",2018-11-02,ok,Cross combination.xlsx,Phil 92-6-0051,B8,8,2,59ad061f0ad456dc3cf6a0c8a56bf6a5ad0c263636d99b9722e5cf626ac21e0e
cmb_66f9067ae07141c58b529cfb354d,Phil 92-6-0051,95-1029,"Nov. 2, 2018",2018-11-02,ok,Cross combination.xlsx,Phil 92-6-0051,C8,8,3,0ce51a7d4af68675af9b4048afc46cc59215509762ae11c17bfdd12a28ab4f77
cmb_e24be1bbe5e6810d9e9d74bfb97e,Phil 92-6-0051,97-0693,"Oct. 26, 2019",2019-10-26,ok,Cross combination.xlsx,Phil 92-6-0051,B9,9,2,75c916d5ba8d4a322fef11ffd08f5157cad7e296afa5bd65fec13ac375295680
cmb_74ebc96a10c27b06c246a77bff57,Phil 92-6-0051,07-0563,"Oct. 29, 2019",2019-10-29,ok,Cross combination.xlsx,Phil 92-6-0051,B10,10,2,3f14b2eb893441c4ab0d632c9825d3ae43b7335b0129f9477974d6f3fed02de0
cmb_95f2e2688b1ad10b2667c2c7cde3,Phil 92-6-0051,98-3061,"Oct. 30, 2019",2019-10-30,ok,Cross combination.xlsx,Phil 92-6-0051,B11,11,2,9a00a68022c9650e8b3359e774d61b267fab31d9cfcb2cd7d0271a9fbb9d2a5b
cmb_a98fe0ea288c52f45ac498b14ebd,Phil 92-6-0051,97-3501,"Oct. 30, 2019",2019-10-30,ok,Cross combination.xlsx,Phil 92-6-0051,C11,11,3,2eaa90a23c002f8a093073474492a97a9b8d14ef1199a0399aacee6f88b11229
cmb_e5e99f048b153b141821c85fdf05,Phil 92-6-0051,06-1899,"Oct. 30, 2019",2019-10-30,ok,Cross combination.xlsx,Phil 92-6-0051,D11,11,4,5ef17d055fd230138e3a04adb38b02a990c233d277f1b9964669bb81960c813b
cmb_16c8769a9fafae20a8c14d175b0f,Phil 92-6-0051,7115,"Nov. 5, 2020",2020-11-05,ok,Cross combination.xlsx,Phil 92-6-0051,B12,12,2,4878a7508920e427888647cf5458f8d70bc0ced98a13f0438505cfc5375b4d48
cmb_0398ba8e94de2dd2d68780c895c9,Phil 92-6-0051,80-5619,"Nov. 5, 2020",2020-11-05,ok,Cross combination.xlsx,Phil 92-6-0051,C12,12,3,decfff788ec1dc28e19aa6bb5b4cbdc605827a7ea937b4cc0e6c2f37d68597fb
cmb_f1ce677719addf024e980f999db4,Phil 92-6-0051,93-2349,"Nov. 5, 2020",2020-11-05,ok,Cross combination.xlsx,Phil 92-6-0051,D12,12,4,7c20bde8278db0bf00a8dad512c79c0477d2ab4e465aad83c0fa03061494e4cd
cmb_430bb3203ce5d5f26b260b8b8bc1,Phil 92-6-0051,04-1011,"Nov. 9, 2022",2022-11-09,ok,Cross combination.xlsx,Phil 92-6-0051,B13,13,2,ad356f0e6bd7ff52be4247a8aab7a1568b60d0f53ae7404e695fa2b583ee45cd
cmb_63b11583416cfb2316402e3847a2,Phil 92-19-0385,VMC 86-550,"Nov. 6, 2013",2013-11-06,ok,Cross combination.xlsx,Phil 92-19-0385,B3,3,2,2a34290ced2428bca2d1c629fc322706ac243df02d6e78f962e0ad1c52fc9cd0
cmb_a7f1e9dc7aa1c308dcc8ed94298f,Phil 92-19-0385,99-1793,"Nov. 6, 2013",2013-11-06,ok,Cross combination.xlsx,Phil 92-19-0385,C3,3,3,75b2ba2e4c543f980b03bf1ca124285f6586902d9b6854356d223ae96274bb64
cmb_5d3029de59658d6336eec81e2502,Phil 92-19-0385,93-2349,"Oct. 30, 2014",2014-10-30,ok,Cross combination.xlsx,Phil 92-19-0385,B4,4,2,7301374bad27a38a7ad671cff16668bd8e1c9e5e0b19a4a998f177be19d1a313
cmb_9eee7c420c1a1681fd426ecc2e7a,Phil 92-19-0385,2004-1011,"Oct. 30, 2014",2014-10-30,ok,Cross combination.xlsx,Phil 92-19-0385,C4,4,3,10a841887fd3c7c8cb92d706c22ccd31d613df8ecd6a00a37afb8094cf830f2d
cmb_803c3c5cdb38f23b6b2637fb62dc,Phil 92-19-0385,00-2569,"Oct. 30, 2014",2014-10-30,ok,Cross combination.xlsx,Phil 92-19-0385,D4,4,4,fa3e460f6596650d94d6be3f6db1c4bd64fa08907b7bada1c5d9ff6c14895c34
cmb_bf783376dc2bc18cec6d6390e024,Phil 92-29-0535,99-1793,"Oct. 23, 2012",2012-10-23,ok,Cross combination.xlsx,Phil 92-29-0535,B3,3,2,d192983fee7423ca87394446a91fd222266571b34499b81b9d8a1c6ad8b8a904
cmb_9e622389abfe0a9b24858c5d3a69,Phil 92-29-0535,93-2349*,"Oct. 23, 2012",2012-10-23,ok,Cross combination.xlsx,Phil 92-29-0535,C3,3,3,90464c90944450a7bb208c4c9f41e18ea0ab3b65e41d2642d12bb176e5527b28
cmb_77a838318b2ed23625d337caeb2d,Phil 92-29-0535,94-0021,"Oct. 23, 2012",2012-10-23,ok,Cross combination.xlsx,Phil 92-29-0535,D3,3,4,9f7e40f6747fa4e1f86a9dcb64e4a288e9b1626908b0c1786e5696b4b89d15d5
cmb_c7106f9c4f11c8f9ee271e4b1332,Phil 92-29-0535,VMC 74-527,"Oct. 29, 2013",2013-10-29,ok,Cross combination.xlsx,Phil 92-29-0535,B4,4,2,b4c5c77e559b9d7a797e288669cf3d4d25bcc1ac7faefc6088a98ddb9ae65e23
cmb_cb7b3429d16eecacbab707cb35f3,Phil 92-29-0535,00-2569,"Oct. 29, 2013",2013-10-29,ok,Cross combination.xlsx,Phil 92-29-0535,C4,4,3,363d7fac5b518f0ea2d1a15dad4607564b656a315d453a891e0383aa3af9cc9b
cmb_f54f7e2916c4f7635396a99948e3,Phil 92-29-0535,97-0693,"Oct. 29, 2013",2013-10-29,ok,Cross combination.xlsx,Phil 92-29-0535,D4,4,4,f949dd8d99902a1075511f2e3abf7146b69e355256f8330b40f1d1115d1ed438
cmb_a0519550ca74348c2f0206c68354,Phil 92-29-0535,93-2349,"Oct. 29, 2013",2013-10-29,ok,Cross combination.xlsx,Phil 92-29-0535,E4,4,5,ad280e539a66d7829b03690b97315e0d751e423387e51e021851d511b830c62f
cmb_fc546b1eea5e8880864ca27ede42,Phil 92-29-0535,2004-1011,"Oct. 29, 2013",2013-10-29,ok,Cross combination.xlsx,Phil 92-29-0535,F4,4,6,c3587b5ffd219c9d4538577914d87a56e6b6cdfe827608a8df36b5933d7d3071
cmb_af762e0363eaf6dd6cba039bd45a,Phil 92-29-0535,05-1197,"Oct. 25, 2014",2014-10-25,ok,Cross combination.xlsx,Phil 92-29-0535,B5,5,2,4a55c3daac571960a3163e794ec53b62f76a4cf18103f7304a74bd4b0a727a79
cmb_59a66798d90e6e2bf27978955d98,Phil 92-29-0535,06-2299,"Oct. 25, 2014",2014-10-25,ok,Cross combination.xlsx,Phil 92-29-0535,C5,5,3,7dc942564f291373edd1a27719a2079fe434c642ca6f20fbd9c0b88b11e35a8f
cmb_507e5a0eecc1257abfdd277af5e5,Phil 92-29-0535,98-2137,"Oct. 25, 2014",2014-10-25,ok,Cross combination.xlsx,Phil 92-29-0535,D5,5,4,d9b54efd60ce149b0bfff0f2f7349d2a670f0b2ae794430c377a72b31b6c23fe
cmb_ec3cd8e62d27f9ad270288023add,Phil 92-29-0535,99-1793,"Oct. 25, 2014",2014-10-25,ok,Cross combination.xlsx,Phil 92-29-0535,E5,5,5,f30235de56c3e2dff8334b36eea73d64751c4ef49f949071a49ae5c725cef247
cmb_40c40e2daa9685183ac99281284b,Phil 92-29-0535,VMC 7139,"Oct. 30, 2015",2015-10-30,ok,Cross combination.xlsx,Phil 92-29-0535,B6,6,2,7a4931cde6ae68d1e993ba7c5de09d5c9a82b37ddf58796b25195ea3b1c456a2
cmb_7c0f7fbaf4ec5169bc1e67323fce,Phil 92-29-0535,Q102,"Oct. 30, 2015",2015-10-30,ok,Cross combination.xlsx,Phil 92-29-0535,C6,6,3,b7efad470bf4961fdc63d7ef5de78115b06f7b73b9435da2e46778df7a5574ce
cmb_07c1feea99c451c5b74dcea6fbf2,Phil 92-29-0535,88-1413,"Oct. 30, 2015",2015-10-30,ok,Cross combination.xlsx,Phil 92-29-0535,D6,6,4,288fea8275976739479c0257680b7c0184d7b0c4bb2937f763d3cf40c3ebbb7d
cmb_7d52ab23c26b6cf9c30187d9f269,Phil 92-29-0535,06-1681,"Oct. 30, 2015",2015-10-30,ok,Cross combination.xlsx,Phil 92-29-0535,E6,6,5,ceb80a848e61c4e12541c63de46ddfce26574ba0c9cb28c386cbaf2f72d8a92c
cmb_38c57d85f25980f110170bd63983,Phil 92-29-0535,97-2041,"Oct. 30, 2015",2015-10-30,ok,Cross combination.xlsx,Phil 92-29-0535,F6,6,6,fdbc1eac74538d86c0ebcf971a8157d6b49e478619623d5816af7ece1feac2f3
cmb_d470fb6cb40c8ebf00b30916fe40,Phil 92-29-0535,98-2137,"Oct. 30, 2015",2015-10-30,ok,Cross combination.xlsx,Phil 92-29-0535,G6,6,7,e44f6cd4abf47d14e19f26d2c9a74ca922f3afd1193839846033e6db32bf6f31
cmb_33755491a01b6baf3c56fafdd2a4,Phil 92-29-0535,99-1793,"Oct. 30, 2015",2015-10-30,ok,Cross combination.xlsx,Phil 92-29-0535,H6,6,8,fc037a6c4c747fa3873caf66aea487d929498557c2a61419907c6c17bffc7700
cmb_a702cc1d0c91245a6bf583856151,Phil 92-29-0535,04-1011,"Nov. 15, 2017",2017-11-15,ok,Cross combination.xlsx,Phil 92-29-0535,B7,7,2,709b600800839cbd6016706d8d017617a54d9d8efd23a8df878ddefed47ad41c
cmb_413d9180863d8c58b3861b013933,Phil 92-29-0535,93-221-2985,"Nov. 15, 2017",2017-11-15,ok,Cross combination.xlsx,Phil 92-29-0535,C7,7,3,dd3c9b22a4e6aef4bd6288b27757136426f57f69ff4f894b86e7c27a54ad4ae8
cmb_169c583955c719c85e244b49eeed,Phil 92-29-0535,97-3161,"Oct. 26, 2018",2018-10-26,ok,Cross combination.xlsx,Phil 92-29-0535,B8,8,2,438f33d86784a4b213614564de0c7959b07210b3a7b432a3ea56b5d3589d4dbf
cmb_d7e1c9e569c0a1af98f3dfb375ce,Phil 92-29-0535,99-1793,"Oct. 26, 2018",2018-10-26,ok,Cross combination.xlsx,Phil 92-29-0535,C8,8,3,1a7dc242af846c70c267b51b29f8aede9d7ca45f8ce63849e8afcacfc3bf7dfc
cmb_72cf11159f0dfe4e3377e79eaee5,Phil 92-29-0535,99-1675,"Oct. 26, 2018",2018-10-26,ok,Cross combination.xlsx,Phil 92-29-0535,D8,8,4,5d5fa911e9237617f81422dc2c1cd8edd4c87ae09db70400d5924cb222f9abaf
cmb_2f28704f13afa73cb6e7632c8942,Phil 92-29-0535,88-0363,"Oct. 29, 2020",2020-10-29,ok,Cross combination.xlsx,Phil 92-29-0535,B9,9,2,02bdc53494fdf7791156e3ce7f07f8dbb6bf1cd88911e7ad877a70168b112d0c
cmb_6eb5196d48d1c92cfbdf95e3bfe9,Phil 92-29-0535,98-3061,"Oct. 29, 2020",2020-10-29,ok,Cross combination.xlsx,Phil 92-29-0535,C9,9,3,0226c2fb97f16b24f2e10f40689fd3d9117bafe16b51c160e6a158aa18d9e1fe
cmb_6162a4d625f76f922996038d4ad6,Phil 92-29-0535,93-2349,"Oct. 29, 2020",2020-10-29,ok,Cross combination.xlsx,Phil 92-29-0535,D9,9,4,85748625f07daa67ba89afd60fafdc9db11427caa113845d6384a26fd3b73658
cmb_5af5ec5b635a8537fc258c62ee73,Phil 92-29-0535,2010-0149,"Oct. 23, 2022",2022-10-23,ok,Cross combination.xlsx,Phil 92-29-0535,B10,10,2,ddc88a08e1b7b94624bf175d559091c222e9358197e2b1f7c836c85ee51d841f
cmb_6b43687df37ce214dadcf6afb554,Phil 92-29-0535,2006-1899,"Oct. 23, 2022",2022-10-23,ok,Cross combination.xlsx,Phil 92-29-0535,C10,10,3,66e3d4a42b6c3d148b94d8c112ad3213b6eef15c1be15011e513faa6556559de
cmb_f9a785fbecf69f142b0eb7e20a48,Phil 92-29-0535,2009-1969,"Oct. 23, 2022",2022-10-23,ok,Cross combination.xlsx,Phil 92-29-0535,D10,10,4,772be988e9636b40a96b29b922868a847a7aa8f4dbc33a47808d7494177475b3
cmb_4772f382dac193c1409d6416c139,Phil 92-32-0577,88-1691,"Oct 27, 2012",2012-10-27,ok,Cross combination.xlsx,Phil 92-32-0577,B3,3,2,8fda8e9c528366b645271ab71a698ab281fdd99ff3357dc18a80cf9c1a864373
cmb_ac0dea8fe03d770883dc22405f14,Phil 92-32-0577,8829,"Oct 27, 2012",2012-10-27,ok,Cross combination.xlsx,Phil 92-32-0577,C3,3,3,3e6052b8d8010d8bc7bd5918c9047bd265746f0feba7c60c5430158410cd246a
cmb_8eb9ea951ba13fc6110d9afce301,Phil 92-32-0577,97-3501,"Oct 27, 2012",2012-10-27,ok,Cross combination.xlsx,Phil 92-32-0577,D3,3,4,87f2efb74caa1983283ad3cb9db74a0f1cc9e1b6078d11737cd0a7ff0f999f4b
cmb_12d1fe1c5faee969b4964240ae5e,Phil 92-32-0577,7115,"Oct 24, 2013",2013-10-24,ok,Cross combination.xlsx,Phil 92-32-0577,B4,4,2,96e7d990bb81f5daf358b32d30943cf6b696eab92ffbe4b939099aa5b05d2115
cmb_37abafee49410cea86201b75ea63,Phil 92-32-0577,PSR 00-343,"Oct 24, 2013",2013-10-24,ok,Cross combination.xlsx,Phil 92-32-0577,C4,4,3,4978fe71c979c0654e707df3a1922d13770789989b95bafb3271e257d805ff94
cmb_a9545ad02d701d757308ab8f9b96,Phil 92-32-0577,99-1793,"Oct 24, 2013",2013-10-24,ok,Cross combination.xlsx,Phil 92-32-0577,D4,4,4,1646267568c2adb58b7a328b16b957fbce5b83690bbf9a8d1bbb7836db5e85a4
cmb_4282a1228d9d60f8c990341fcc8d,Phil 92-32-0577,04-1011,"Oct 24, 2013",2013-10-24,ok,Cross combination.xlsx,Phil 92-32-0577,E4,4,5,6db036aa2316014f0706a995b03976ff8d85fda63676842a4201751a506d7178
cmb_6f6d33cf98a382f9f747c7c6dad6,Phil 92-32-0577,99-1793,"Oct 26, 2018",2018-10-26,ok,Cross combination.xlsx,Phil 92-32-0577,B5,5,2,adca65d5fd68a38e02fa6a685bdf043e5e4d17a0f495ac223614243cf422a831
cmb_aa47858c4cb86c9079cfcb89d7bc,Phil 92-32-0577,00-2569,"Oct 26, 2018",2018-10-26,ok,Cross combination.xlsx,Phil 92-32-0577,C5,5,3,0c4887970ba32d6b861517f7d4615729da4c176a89235eea69b95463330ef885
cmb_409a8bb1c700e9820b085d4a15f2,Phil 92-32-0577,99-1675,"Oct 26, 2018",2018-10-26,ok,Cross combination.xlsx,Phil 92-32-0577,D5,5,4,4c5ab234965dc522c54679a39f6a765883346b64e43255a6eaf57158d3dad5f2
cmb_8f29a8e27341a342f9f3c9a29753,Phil 92- 44-0751,89- 0455,"Oct. 23,2012",2026-10-23,ok,Cross combination.xlsx,Phil 92- 44-0751,B3,3,2,cad5003f1a26cdf1f7596ec567bf9771c7305df862defcf5afdee4cce4ed8ab4
cmb_d91f2e90ad19769cf42bac32c695,Phil 92- 44-0751,99- 1793,"Oct. 23,2012",2026-10-23,ok,Cross combination.xlsx,Phil 92- 44-0751,C3,3,3,cf78dbded9e52e0de88c89475f03d0d412f7f6428d6d36d9f2dd26de1febf25d
cmb_67821abdfabfbf4f2b81622783df,Phil 92- 44-0751,02 - 0359,"Oct. 23,2012",2026-10-23,ok,Cross combination.xlsx,Phil 92- 44-0751,D3,3,4,9bd5235c01b2f9ee68191bc19e1619d5f2590036a9a0f78972ece1a90cdcde6d
cmb_d12affdf213dbda9f77bc6aa85ab,Phil 92- 44-0751,93- 2349,"Oct. 23,2012",2026-10-23,ok,Cross combination.xlsx,Phil 92- 44-0751,E3,3,5,570c4d52cbac0abe51a8cc6299470edac994479e567fa36cabdbb7238b37e50d
cmb_86484d67dafdb38f0dd7982f013b,Phil 92- 44-0751,01- 0895,"Oct. 22, 2013",2013-10-22,ok,Cross combination.xlsx,Phil 92- 44-0751,B4,4,2,2fe30773f08a4a7bb781b8b605804659398da41dc00bdd8b490cc9184d39c7fc
cmb_9bb78d125dde4bd9f84444ce3aac,Phil 92- 44-0751,90 - 0057,"Oct. 22, 2013",2013-10-22,ok,Cross combination.xlsx,Phil 92- 44-0751,C4,4,3,074f8e9b6ee5f03a0895f0cf97ad2728990e387ec98cf9c5496188dbd1d88fd1
cmb_482fd97b46b75d4c477e350eb57e,Phil 92- 44-0751,04- 1011,"Oct. 22, 2013",2013-10-22,ok,Cross combination.xlsx,Phil 92- 44-0751,D4,4,4,d88e04887e01bee5f0983fa0287781225526ddb2a94ff1a755cfe9aede72ea6b
cmb_4df3ff831171f93f6bd29a4dea22,Phil 92- 44-0751,98- 2137,"Oct. 25, 2014",2014-10-25,ok,Cross combination.xlsx,Phil 92- 44-0751,B5,5,2,ad0a84d365521f135821ba5de911c36aec58a2f83e92e309c8dfedfb5495a90f
cmb_9665ba6db6e194f22c603117197c,Phil 92- 44-0751,05- 1197,"Oct. 25, 2014",2014-10-25,ok,Cross combination.xlsx,Phil 92- 44-0751,C5,5,3,3617a1b8c3863b0b8e1d6e9018f68a4526ed32a248e39da403e9e415edf140b9
cmb_abdbf960b40a35ae6298a3dbd4df,Phil 92- 44-0751,99- 1793,"Oct. 30, 2015",2015-10-30,ok,Cross combination.xlsx,Phil 92- 44-0751,B6,6,2,8aec9bc4cce743a581be00aae07398fab4c107c13924d776f3a7acfd5c097dde
cmb_cf829b98f62c0138c35c4ceadb28,Phil 92- 44-0751,97- 3501,"Oct. 30, 2015",2015-10-30,ok,Cross combination.xlsx,Phil 92- 44-0751,C6,6,3,651641cb23677c0613ddd54c9b4e3be09c8f2b6308cc9cc79b4d7bbc80445896
cmb_f022e27894011a213adf1420a298,Phil 92- 44-0751,Q102,,,missing,Cross combination.xlsx,Phil 92- 44-0751,B7,7,2,b2654f09c731b01682e52f0bd7290eb4ad72be7678db480e76759fa5b51bd8bc
cmb_21cfb653c3a97744b16bf138a723,Phil 92- 44-0751,86-120-1119,,,missing,Cross combination.xlsx,Phil 92- 44-0751,C7,7,3,f4d4edc09eae05b3ec5a7110e669bb97f51307b9a7f4d9d02eb0959d69597757
cmb_4e4c63632001a3d831eb41052c76,Phil 92- 44-0751,93-2349,,,missing,Cross combination.xlsx,Phil 92- 44-0751,D7,7,4,8a3bdaa91b400266bbf876e073a21e2ff30aa8d08643f9a1d75f19b370dcae6c
cmb_3dc8342bc1cd10c074b45e61ef50,Phil 92- 44-0751,90-0085,,,missing,Cross combination.xlsx,Phil 92- 44-0751,E7,7,5,aea10ac771e5d61a62d9a4ce853e8b794b273c881118e933d1a359b1b94ccdfe
cmb_73c41de7516e55094c97df40f555,Phil 92- 44-0751,88-1413,"Oct. 29,2016",2026-10-29,ok,Cross combination.xlsx,Phil 92- 44-0751,B8,8,2,6383d7ba374bd441fcafa6ce2c6a1fc0479800519361d7f4da13bfb5c85e5151
cmb_35f7d52ec2440f08e9fefbb3d1c3,Phil 92- 44-0751,98-3061,"Oct. 29,2016",2026-10-29,ok,Cross combination.xlsx,Phil 92- 44-0751,C8,8,3,d9f71d580f882efb702ced4943fb752bf1f316a4ffd455d5cf06e41e2c5a58ec
cmb_486e465f3675e74390b4044e0ea8,Phil 92- 44-0751,97-3161,"Oct. 29,2016",2026-10-29,ok,Cross combination.xlsx,Phil 92- 44-0751,D8,8,4,2416c77e868ae4493ac2b4e85854391172bc6b2f085a4e8178aaa5e36ee2be5f
cmb_bc8bf4237c7bc2acdb21beb0bb97,Phil 92- 44-0751,91-1091,"Oct. 29,2016",2026-10-29,ok,Cross combination.xlsx,Phil 92- 44-0751,E8,8,5,36f4dce2850e407d033f1661522018f75384e29562eef6e413dc1a3583ba9ce6
cmb_89b093b20b31271004b694a9d9bb,Phil 92- 44-0751,78-3981,"Oct. 30,2017",2026-10-30,ok,Cross combination.xlsx,Phil 92- 44-0751,B9,9,2,2d90e56b794e5d8aab2cc9ea8a6da6caa99b6fcfb69fd54fe8eb31d2a5e4f04e
cmb_e242dc8ae8c23265aa372e564ce1,Phil 92- 44-0751,97-0693,"Oct. 30,2017",2026-10-30,ok,Cross combination.xlsx,Phil 92- 44-0751,C9,9,3,7a6778b9562c1e40664a3bea005f0f40f8af072e4d788cf5ba472eabab9b13ff
cmb_defb028b8a608cfad3f2dbd4bfbf,Phil 92- 44-0751,93-2349,"Oct. 30,2017",2026-10-30,ok,Cross combination.xlsx,Phil 92- 44-0751,D9,9,4,27171842aea254335759578f9ae875d770b0ed37f749fcf929d0347223249137
cmb_f4a529670abb818cd3855713f5cd,Phil 92- 44-0751,04-1011,"Oct. 30,2017",2026-10-30,ok,Cross combination.xlsx,Phil 92- 44-0751,E9,9,5,33c8997d532e7737fc79f2ecb26ffab14bd8b18196fb85b75784de40684abf8f
cmb_a73cb01b31796e1df878a0481783,Phil 92- 44-0751,00-2569,"Oct. 26, 2018",2018-10-26,ok,Cross combination.xlsx,Phil 92- 44-0751,B10,10,2,0ba8f37f17beccfe8570fc447a5196d5af84af710e57005e678f6eef808d8205
cmb_25160a579141cf1bf88e253784d7,Phil 92- 44-0751,93-2349,"Oct. 26, 2018",2018-10-26,ok,Cross combination.xlsx,Phil 92- 44-0751,C10,10,3,ec35f0c67b147bb18dcee367a58eb6f5bd9db9bbf28e0c76ff76ba7b6f5a2962
cmb_1520caf34140e4d6262351e96d3c,Phil 92- 44-0751,92-0535,"Oct. 26, 2018",2018-10-26,ok,Cross combination.xlsx,Phil 92- 44-0751,D10,10,4,7b2b52898b7834dca23507ac11e483541a9973fffeeabeee24d3ae62b9977dee
cmb_b6d720e2cfaa5f636e81cc7156a1,Phil 92- 44-0751,93-0775,"Oct. 26, 2018",2018-10-26,ok,Cross combination.xlsx,Phil 92- 44-0751,E10,10,5,823d162ffc5ec552d0c493edfde17c73167f0b0fb0fad9dc3abf1f75950edac5
cmb_23b85a85c0239c2502fab186ceec,Phil 92- 44-0751,05-1197,"Oct. 26, 2018",2018-10-26,ok,Cross combination.xlsx,Phil 92- 44-0751,F10,10,6,5a045b8b3e9c131f4247f7aea945073acb08ddabf1cd758261fe6c5432370aeb
cmb_6d0533f688adb5b4478cd4b32bc7,Phil 92- 44-0751,05-0645,"Oct. 26, 2018",2018-10-26,ok,Cross combination.xlsx,Phil 92- 44-0751,G10,10,7,fc1c255363ad5ca71a858f5872d728d418d714c4d13e92ea81a653150601470d
cmb_8d7e40e04a0bdec930b889b61c60,Phil 92- 44-0751,78-3981,"Oct. 26, 2019",2019-10-26,ok,Cross combination.xlsx,Phil 92- 44-0751,B11,11,2,d62980132bb34c7d32a5fc05e92357b3789acb8279097804b55d4af931c7eb9c
cmb_9750e01d4180fe2f965643aa3a76,Phil 92- 44-0751,04-1011,"Oct. 26, 2019",2019-10-26,ok,Cross combination.xlsx,Phil 92- 44-0751,C11,11,3,9d5c856c3a73be191f5caaca68b33dc62dabb6e3c3a61ed6982797687bc92940
cmb_a552910b7f1b9d13fc954a2f4256,Phil 92- 44-0751,06-1899,"Oct. 26, 2019",2019-10-26,ok,Cross combination.xlsx,Phil 92- 44-0751,D11,11,4,58e6cf489d9c670447fe56a60b95d74e5174f634f9f33c6e30f97385d76eb60d
cmb_c659dd0d8c27c711410ef1b14419,Phil 92- 44-0751,00-2569,"Oct. 26, 2019",2019-10-26,ok,Cross combination.xlsx,Phil 92- 44-0751,E11,11,5,7f5e1ca634c117c7c48cd53c858d0ecd79d11e5a7df2903473a6ab370d584329
cmb_a8361adb30cf2eed0dbf96edbbea,Phil 92- 44-0751,97-0693,"Nov. 4, 2020",2020-11-04,ok,Cross combination.xlsx,Phil 92- 44-0751,B12,12,2,dd4370047d418a0ec53c12ce181dabe03567edf5e27962493a7e58a56d92eea2
cmb_fec1d2113db7e063c7452f3523ce,Phil 92- 44-0751,98-0255,"Nov. 4, 2020",2020-11-04,ok,Cross combination.xlsx,Phil 92- 44-0751,C12,12,3,f13a6755c2f374b52c0df0463c6233b995617cd599fb280975322b3f9b66d6b9
cmb_5af9c58cf3d3d0c5efc0a29652ea,Phil 92- 44-0751,Q102,"Nov. 1, 2021",2021-11-01,ok,Cross combination.xlsx,Phil 92- 44-0751,B13,13,2,03c9406aa48e7c44fbb81aff41182d2f3bf98bbb562f24592bf9cce782d78875
cmb_69508c3fdd456a8c22eb07eb9664,Phil 92- 44-0751,8593,"Nov. 1, 2021",2021-11-01,ok,Cross combination.xlsx,Phil 92- 44-0751,C13,13,3,bc30f520b1a5b4591027a559a9fe4f7744777468b71d42109aaeaec7bf5d30cd
cmb_26f6d11db626941b1553ebb774f9,Phil 92- 44-0751,08- 0909,"Nov. 1, 2021",2021-11-01,ok,Cross combination.xlsx,Phil 92- 44-0751,D13,13,4,fe2000933ec45bff574f2ea29b7c553e8639ba56beb64346693078a4919fdea2
cmb_5535e8bb8096840cb101a3f86b29,Phil 92- 44-0751,2009-1969,"Nov. 1, 2021",2021-11-01,ok,Cross combination.xlsx,Phil 92- 44-0751,E13,13,5,1576b6aba66c14e08bf0879dbe169fc4693dcd5c75e07e125ae4994f563e2e15
cmb_f3b847574abe2a111744c178d548,Phil 92- 44-0751,04-1011,"Nov. 1, 2021",2021-11-01,ok,Cross combination.xlsx,Phil 92- 44-0751,F13,13,6,51651842e1eaed70e0c07b4303f22a9affea74c5da28832422d92219e50f151e
cmb_780187c9c0ab1baef73ff6dbe66e,Phil 92- 44-0751,2000- 2569,"Oct. 25, 2022",2022-10-25,ok,Cross combination.xlsx,Phil 92- 44-0751,B14,14,2,203f16852f4617471bba880d118d7589cded4cebf114c02e9612e157df8f002b
cmb_505ce772a6e13d35e7a43d70e514,Phil 92- 44-0751,2006-1899,"Oct. 25, 2022",2022-10-25,ok,Cross combination.xlsx,Phil 92- 44-0751,C14,14,3,a412d15edec058b66a5213bcd240944fdd0777a4a9fd72f0fb751afedf4bc37f
cmb_5a8feb2c8a65ff1179c438471c6a,Phil 92- 44-0751,93-190- 2349,"Oct. 25, 2022",2022-10-25,ok,Cross combination.xlsx,Phil 92- 44-0751,D14,14,4,32da75c7ae72146e5ea5e53b2cddae0975c379802f8eca879133d975c9348fb9
cmb_a13d16b94dec3dadb0cb5343db5a,Phil 92- 44-0751,2010- 0149,"Oct. 25, 2022",2022-10-25,ok,Cross combination.xlsx,Phil 92- 44-0751,E14,14,5,8b47801148cbe6416c827c6bff00a56ecd5c2e3931c39392f33cbcca4601c443
cmb_7eb75bddebec6af2ac06cbb1dd16,Phil 92- 44-0751,99- 1793,"Oct. 25, 2022",2022-10-25,ok,Cross combination.xlsx,Phil 92- 44-0751,F14,14,6,1836b700620b5c21e28153c5d4e7707fe4cff61e7ca9e496173afefd7b554e95
cmb_2238eea0908761c2c88cb41543e4,Phil 92- 44-0751,2015-56- 0455,"Oct. 25, 2022",2022-10-25,ok,Cross combination.xlsx,Phil 92- 44-0751,G14,14,7,841d69e202290a70d5a74fe8399a4fa0da01809d57e0e728aac1b268aefed994
cmb_998aec84b6cb9bd04531fecbb26d,Phil 92- 44-0751,2013- 22- 0249,"Oct. 25, 2022",2022-10-25,ok,Cross combination.xlsx,Phil 92- 44-0751,I14,14,9,c3d0a997911ef36fd50ebc940e94f9b40014999bcd27241210adc1e257431c51
cmb_ab7247a0971f0daa5391874cd2c8,Phil 92- 44-0751,2009- 0919,"Oct. 25, 2022",2022-10-25,ok,Cross combination.xlsx,Phil 92- 44-0751,K14,14,11,3f76233b57cdc8d596764e9d1733c872e3035505bb99ab6612ddcfc6d0b6d71b
cmb_8453ca0510ee1b63f65b7da3e3ff,Phil 92-75- 1091,VMC 74- 527,"Nov. 1, 2013",2013-11-01,ok,Cross combination.xlsx,Phil 92-75- 1091,B3,3,2,1faf4c76abd3ef712c3796101e301e59844756a1060cf479e76d22670ff23b1d
cmb_b4656ef5fe4e50709776c8cb5217,Phil 92-75- 1091,PSR 00- 343,"Nov. 1, 2013",2013-11-01,ok,Cross combination.xlsx,Phil 92-75- 1091,C3,3,3,81384768baf6d1894f4349dbb9ff767fa9effedd98073ba2b42ef93c51ee6b55
cmb_e51e432f3a0457fa1aac78e137e8,Phil 92-75- 1091,99- 1793,"Nov. 1, 2013",2013-11-01,ok,Cross combination.xlsx,Phil 92-75- 1091,D3,3,4,7dfd0781e26719736bb559d35e757f2d7744aa59f092c511789dff152b289387
cmb_66fcfb1fad33930c9042fb2d01c4,Phil 92-75- 1091,04 - 1011,"Nov. 1, 2013",2013-11-01,ok,Cross combination.xlsx,Phil 92-75- 1091,E3,3,5,3ff3b5c601aab48026fb27805de3d30a2cb343a93d17be43c9073b66be3e2f9f
cmb_8458dd2b52044d9d829f0f4a03d0,Phil 92-75- 1091,93- 2349,"Nov.10, 2015",2015-11-10,ok,Cross combination.xlsx,Phil 92-75- 1091,B4,4,2,2f800f6347b4e559f76b03186eb9a7d1de70e7499d43ea93aac30236a514301d
cmb_97784593f3b7934c9ef877e1a162,Phil 92-75- 1091,Q102,"Oct. 30, 2018",2018-10-30,ok,Cross combination.xlsx,Phil 92-75- 1091,B5,5,2,d7480ca6104f5dd3c2d5fd714050ae8959d78ba34044d436b48213c4c3395d1f
cmb_80e9de99b3cbd9365fd650dc15d3,Phil 92-75- 1091,07- 0653,"Oct. 22, 2021",2021-10-22,ok,Cross combination.xlsx,Phil 92-75- 1091,B6,6,2,f04955d28703fcbaf82b88e756d0de280b6a1e917b9e0794876432bcb3fba010
cmb_c795e2521f5a54edd6bf728316e1,Phil 92-75- 1091,09 - 1963,"Oct. 22, 2021",2021-10-22,ok,Cross combination.xlsx,Phil 92-75- 1091,C6,6,3,dca5e9522ceed4914e874292695c2e55c54be86343a780c085b75773c8476806
cmb_c105b88db95ac8c484f05156c31e,Phil 92-75- 1091,2006 - 1899,"Oct. 26, 2021",2021-10-26,ok,Cross combination.xlsx,Phil 92-75- 1091,B7,7,2,64b7e45e27276d19106a8358d35122ccf332673e1cc1462bcf244049c1645128
cmb_66a1134aeecea94ffbb450a4c720,Phil 92 -1237,99- 1793,"Nov.13 , 2019",2019-11-13,ok,Cross combination.xlsx,Phil 92 -1237,B3,3,2,cf822544cd06a4f0176e9058aae5365b5b6c62f662347893d1702329454e928b
cmb_011ea1ff0659d87417fb81eb78c0,Phil 92-149-1589,2000-2569,"Oct.19, 2012",2012-10-19,ok,Cross combination.xlsx,Phil 92-149-1589,B3,3,2,404da894b096e5bf24172b1db6ea9e073a23dc81efa9b0b285dd1fd8823e01f1
cmb_7dce1c0af1cf4697878c811dda0c,Phil 92-149-1589,2006-2299,"Oct.25, 2015",2015-10-25,ok,Cross combination.xlsx,Phil 92-149-1589,B4,4,2,a09b36c2dc9520b320be6bc86e29e3fdc581e980cdb6ee0d2f8824abff1c64b8
cmb_ca2a1ba37fd81801ef9ac217b4df,Phil 92-149-1589,90- 0345,"Oct.25, 2015",2015-10-25,ok,Cross combination.xlsx,Phil 92-149-1589,C4,4,3,e6af0a6d87281dd07e9840fbd39d105289b122036bf666bf3438e2c1c8702429
cmb_1e420342aa3022c9eb9111121d11,Phil 92-149-1589,93-2349,"Oct.25, 2015",2015-10-25,ok,Cross combination.xlsx,Phil 92-149-1589,D4,4,4,8c7b6b78a725bc9b9a4f47d386a23cb3d9acf463b446db8952d5494cd3dec753
cmb_49440d9b540d1902a00fa84bd0f5,Phil 92-149-1589,99-1793,"Nov. 2, 2017",2017-11-02,ok,Cross combination.xlsx,Phil 92-149-1589,B5,5,2,675c34a0f5d922325089c4d44b4dd213fdbe6e0073dd5b1de2b04c891fef4fde
cmb_4dbc5c699a97d35aefd0608e4588,Phil 92-149-1589,97- 0693,"Oct. 18, 2018",2018-10-18,ok,Cross combination.xlsx,Phil 92-149-1589,B6,6,2,34569d94405f41bd86e70a67ca93e2b42d5d4eee119a70bd175b9910e0ba7517
cmb_b008352d188da14e2f9762cba31b,Phil 92-149-1589,98- 3061,"Oct. 18, 2018",2018-10-18,ok,Cross combination.xlsx,Phil 92-149-1589,C6,6,3,d646027890cf14a2e7b315314ba24510a6bda08709c9143f5a23771ef7d156cf
cmb_85f454ffb8399ddc00588bbafe68,Phil 92-149-1589,93- 2349,"Oct. 18, 2018",2018-10-18,ok,Cross combination.xlsx,Phil 92-149-1589,D6,6,4,152d831715a6e0b1dcc72f1c39a63e62e132e2e7b02cf592b7393a603d325d97
cmb_b9c8d09e37302fb2a6fd9cac7e92,Phil 92-149-1589,09- 0035,"Oct. 21, 2021",2021-10-21,ok,Cross combination.xlsx,Phil 92-149-1589,B7,7,2,dceca33583d974f4d94c73be245fdf4f8307425ea3b9721f825282aae1372dc9
cmb_118443e54efff2f65cd408638948,Phil 92-149-1589,93- 2349,"Oct. 21, 2021",2021-10-21,ok,Cross combination.xlsx,Phil 92-149-1589,C7,7,3,16ddc3a145354561ea46771e74864b1f1b405636b5ba50cde0ed8221fc4a1791
cmb_e849d46c49227a47f6b4c3e5d7d6,Phil 92-149-1589,92- 41 - 0727,"Oct. 21, 2021",2021-10-21,ok,Cross combination.xlsx,Phil 92-149-1589,D7,7,4,95959bc7cdd3c0b1a6ad1e399a1a22a401272dbf85ccd19f157e9f8a1ad5f2c9
cmb_72dbb952896349d09efae364986b,Phil 92-149-1589,91- 138 -0985,"Oct. 21, 2021",2021-10-21,ok,Cross combination.xlsx,Phil 92-149-1589,E7,7,5,c2ea0819f9147d18791ef98b04b6a65ca3e81373b8866f785c95f7def7970db5
cmb_1fc07abf870ce900386c2fa8e32e,Phil 92-149-1589,2010- 0149,"Oct. 21, 2021",2021-10-21,ok,Cross combination.xlsx,Phil 92-149-1589,F7,7,6,161ae7781324a242075e573933896bff1c7895604f6e5aaec741dc152cd571c7
cmb_593d56d5992faa63bd6b328b4148,Phil 92-149-1589,25447,"Oct. 21, 2021",2021-10-21,ok,Cross combination.xlsx,Phil 92-149-1589,G7,7,7,f99396c2cfeaf956022d00d703ec6ff7a8615749b06b5a2d9c02df9eba8a9f8b
cmb_92f0e58bd7c1454bc92dad0d2abc,Phil 92-245-2025,09-2-0035,"Oct. 21 , 2021",2021-10-21,ok,Cross combination.xlsx,Phil 92-245-2025,B3,3,2,018992855bc9ef34957e88944c7988bae51c4baa55934be7da4deec3dfcb7ac9
cmb_4459f1a88a2c469d6d173f1d4041,Phil 92-245-2025,92-75-1091,"Oct. 21 , 2021",2021-10-21,ok,Cross combination.xlsx,Phil 92-245-2025,C3,3,3,ef6cec732309712fab61f1a4bfe86735578a78dac64e8421fd78f8790d34cba2
cmb_17b8c45ff50f790f034f14ad1380,Phil 92-245-2025,2010-0149,"Oct. 21 , 2021",2021-10-21,ok,Cross combination.xlsx,Phil 92-245-2025,D3,3,4,a3916686a69dcdcb5f6296dfedd8b423cbe9fdc4f126c572e9caf149aea61fa4
cmb_dccbdd576ea2e5adf83813a1edc0,Phil 93- 123- 1373,99-1793,,,missing,Cross combination.xlsx,Phil 93- 123- 1373,B3,3,2,dce5c31ec9fdbe4dc6b59d2e97eca2f322a03b45d69019bdbd63d42878e2c8d5
cmb_e6f8f4ec6c9ec7fc0b72221c9ae4,Phil 93- 123- 1373,04-1011,,,missing,Cross combination.xlsx,Phil 93- 123- 1373,C3,3,3,f28039b64cdca7b9f37db84af03e4bf3947219f22491793a760ca541bdd75e0a
cmb_643dd6f7676c6de098b416b1ec0c,Phil 93- 65-0775,97 - 3501,"Oct. 27, 2012",2012-10-27,ok,Cross combination.xlsx,Phil 93- 65-0775,B3,3,2,466b1e20eb7129701137211744016394dc78c88a0fac9ee3bc4d9a6b2a5edc26
cmb_73bed3651d153b2cdf1b7712f37d,Phil 93- 65-0775,98- 2127,"Oct. 27, 2012",2012-10-27,ok,Cross combination.xlsx,Phil 93- 65-0775,C3,3,3,38b8089763a5ed487ba20c48e82f44d8692627695a4f1f71e40246a9ad26c439
cmb_86d1b07ccc56b6dc8199143e10b0,Phil 93- 65-0775,99- 1973,"Oct. 31, 2013",2013-10-31,ok,Cross combination.xlsx,Phil 93- 65-0775,B4,4,2,93e1115937c95c9b1effca1859d481617b4426e39769bba0a68870520a238dc2
cmb_9dad4e00c1aca9ac64eaf2b52212,Phil 93- 65-0775,93-2349,"Oct. 28, 2014",2014-10-28,ok,Cross combination.xlsx,Phil 93- 65-0775,B5,5,2,fdac5ffaad172ba25901b0743a566c4f84edcd154b6fb2dd4b339c271cfbcf0e
cmb_bb0fe4a1b1cb6a1e174f71ce45fe,Phil 93- 65-0775,04-1011,"Oct. 28, 2014",2014-10-28,ok,Cross combination.xlsx,Phil 93- 65-0775,C5,5,3,2c50845abe9b38c6ddfacea2470c517f29b0dfad4350ca20e091724887944752
cmb_7340239f76c8aecb72870b863e2f,Phil 93- 65-0775,00-2569,"Oct. 28, 2014",2014-10-28,ok,Cross combination.xlsx,Phil 93- 65-0775,D5,5,4,13d1a2ad71fd0c86ede4005b71dd1f55a8f247d404f8598a2e4554ed8cfe0657
cmb_a9bb3c37e83b26862a99f79f8b7f,Phil 93- 65-0775,91-1091,"Oct. 28, 2014",2014-10-28,ok,Cross combination.xlsx,Phil 93- 65-0775,E5,5,5,177b3cbb921df2dd6060c57ba1adb674a9138e0ffe51bc84d1e4250ec6026a18
cmb_d31d17fa920eb2d11b33d4f14d30,Phil 93- 65-0775,88-1691,"Nov. 3, 2015",2015-11-03,ok,Cross combination.xlsx,Phil 93- 65-0775,B6,6,2,ff04422e70ded9a1b12a482b5a85aab631e535364175757edb92b7738228466c
cmb_7d66300f45899e9eadb11ca9bb51,Phil 93- 65-0775,97-2041,"Nov. 3, 2015",2015-11-03,ok,Cross combination.xlsx,Phil 93- 65-0775,C6,6,3,510ebc0339f8b045dbc681eebe7fd151c5cc398668d2dc037fbf50467d4d10ec
cmb_4f519e4420f09c03d6cec804c427,Phil 93- 65-0775,97-3501,"Nov. 3, 2015",2015-11-03,ok,Cross combination.xlsx,Phil 93- 65-0775,D6,6,4,020c8284557c4e2775f926a86219c071f0fe7a7f9b8ca9d3893a757512887fd2
cmb_ddaac8705208bd0773a4d33ed0a6,Phil 93- 65-0775,90- 0567,"Nov. 3, 2015",2015-11-03,ok,Cross combination.xlsx,Phil 93- 65-0775,E6,6,5,edc71d87ead785612f7e1f419e64ea8034aafa8c5e7dfebfb4b7534dce47811f
cmb_ed363c08307359085bd294e46be3,Phil 93- 65-0775,99- 1793,"Nov. 8, 2017",2017-11-08,ok,Cross combination.xlsx,Phil 93- 65-0775,B7,7,2,afd5b8f087165a855206a1fc1aadb71ff475364095625202f9880378133a1da5
cmb_e5f7dfe8fadf6d8887caa6205735,Phil 93- 65-0775,93-2349,"Oct. 22, 2018",2018-10-22,ok,Cross combination.xlsx,Phil 93- 65-0775,B8,8,2,d9cda4ab545c933c43cb463f80a31c7d11bdf585d15da9a17d018e8ebe3b7676
cmb_6b3eb644d6a7b4f4f96b58b2375f,Phil 93- 65-0775,04-1011,"Oct. 22, 2018",2018-10-22,ok,Cross combination.xlsx,Phil 93- 65-0775,C8,8,3,80296634a70f875435956b4e2651304e1c0e216f36e1e401146e983b2608f8d7
cmb_be82dee0b2ddc23b42cdcc57114a,Phil 93- 65-0775,93-1207,"Oct. 29,2019",2026-10-29,ok,Cross combination.xlsx,Phil 93- 65-0775,B9,9,2,43f0c46f41f41930c74d161e50e6656e4694598979176c449bc0a7e20d748ea2
cmb_48069cd44802aa82f42e330cf0fb,Phil 93- 65-0775,99-1793,"Nov.1, 2019",2019-11-01,ok,Cross combination.xlsx,Phil 93- 65-0775,B10,10,2,1d3933f859956f8c6cd32dc42ae9f00f1198c2220cb84069d5515519ba7d527b
cmb_94b8cd6dcdc10636c6da83a06ae9,Phil 93- 65-0775,Q102,"Nov.2, 2019",2019-11-02,ok,Cross combination.xlsx,Phil 93- 65-0775,B11,11,2,bab033743c3c2c7831aeab4dec212bc9295917ccd4402bf7091ca92637187739
cmb_f2c27f96ce12d7fb069483c6ad60,Phil 93- 65-0775,97-4435,"Nov.4, 2020",2020-11-04,ok,Cross combination.xlsx,Phil 93- 65-0775,B12,12,2,8bf81ae3e79381bdd0415aaec86884a77adbaed8280817b91a9c21743fdf881b
cmb_9f6ea6b8460b33ab67c9acbb6b9a,Phil 93-123-1293,89- 0455-8829,"Oct. 28,2012",2026-10-28,ok,Cross combination.xlsx,Phil 93-123-1293,B3,3,2,c06ec67a4e9353547c3db3b9372e8da95c632503e9f1b9b316ef8e8c9e7ab3cb
cmb_a69fae3f2ee185139d332a499ef5,Phil 93-123-1293,99- 1793,"Oct. 28,2012",2026-10-28,ok,Cross combination.xlsx,Phil 93-123-1293,C3,3,3,a687b4b6fe05bda6030c80fc0d994e3a266e67981c891e578be15073ab13c846
cmb_a5a23cdbc17c0c9fa8f0eed5f252,Phil 93-123-1293,04-1011,"Oct. 28,2012",2026-10-28,ok,Cross combination.xlsx,Phil 93-123-1293,D3,3,4,753b25134935d87fc21646594bcf0b44666ebe74f07aaeedb0d3ec819534c5c0
cmb_f5409b988ff2b809f3abfcbb05ee,Phil 93-123-1293,00-2569,"Oct. 21, 2013",2013-10-21,ok,Cross combination.xlsx,Phil 93-123-1293,B4,4,2,83af08e1df60b59881e89e92fa7bb5b9302086d91b19a8dffc72c887f6f1eb53
cmb_344911f04408c4b974b6831b517e,Phil 93-123-1293,VMC 90-239,"Oct. 25, 2014",2014-10-25,ok,Cross combination.xlsx,Phil 93-123-1293,B5,5,2,ee0c2253288e20d77ec6934e82fc97578fb072d67e4ed43bfbc22c8b77cd17c3
cmb_8182b7e20a2e4201871f07e07e22,Phil 93-123-1293,85-4345,"Oct. 25, 2014",2014-10-25,ok,Cross combination.xlsx,Phil 93-123-1293,C5,5,3,0305b2206a95b7a2a878e7deb57004f3fa56ccbb9e2bb840fab76eaa5dffbb04
cmb_ecec555b1d58ea7f523c6415c0a9,Phil 93-123-1293,90- 0085,"Nov.2, 2015",2015-11-02,ok,Cross combination.xlsx,Phil 93-123-1293,B6,6,2,d7e93e44aa66440502c5bf69d36cbc4d9b9acd9d80a8ead1763cde6ae1c7d034
cmb_dc93d608c8d112848f4c6dab7060,Phil 93-123-1293,04- 1011,"Nov.4, 2016",2016-11-04,ok,Cross combination.xlsx,Phil 93-123-1293,B7,7,2,ed387c87bbb2ea551499c4d52070d9009c64c421c5fae2ea396bb7ecdb00abaf
cmb_cf419146bf604d16e823d847b1ba,Phil 93-123-1293,97- 3501,"Nov.4, 2016",2016-11-04,ok,Cross combination.xlsx,Phil 93-123-1293,C7,7,3,aad611f2e5c29b73b1e4839c2202220168a53dda5b5ed0af99c2b55c618109e9
cmb_35d40a7e25c8b706678e2c70b81f,Phil 93- 118-1207,88- 1691,"Oct. 26, 2012",2012-10-26,ok,Cross combination.xlsx,Phil 93- 118-1207,B3,3,2,284ee73e0e45f450faba20c1fcd2eacf6f920fdfb6d76183b2b7947962503e68
cmb_dc2efbf5604155598abe93f37df7,Phil 93- 118-1207,86-1119,"Nov. 1,2015",2015-11-01,ok,Cross combination.xlsx,Phil 93- 118-1207,B4,4,2,4e4031de89a5a58254808156c0d0eaaa9486e8c4b1620cadcae43c27f544289e
cmb_d43976c0d88a765db7c2c535df76,Phil 93- 118-1207,97-2041,"Nov. 1,2015",2015-11-01,ok,Cross combination.xlsx,Phil 93- 118-1207,C4,4,3,5d8fb8bf002786feba36dbf6b513e917b33b1b48f227c2ef3def493c52f221c7
cmb_0216280cd6a08e1e24e5c72e973e,Phil 93- 118-1207,04-1011,"Nov. 1,2015",2015-11-01,ok,Cross combination.xlsx,Phil 93- 118-1207,D4,4,4,a0aba37efb3f59516b747512175ad49aaf9fff1f11c6f0b6ea10399a30f88a20
cmb_b07412edc63b3c3b4bd464cb3f38,Phil 93- 118-1207,99-1793,"Nov. 1,2015",2015-11-01,ok,Cross combination.xlsx,Phil 93- 118-1207,E4,4,5,4bb87c9fbea66458f437922fdcd62f70278af084a47fa5fef6938cbe3753fcde
cmb_1b07b80485044ba06676ff7ca977,Phil 93- 118-1207,8583,"Oct. 27, 2016",2016-10-27,ok,Cross combination.xlsx,Phil 93- 118-1207,B5,5,2,f91e1d34b93c2005c2f528f6bd8960d702b558afcf3a80edbee7fb8887fbdd70
cmb_5881e9b1f5866d5822955bc453de,Phil 93- 118-1207,97-0693,"Oct. 27, 2016",2016-10-27,ok,Cross combination.xlsx,Phil 93- 118-1207,C5,5,3,af3b5ea54d0b41b005f1ffc1ee038e82f6ef84b3d7e284aea2f8616419bd175f
cmb_e495a8cbd10028424289aaa47bf5,Phil 93- 118-1207,98-3061,"Oct. 27, 2016",2016-10-27,ok,Cross combination.xlsx,Phil 93- 118-1207,D5,5,4,bc768bb37b9eb12054bc00595ce0db55e0ea47df166cd385a0a3e61fecd9dbeb
cmb_d4191bfcb1597da2f57be7561c5b,Phil 93- 118-1207,91-1091,"Oct. 27, 2016",2016-10-27,ok,Cross combination.xlsx,Phil 93- 118-1207,E5,5,5,758fd8ea8f19c10d7d0206f8429887bc9f614ff5345ced648d2224382ae43315
cmb_c640e5786b63e9143bc533997266,Phil 93- 118-1207,97-3161,"Oct. 27, 2016",2016-10-27,ok,Cross combination.xlsx,Phil 93- 118-1207,F5,5,6,d1c1bf000cc90898d031d9c82ec67030ed8ffda547bda45d9966d48e8a92bb94
cmb_250cfc71859482e7449e81c8a4a9,Phil 93- 118-1207,09-0097,"Nov. 1, 2017",2017-11-01,ok,Cross combination.xlsx,Phil 93- 118-1207,B6,6,2,492a3fe91cbf8afe60b9a9ab90ad24c6525a6dd6ebeb8745f7328554c3a071f8
cmb_bfa6831c643fbacef878ad6443ac,Phil 93- 118-1207,93-2349,"Nov. 1, 2017",2017-11-01,ok,Cross combination.xlsx,Phil 93- 118-1207,C6,6,3,65a6bac5fa40a587c34f9d49b76e8c6680b79d66a83a9a342081ec8edc092dcf
cmb_2e83ded733fe1747dbca170f02b0,Phil 93- 118-1207,93-2349,"Oct. 24, 2018",2018-10-24,ok,Cross combination.xlsx,Phil 93- 118-1207,B7,7,2,26e345e9e8533f67cac729798bcc0eb1f8337ed8e19a2be727bc639082e506e8
cmb_fd40f07031f8ed4e63deaf206a36,Phil 93- 118-1207,04-0827,"Oct. 24, 2018",2018-10-24,ok,Cross combination.xlsx,Phil 93- 118-1207,C7,7,3,6b40ceb1053e84622bf91aa6387be176dbc2ead1555603835e22fcc405af5bd9
cmb_935620c29aaa3d813d67e5da7f18,Phil 93- 118-1207,97-0693,"Oct. 25, 2019",2019-10-25,ok,Cross combination.xlsx,Phil 93- 118-1207,B8,8,2,38826d0555ca17bb19b261d4f944fd11958d8f4331159ef5422527df46893444
cmb_dddb26bb663500d71f424673b12b,Phil 93- 118-1207,99-1793,"Oct. 30, 2019",2019-10-30,ok,Cross combination.xlsx,Phil 93- 118-1207,B9,9,2,c8ed8f71765b3f4ef5e8f93ebf0701c1807c875381679f460bea848ff74abbac
cmb_5ecea8e0e784baf5aacb3d4e1b21,Phil 93- 118-1207,90-85-0345,"Nov.2, 2019",2019-11-02,ok,Cross combination.xlsx,Phil 93- 118-1207,B10,10,2,0d886d957fa701241af2196b3cfe722691baa9acbcab2074ec0bfbfd81d26bc9
cmb_16e611cd46954404c9c1e061f39c,Phil 93- 118-1207,7115,"Nov. 4,2020",2020-11-04,ok,Cross combination.xlsx,Phil 93- 118-1207,B11,11,2,977ff5aea8193156be24524b9604bfac488552220b99f7eadc2deca251f027ea
cmb_896e68c1425c4285b9a02adb7180,Phil 93- 118-1207,97-0693,"Nov. 4,2020",2020-11-04,ok,Cross combination.xlsx,Phil 93- 118-1207,C11,11,3,e1e3454d79d8de8fab020268a29a633669e0f129ee447b937ff20411971928c2
cmb_2ee172eaeda4936461989a7a658c,Phil 93- 118-1207,08-0909,"Nov.4,2021",2021-11-04,ok,Cross combination.xlsx,Phil 93- 118-1207,B12,12,2,5aef0968599ae2e92de768d8b98064c72d7bd8963f16d28d00c73b6090121842
cmb_1817e8cdfcf52e9e6af63f758634,Phil 93- 118-1207,2010-0149,"Oct. 27, 2022",2022-10-27,ok,Cross combination.xlsx,Phil 93- 118-1207,B13,13,2,8219c491ac99040cd7965b603db228c50a769c76f9731894a28a869003ba6c69
cmb_b6487c7a7387ec86a7c19e0032f8,Phil 93- 118-1207,2006-1899,"Oct. 27, 2022",2022-10-27,ok,Cross combination.xlsx,Phil 93- 118-1207,C13,13,3,f7e66d5b9b2ff8fd2dadc2625a317a3d587d56caf5f938565d3faa528d21c20c
cmb_d67dcc2879153cd7a215b2bfcd89,Phil 93-143-1597,93-2349,"Oct. 16,2012",2026-10-16,ok,Cross combination.xlsx,Phil 93-143-1597,B3,3,2,34d8fab7e6a9d54e31bbe37ff2764510a1fc2adc917e5a8493d19364aee7bf56
cmb_892cb51b1ef13cc845f0215f2426,Phil 93- 1601,2010 - 0149,"Oct. 26, 2021",2021-10-26,ok,Cross combination.xlsx,Phil 93- 1601,B3,3,2,08490becbea059585af81ebf136394daf61eea464c21a6b7c47466222c5f6055
cmb_5f34ab9b3fc8b4b85e502f7e0797,Phil 93- 68-0867,98-0255,"Nov. 4, 2020",2020-11-04,ok,Cross combination.xlsx,Phil 93- 68-0867,B3,3,2,4d56288bf4b552645160a618d233fda19757ac258ec2ea8c7291ddcd6274df71
cmb_144fcb9156e58a8d7f0630a3551a,Phil 93- 68-0867,2006-1899,"Nov. 2, 2021",2021-11-02,ok,Cross combination.xlsx,Phil 93- 68-0867,B4,4,2,a200c639676fa0016657fedb3f6b14b0b096ac44f09239a2c605ab7ebc794c8f
cmb_e6de01bf7437efa5f7674d52b1c2,Phil 93- 68-0867,2010-0149,"Oct. 23,2022",2026-10-23,ok,Cross combination.xlsx,Phil 93- 68-0867,B5,5,2,1e86bb012a4fbf41dc083a7273cf56c97f786272b52cfc3d563a1e9f2abf8dd7
cmb_8c7de6f6e0dd2df656f1a0404a85,Phil 93- 68-0867,2000-2569,"Oct. 23,2022",2026-10-23,ok,Cross combination.xlsx,Phil 93- 68-0867,C5,5,3,2e11504ba2452292afc9349f491c92dfcdadd11b9542dfb12191f00aa7197c05
cmb_1f4043f03d787bb4daffcc3f359d,Phil 93- 68-0867,99-1793,"Oct. 23,2022",2026-10-23,ok,Cross combination.xlsx,Phil 93- 68-0867,D5,5,4,0620699ffde767927e14529f8b5a4f5a914032b506db4555c2ce40870a2193d1
cmb_c206ef559fdd65e92b36a88b7669,Phil 93-190-2349,2000-0601,"Oct.16,2012",2012-10-16,ok,Cross combination.xlsx,Phil 93-190-2349,B3,3,2,12ea8ca10b6106edca009ce4cf510a129558efaad62b73e52b2ceb5ea490a5f1
cmb_a703f5f8a53bdc716691669211bc,Phil 93-190-2349,03-0933,"Oct.16,2012",2012-10-16,ok,Cross combination.xlsx,Phil 93-190-2349,C3,3,3,a97ad627faa41610cb407c4dac712f4d4d169f687fba7f7b78067ae3fa13e280
cmb_01a6e652c48d00dd512512504a0f,Phil 93-190-2349,2000-0627,"Oct.16,2012",2012-10-16,ok,Cross combination.xlsx,Phil 93-190-2349,D3,3,4,c3fcc20e2dfb23b0a60bf56306912ae31fc1c58ed7d2ae48b0b30c02f3ed749b
cmb_99299c5558846f262caf7a447060,Phil 93-190-2349,2000-2569,"Oct.16,2012",2012-10-16,ok,Cross combination.xlsx,Phil 93-190-2349,E3,3,5,ec1ed367df30a7b0e62c2a3463a69f23f421396d0a6910f627a2afde2fbdc97b
cmb_30bf40237e8d5e1c318f33256b6e,Phil 93-190-2349,97-2339,"Oct.16,2012",2012-10-16,ok,Cross combination.xlsx,Phil 93-190-2349,F3,3,6,9553b509b051cfc9a0ecc37eac3861e989077e868225afa01aa8bda96ab2bb81
cmb_8973589bc11f70eb9ec3473349ba,Phil 93-190-2349,97-3161,"Oct.16,2012",2012-10-16,ok,Cross combination.xlsx,Phil 93-190-2349,G3,3,7,b25e3a7fe2c52cbfe0b4d306279419812da82055862e73e9c5e7324e6a117b57
cmb_2b1d8c3c64d45488aae74c4c9a93,Phil 93-190-2349,98-2137,"Oct.16,2012",2012-10-16,ok,Cross combination.xlsx,Phil 93-190-2349,H3,3,8,d862f1e0676925f558ff705ca45115872dfae5bd489ce73e888f95dae64f3a84
cmb_94328058dbedd25ec0d935e3ee4d,Phil 93-190-2349,91-1217,"Oct.17,2013",2013-10-17,ok,Cross combination.xlsx,Phil 93-190-2349,B4,4,2,da5a51ac402a2c100132bafbe5a4f7b28ac91354e8daeab471e7d5838b7ae243
cmb_093d74014ee2a7df56ba8aa71231,Phil 93-190-2349,01-0295,"Oct.17,2013",2013-10-17,ok,Cross combination.xlsx,Phil 93-190-2349,C4,4,3,a701beac55fe2aae59d05ed18520f9a410562f3f646a4dfd78889d0693551c6e
cmb_7ede4fde40de563a8392315dace0,Phil 93-190-2349,91-0707,"Oct.17,2013",2013-10-17,ok,Cross combination.xlsx,Phil 93-190-2349,D4,4,4,66efb3aeaa0dcb9cfd70030c6398e1152d106dcf33219937f300c237f31b1b06
cmb_cfaf1a2a43290465486e5a8321f0,Phil 93-190-2349,2005-1197,"Oct.23,2014",2014-10-23,ok,Cross combination.xlsx,Phil 93-190-2349,B5,5,2,b76cff6a8498b4dfd9a5133b21d2cbd1d469d0aec5285e4b1560fd7beb68a5a0
cmb_9a0ea7b3cbe35950b4c27fdcb395,Phil 93-190-2349,99-1793,"Oct.23,2014",2014-10-23,ok,Cross combination.xlsx,Phil 93-190-2349,C5,5,3,9ab40bbe3a97f2785786b0afd7f71720d52e647287e7c452cf790304bbe04159
cmb_0c4dbb08f218701938a6f362a8b3,Phil 93-190-2349,97-0693,"Oct.23,2014",2014-10-23,ok,Cross combination.xlsx,Phil 93-190-2349,D5,5,4,7df1a886cabcd94424f744036379b334e683714de6d372b364e596fd1046ca4a
cmb_95ea04abf369062d95dd8b367385,Phil 93-190-2349,2005-1197,"Oct.23,2014",2014-10-23,ok,Cross combination.xlsx,Phil 93-190-2349,E5,5,5,ef250f8b641502cb16e3508adb4beacd19d61e3ec699171390e248337c4ba13c
cmb_3d48b0878f602a5bb4bfdedbea37,Phil 93-190-2349,2003-1389,"Oct.23,2014",2014-10-23,ok,Cross combination.xlsx,Phil 93-190-2349,F5,5,6,3a9118745ce7a726bbff16103bb585a61a5c063ffde8550584f7573bc3d5a950
cmb_3e94f28077f5a0e25e8aaa3a7eff,Phil 93-190-2349,99-2641,"Oct.23,2014",2014-10-23,ok,Cross combination.xlsx,Phil 93-190-2349,G5,5,7,6b5feff1ec3b7605ee1c7242f1af01a1f2742fc25fdaf7b1c7980be54a91d46b
cmb_2159f791c068a358c5484e727da2,Phil 93-190-2349,94-0913,"Oct.23,2014",2014-10-23,ok,Cross combination.xlsx,Phil 93-190-2349,H5,5,8,5a679785038fa5767556da41bf69a67d3a7cae7cbfe77d0972a8ce5b5056fa44
cmb_fafed12d7f83d1578d888d500000,Phil 93-190-2349,97-0693,"Oct.21, 2018",2018-10-21,ok,Cross combination.xlsx,Phil 93-190-2349,B6,6,2,5b7e176617fe8d4161fa51cca051233d0849dcce34848ec158cc0cb35854eeae
cmb_85e8deee371b8f55ba8a0bb2d25b,Phil 93-190-2349,99-1793,"Oct.31, 2019",2019-10-31,ok,Cross combination.xlsx,Phil 93-190-2349,B7,7,2,b555e5c9330f95ed3feee7804a47757f2921cf20f03b87f1fc7c7f2234f7682e
cmb_8b8c4c7108060ef421e37b5c92b6,Phil 93-190-2349,85-4345,"Oct.27, 2020",2020-10-27,ok,Cross combination.xlsx,Phil 93-190-2349,B8,8,2,ea7a0c5b964e6ec5694c30232dee640037aec3aec47c491be788ff7ad98d32ef
cmb_71398cb8aa6e27d28c2f6828baa5,Phil 93-190-2349,92-0535,"Oct.27, 2020",2020-10-27,ok,Cross combination.xlsx,Phil 93-190-2349,C8,8,3,dbeac55032d16ed21e8dd03d733f041026617903bb0014911fdeb9e5ff62cbb5
cmb_b5aa4c35356ad19a5bd800be216f,Phil 93-190-2349,97-3041,"Oct.27, 2020",2020-10-27,ok,Cross combination.xlsx,Phil 93-190-2349,D8,8,4,01bcb5a186823276db9c3f3569a5c9d99179e1e811503de4595bba5893d85306
cmb_64d82d7901390b7df2c5f55ff70e,Phil 93-190-2349,2014-0013,"Oct.19, 2022",2022-10-19,ok,Cross combination.xlsx,Phil 93-190-2349,B9,9,2,fb5951f6f1e55722b07638940178f4549917cb9f6105af819d1d3f710a099a41
cmb_e3683e6fb11820f837a6bafb2115,Phil 93-190-2349,2006-1899,"Oct.19, 2022",2022-10-19,ok,Cross combination.xlsx,Phil 93-190-2349,C9,9,3,752a081f719a2a321ab2181536121d0c2fab5a773611c37acf50b12c9e5add48
cmb_473dc6f313f9ecf87b36de020281,Phil 93-227-3155,2009-1969,"Nov. 5, 2021",2021-11-05,ok,Cross combination.xlsx,Phil 93-227-3155,B3,3,2,62c30575cd232259564fa2d555f4c8330be0228ed4f62de9e1547e2d053bef44
cmb_78b4f7e576fa4f619349eab1707a,Phil 93-227-3155,2009-0919,"Nov.9, 2022",2022-11-09,ok,Cross combination.xlsx,Phil 93-227-3155,B4,4,2,28ebb6c7f4ecd7f85d95042730de93803689180ae0eb55f3ec32cdfa7496148b
cmb_5783415366978a60c142772eeaac,Phil 93-236-3301,PSR,"Nov.5,2012",2012-11-05,ok,Cross combination.xlsx,Phil 93-236-3301,B3,3,2,c02184c8827db7cfb64a67128186ef3d01bd619baa29fe6da196dda7c95e8e35
cmb_5fe49a32dcc2c50bcb4e425bb459,Phil 93-236-3301,200-343,"Nov.5,2012",2012-11-05,ok,Cross combination.xlsx,Phil 93-236-3301,C3,3,3,c675fc9bfea9e86fc4b741a8bd761dadf38b19e1ae70ce378c54e43129ce98f0
cmb_cfde185cef466b058a13b36adaf1,Phil 93-236-3301,99-2641,"Nov.5,2012",2012-11-05,ok,Cross combination.xlsx,Phil 93-236-3301,D3,3,4,41d276951a8e28e2640c372031eb4ad2e28fb4f2fc63675e190fb4290f90475e
cmb_1b81147240ddf83b3bbfab27bdc0,Phil 93-236-3301,04-1011,"Nov.5,2012",2012-11-05,ok,Cross combination.xlsx,Phil 93-236-3301,E3,3,5,cb57a354026d1595c8b6077ff32a16a4d18ccf986623917b38a4e61dc893dad0
cmb_0d68072398072e6bad7358fc197a,Phil 93-236-3301,97-0687,"Nov.5,2012",2012-11-05,ok,Cross combination.xlsx,Phil 93-236-3301,F3,3,6,208e3c44900126c40a1e2e737f43e9df42e79ef84132d19de36857463519505c
cmb_a135ff055ffa64e67a895a9dbc0d,Phil 93-236-3301,97-3933,"Nov.5,2012",2012-11-05,ok,Cross combination.xlsx,Phil 93-236-3301,G3,3,7,4dd4ff529c447c0e57d76515d16281d344e6a07c51195dc8b76f82cec677efec
cmb_78c5e95e1a005a0e661599537f3b,Phil 93-236-3301,6607,"Oct.30,2013",2013-10-30,ok,Cross combination.xlsx,Phil 93-236-3301,B4,4,2,a268f3559383cc054b49db9f87d070a8850c58e36b814694aa35c633d01191bb
cmb_8d84325b2ce3f3ead01131f4adec,Phil 93-236-3301,93-2349,"Oct.30,2013",2013-10-30,ok,Cross combination.xlsx,Phil 93-236-3301,C4,4,3,3ec8a81fd7f97b31c86ff6c6458835d16e2ae752aa6c2355dd498c8a3616bb25
cmb_8c87c8036126f2950f15a4cbaab5,Phil 93-236-3301,92-0577,"Oct.30,2013",2013-10-30,ok,Cross combination.xlsx,Phil 93-236-3301,D4,4,4,e9e4adf7a979e654afdd288493d8e594ed4a69bd9901d84043d605ff5c30e985
cmb_3550186796e36550e18eb78724c9,Phil 93-236-3301,06-2191,"Oct.30,2013",2013-10-30,ok,Cross combination.xlsx,Phil 93-236-3301,E4,4,5,64ca7bdfba190d850915f9be5413b09a5c94a7bc78c066909b01150f857fc184
cmb_bc9f6e54975824b32d6a6969e6ba,Phil 93-236-3301,99-1427,"Oct.30,2013",2013-10-30,ok,Cross combination.xlsx,Phil 93-236-3301,F4,4,6,efe791b7987e6c706657f2aaa1b6dabc77821902970496d69a118c57bbbf8b62
cmb_b55237cbb2b4efbd2e05d478636b,Phil 93-236-3301,05-1197,"Nov.9,2014",2014-11-09,ok,Cross combination.xlsx,Phil 93-236-3301,B5,5,2,a066b72cb7f53bdb7693084ffe616a7b774de2c2bf623f1f2b9451c1636cad3c
cmb_6fb3d7b93db1d542cdc2e142da1c,Phil 93-236-3301,94-0913,"Nov.9,2014",2014-11-09,ok,Cross combination.xlsx,Phil 93-236-3301,C5,5,3,ddd7dbe180a5786cde58423740dbad4810307ff53d8eb2b8ea2765178125e791
cmb_96cba4a1767942931e73321d1bd2,Phil 93-236-3301,07-0409,"Nov.9,2014",2014-11-09,ok,Cross combination.xlsx,Phil 93-236-3301,D5,5,4,1159e1b8e4de8454e09097c3d50579c229d3e04eb4eb431c38eb46246af6abd3
cmb_57a66ac85da6d46a6f616e0557df,Phil 93-236-3301,91-0661,"Nov.18,2015",2015-11-18,ok,Cross combination.xlsx,Phil 93-236-3301,B6,6,2,95dcd0045f5949e8815f0b03871ebd427f1f5c37365e07dd980740e3ecc1ae00
cmb_06d0c3f01d9960db7ebb69ca3aa1,Phil 93-236-3301,8923,"Nov.11,2016",2016-11-11,ok,Cross combination.xlsx,Phil 93-236-3301,B7,7,2,f80e98e4fc52fa0ac9a936e31e88316d049a39ff246e2497c4f43412d52ea890
cmb_915c61f9c862d71be8e266584029,Phil 93-236-3301,90-0049,"Nov.11,2016",2016-11-11,ok,Cross combination.xlsx,Phil 93-236-3301,C7,7,3,685322db9cc6901943c4612e903c685152c03a55ed2423bc876dd8ab93a64495
cmb_0d36bf3c12e055521f60cbe52b54,Phil 93-236-3301,2004-1011,"Nov.11,2016",2016-11-11,ok,Cross combination.xlsx,Phil 93-236-3301,D7,7,4,6350e961e35af987261eb5ee9878613212ff7329f37874a3d5bb16d65280f2ac
cmb_9c5bbbd0a68a67bdf718ba847f45,Phil 93-236-3301,06-1899,"Nov.10,2019",2019-11-10,ok,Cross combination.xlsx,Phil 93-236-3301,B8,8,2,68e01acb9192656a5eb0d29c3beb121fb859bae307a185846ba9b27a1b94d522
cmb_bf86c424f59667460f191bf820e0,Phil 93-236-3301,91-0661,"Nov.10,2019",2019-11-10,ok,Cross combination.xlsx,Phil 93-236-3301,C8,8,3,172ecd5a3c206d206adea2074dbf6ee0fe87154ae8e638c9b9837a72d847f976
cmb_0dfe5ecff248f3839255379d1d72,Phil 93-236-3301,2010-0149,"Nov.8,2022",2022-11-08,ok,Cross combination.xlsx,Phil 93-236-3301,B9,9,2,2fe41e82a2fcac6f74d77d1809d2920a5236a5f6a3ba5b1d884edd78d55a2ba8
cmb_6016ae58e56157cda93358bff6ee,Phil 93-275-3727,99-1793,"Oct.29,2013",2013-10-29,ok,Cross combination.xlsx,Phil 93-275-3727,B3,3,2,7ec9d1700c28f7c6fba0850142d2f90e3b686f77992d76759270028603bc878d
cmb_6d04a4c299a8f8f4b0ba3ef7a5a5,Phil 93-275-3727,2004-1011,"Nov.16,2014",2014-11-16,ok,Cross combination.xlsx,Phil 93-275-3727,B4,4,2,7ebb298021045636cf3d2f8a130da8c3acf8a72ae312654e6f3c8714a695401e
cmb_987d4aeeb815b361ed8d5c3fa719,Phil 93-275-3727,97-3501,"Nov.3,2019",2019-11-03,ok,Cross combination.xlsx,Phil 93-275-3727,B5,5,2,346a1dd6f49e477e958efba49dfb73cd7a856983333c4b17da3bcef1ed31fa7b
cmb_000d34b0d7f8d5f97643c5c6a312,Phil 93-275-3727,99-1793,"Nov.3,2019",2019-11-03,ok,Cross combination.xlsx,Phil 93-275-3727,C5,5,3,e0444098c6e19655d3151433b723c113f1e0779bcee234fff218507626918111
cmb_723a7c1905621a5d215215600c96,Phil 93-283-3849,6607,"Nov.5,2013",2013-11-05,ok,Cross combination.xlsx,Phil 93-283-3849,B3,3,2,26756e318b304de2f9e0b3a4e2b6fab831ab8598768757d0f02622e473ed608e
cmb_4c7e3cd0e2a71a94c6a3651170bb,Phil 93-283-3849,8715,"Nov.5,2013",2013-11-05,ok,Cross combination.xlsx,Phil 93-283-3849,C3,3,3,9fcb14959314cb4807253cf2e7c817bea6499de664961479283324881dbfc8ce
cmb_382e76dca040033753bacac14d23,Phil 93-283-3849,50-414,"Nov.5,2013",2013-11-05,ok,Cross combination.xlsx,Phil 93-283-3849,D3,3,4,3bf5df00a06a54f3f65c1be5934337d176cb56912280ccaae7fe0cc0a423097f
cmb_dabae2aeb69965f25e72e6e7a926,Phil 93-283-3849,06-2191,"Nov.5,2013",2013-11-05,ok,Cross combination.xlsx,Phil 93-283-3849,E3,3,5,02ea63bc15daad76d23556f701a09802d0169939550e0cfbe557e2f676363d4a
cmb_8a5b89746f0b240fb6b1c94eefcf,Phil 93-283-3849,VMC,"Nov.5,2013",2013-11-05,ok,Cross combination.xlsx,Phil 93-283-3849,F3,3,6,1d73e1f8cdcc69649469b841d86727ef8951c9e2aa4343925dca0ea745b08eb7
cmb_a74298b2bcb33ea3350eee1fd665,Phil 93-283-3849,87-599,"Nov.5,2013",2013-11-05,ok,Cross combination.xlsx,Phil 93-283-3849,G3,3,7,c893053fa12a6cc8e9a4ba4b301a0fc9b75ebfe671cf7c40aa39d8fb65b12f35
cmb_6a2c59967021827e62be16d87b4a,Phil 93-300-4027,99-1793,"Oct. 26,2013",2026-10-26,ok,Cross combination.xlsx,Phil 93-300-4027,B3,3,2,55ed30f19ef5c2c79fbcaadee9a0d569ca57722d1adbf9542f6c61684e1e74a3
cmb_694ab7757df8a7595bca1af15a30,Phil 93-300-4027,04-1011,"Oct. 26,2013",2026-10-26,ok,Cross combination.xlsx,Phil 93-300-4027,C3,3,3,ecb7f2e310970535da15f48e2ffda7345f9bf3bec22f7de4918486fba87f57d7
cmb_e097112e0caa1b1abb7aa719136b,Phil 93-300-4027,00-2569,"Oct. 26,2013",2026-10-26,ok,Cross combination.xlsx,Phil 93-300-4027,D3,3,4,2e9becbb8799b5afe71ad2d6f7ade60676d431e7b715426d54f30157c67e9bfc
cmb_80b8dd7f34692f61244157e630a9,Phil 93-300-4027,106439,"Oct. 26,2013",2026-10-26,ok,Cross combination.xlsx,Phil 93-300-4027,E3,3,5,ed5c1504c00d0a307e114488ac7eb814f6dada8b8a4fe50e73725b35813757e4
cmb_9d2a66f4308b7960f3064ba98ac5,Phil 93-300-4027,93-2349,"Nov.3,2014",2014-11-03,ok,Cross combination.xlsx,Phil 93-300-4027,B4,4,2,5441df4b4f00938a5513113b3559d4a61de4af960d4ca5be20bad07e3c7f0338
cmb_b26d633ada9aa6df9d14c2f8dcc0,Phil 93-300-4027,8723,"Nov.16,2015",2015-11-16,ok,Cross combination.xlsx,Phil 93-300-4027,B5,5,2,6e87d14347632b39ad7f504c3ae5f868bf2a57a2d9862d0991b2dd9a41b79ed8
cmb_9efad52d53116329f229807a6eeb,Phil 94-0221,VMC 90-239,"Oct. 20,2012",2026-10-20,ok,Cross combination.xlsx,Phil 94-0221,B3,3,2,c7e4bd42107342d0f9678edce11d760522125a1834149c4fb0703aca054273e6
cmb_e16cdd6ede5ee1aa9e45b456f3d6,Phil 94-0221,98-2349,"Oct. 20,2012",2026-10-20,ok,Cross combination.xlsx,Phil 94-0221,C3,3,3,e63c8dd06669d8b6eef31b4252fd9d04a8c3412cbcc8a07dcfa8f187da4a25bf
cmb_fd05f47c98e89f90d675a5e4b427,Phil 94-0221,97-0693,"Oct. 20,2012",2026-10-20,ok,Cross combination.xlsx,Phil 94-0221,D3,3,4,cae2d4c43925a9e3e7420f99b4e01a0dda8cff073f1f86805c7eaea21ce9df69
cmb_243be8b46bbbe9be77a63520cd60,Phil 94-0221,97-4435,"Oct. 20,2012",2026-10-20,ok,Cross combination.xlsx,Phil 94-0221,E3,3,5,a011cc6aa4544bdca623d711395eb9aa80c58bc0578ca1b24e935d17046a4760
cmb_b275b74baa14a1722b97231b682e,Phil 94-0221,00-2569,"Oct.17,2013",2013-10-17,ok,Cross combination.xlsx,Phil 94-0221,B4,4,2,63c965626cbaaaa260f9dcfcc0ec37f98439b854caa916580c279fa40885fb1c
cmb_d5314b228def0a1c693cba94f6c6,Phil 94-0221,91-0707,"Oct.17,2013",2013-10-17,ok,Cross combination.xlsx,Phil 94-0221,C4,4,3,bc534170a4706a9c0c5989a76a0b4badef3d7b32cc19565c8b050f68d47971ab
cmb_f56baf448ae6e4798b2f558d4712,Phil 94-0221,01-0295,"Oct.17,2013",2013-10-17,ok,Cross combination.xlsx,Phil 94-0221,D4,4,4,0b9a9894bd277fd031adc18dc95e58953cc55ce9a25cf007f070b1dce4e1d3fe
cmb_08695d203d8c288b469604c37ab5,Phil 94-0221,92-0751,"Oct.17,2013",2013-10-17,ok,Cross combination.xlsx,Phil 94-0221,E4,4,5,b56554e8bf491aaed5f0d175bf31cea0217c3fac4cb6a3c38099094251f906ca
cmb_1024a731f99f0f5f0dfb5a81e17b,Phil 94-0221,80-5613,"Nov.3,2017",2017-11-03,ok,Cross combination.xlsx,Phil 94-0221,B5,5,2,65addf95d4b617962e00bbd1fdf11a0d7c6a172789d1fb33599d66d610234a11
cmb_9e1e26981db8a50285dc4a12641a,Phil 94-0221,04-1011,"Nov.3,2017",2017-11-03,ok,Cross combination.xlsx,Phil 94-0221,C5,5,3,dd630ca04d224bac443f92928a0ff6da8c774775f2d2b5226d499516f9d37a4c
cmb_dff026ce323d58e4f72f094e5864,Phil 94-0221,99-1793,"Oct.26,2018",2018-10-26,ok,Cross combination.xlsx,Phil 94-0221,B6,6,2,12402b40aa4244d6adeea46821d56fe17ca8e634bbd53f7d56e268e1da0eaa87
cmb_0757a0d501a9f862c7338ccf383f,Phil 94-0221,80-5613,"Nov.10,2019",2019-11-10,ok,Cross combination.xlsx,Phil 94-0221,B7,7,2,6bcec7ab78eb4862bfa88020ee06d2612991b0433a75fb33a38bcd6e7bb146c2
cmb_7b640ac43823eadc6ff60f57ea59,Phil 94-0221,93-2349,"Nov.10,2019",2019-11-10,ok,Cross combination.xlsx,Phil 94-0221,C7,7,3,871aa2974f36f338081897e1ecf878d8f12e0899643165f60137f9ba4fb4a228
cmb_02737377ac23d177aaf71ee81b5a,Phil 94-0221,98-0255,Oct. 2020,2020-10-13,ok,Cross combination.xlsx,Phil 94-0221,B8,8,2,c124a31a9c26a9ddf03d26237f9be4a1469038f9ed3bdd4fb0c9c4344a80a0dd
cmb_080b34863afa393e21f945e6cd3c,Phil 94-0221,04-1011,Oct. 2020,2020-10-13,ok,Cross combination.xlsx,Phil 94-0221,C8,8,3,0e58a15a49c7306261cb67725e45c2cf94ef4e8e4966ed7f187fd871d6f9ed63
cmb_1c7ed18413df289d63c96dfc8a1f,Phil 94-0221,93-2895,Oct. 2020,2020-10-13,ok,Cross combination.xlsx,Phil 94-0221,D8,8,4,2285333ec9c0b6c865a8e180199b937f5a2a3cb22ab2eecfa7270ba93fdf3249
cmb_4b5f35c09fa1ffad5f14db208e5f,Phil 94-0221,99-1793,Oct. 2020,2020-10-13,ok,Cross combination.xlsx,Phil 94-0221,E8,8,5,6fc269cf71dd3d9caefeddb8dfd7e298fb16a644e8702e0c8524d2155540d1a3
cmb_22a7fa8ca95a7ccd6e6cf7d0f08d,Phil 94-0221,2006-1899,"Oct. 25,2022",2026-10-25,ok,Cross combination.xlsx,Phil 94-0221,B9,9,2,3a6a425645bf80c9940660f89cba151923aaf173d12ce4c57f6f0b3abb9e5217
cmb_2caea52d7f17b69dcda85b9d44cc,Phil 94-0221,2009-0919,"Oct. 25,2022",2026-10-25,ok,Cross combination.xlsx,Phil 94-0221,C9,9,3,0606b81f0f0d21ecb9f7a9afc5c8456ebb2557e5f43f59fbd3a80378dc88332c
cmb_e0671303c0b2769c2e2dabaffc66,Phil 94-0913,58-260,"NOV. 6,2021",2021-11-06,ok,Cross combination.xlsx,Phil 94-0913,B3,3,2,62192e04b501f5eeaf9f441c757007cda8dde61e45360ed735e40731a712e6a2
cmb_5baca6744ba8eba54217a88fa72f,Phil 94-0913,8723,"NOV. 6,2021",2021-11-06,ok,Cross combination.xlsx,Phil 94-0913,C3,3,3,27b9a1ac42a3794f1ad611c30d098de997d49362682b8af8f5c17a148a3f1cd6
cmb_752cec02c94245c9322cef85f47e,Phil 94-0913,8715,"NOV. 6,2021",2021-11-06,ok,Cross combination.xlsx,Phil 94-0913,D3,3,4,7b133a2c33a2224a74bd49a4554f6f64330e71f58fdc9009a8c6df7b9d562fa2
cmb_75371d7a3e74de1db806b9d5a33b,Phil 94-0913,04-1011,"NOV. 6,2021",2021-11-06,ok,Cross combination.xlsx,Phil 94-0913,E3,3,5,9a4c32c113a18e4a2a829159ca2164f4d935f2a54639aa32ee1311e68e630811
cmb_af48837b7bd80b42a82abb8b04dc,Phil 94-0913,91-0237,"NOV.13,2015",2015-11-13,ok,Cross combination.xlsx,Phil 94-0913,B4,4,2,b7304c8ed18b60b61786359b55e3cfd03c60de341540b67b21f1c34ce9dd6bb3
cmb_8dbdf7a00d2c387321217a698050,Phil 94-0913,97-4151,"NOV.13,2016",2016-11-13,ok,Cross combination.xlsx,Phil 94-0913,B5,5,2,df13521b721367b5ee9977d794faa963589ee5d771fb89782669b6fdf909f2d4
cmb_71bf0624db6d4e0de44ffcadec9b,Phil 94-0913,05-0645,"NOV.13,2016",2016-11-13,ok,Cross combination.xlsx,Phil 94-0913,C5,5,3,5db2850ca986a1415fc31662919d9ad08c293bae520868ec4a2b7ed616f0f6f4
cmb_0c4befcab7060c2d308f412d54b6,Phil 94-0913,04-1011,"NOV.15,2017",2017-11-15,ok,Cross combination.xlsx,Phil 94-0913,B6,6,2,41cf87b1590817d90b096144fff3852ffb537ecde8fd0ebf45012fdb317850f2
cmb_77ed6bbb8b694401a1b1b9d333c3,Phil 94-0913,04-1011,"NOV.12,2021",2021-11-12,ok,Cross combination.xlsx,Phil 94-0913,B7,7,2,59cca7f20fe65e057066202a599630e37783ef437645dbdaa761566deb9c0cfb
cmb_c239df13bfb62f96f7fad789a8e7,Phil 94-0913,Akoki green,"NOV.12,2021",2021-11-12,ok,Cross combination.xlsx,Phil 94-0913,C7,7,3,dfd5dd08a2e0c85f0d9dabfe911f19f7415d13723621bb170693cf081f903279
cmb_ad68d7e3a434e727c195c87b6cf4,Phil 94-2445,94-0913,"Oct.29,2012",2012-10-29,ok,Cross combination.xlsx,Phil 94-2445,B3,3,2,c9808faa4b21e98627f303393c60af8371e634b35475b95a46cc0282bc623b83
cmb_dbbef428d4b150156d7986b2125f,Phil 94-2445,99-1793,"Oct.29,2012",2012-10-29,ok,Cross combination.xlsx,Phil 94-2445,C3,3,3,4b4a32a674bea34d111ea3a90842955ad9048c038968e37b392c5b2413f6e70c
cmb_afd0ccfb37b9d022c08c4740a258,Phil 94-2445,97-3501,"Oct.29,2012",2012-10-29,ok,Cross combination.xlsx,Phil 94-2445,D3,3,4,bee99e6aef2ace54422a346547e26f126bb4449addfb4ea99a73c22de9e7e663
cmb_dc1f1ee7add5896ef2452fa963d7,Phil 94-2445,04-1011,"Nov.7,2013",2013-11-07,ok,Cross combination.xlsx,Phil 94-2445,B4,4,2,4e52626ce961f0ba8a5818611636dd89fb7bb7e38db5e0065401c4c98494eef7
cmb_8039861e6742340def958b7eb42f,Phil 95-248-1024,VMC 90-239,"Oct 27,2012",2026-10-27,ok,Cross combination.xlsx,Phil 95-248-1024,B3,3,2,af6dc184308f52a2d82dc533967209ff895b4551d163e9b0655aee4c8b422993
cmb_e20ca20886c2c8f310e770cda8d0,Phil 95-248-1024,92-0535,"Oct 27,2012",2026-10-27,ok,Cross combination.xlsx,Phil 95-248-1024,C3,3,3,932484a8e1ad8fb1f4619eb032d39f7288d1d85cda6db27ae00b996c3d36493f
cmb_e6120eb6370b0666716d0afbcefa,Phil 95-248-1024,03-0217,"Oct 27,2012",2026-10-27,ok,Cross combination.xlsx,Phil 95-248-1024,D3,3,4,9acdc0d9c05594871c939be07aedaa9d072e1ac17bbdf4b01497c288fa277b3c
cmb_e6d8f34d2ab04d88e0bd2bc8f12b,Phil 95-248-1024,97-0673,"Oct 27,2012",2026-10-27,ok,Cross combination.xlsx,Phil 95-248-1024,E3,3,5,517d71f1418c6aec854d73f6c795b4f6475397d6b8780db1573f59cedccb07f1
cmb_1e9262938e15c8f5acfa28f46136,Phil 95-248-1024,99-2641,"Oct 27,2012",2026-10-27,ok,Cross combination.xlsx,Phil 95-248-1024,F3,3,6,a91d079d4c1d9e03187aef7c16f0977e8046a6930c7246e97d09f1d3de8f5582
cmb_e3b9a93585f5b829e712c1122091,Phil 95-248-1024,97-0687,"Oct 27,2012",2026-10-27,ok,Cross combination.xlsx,Phil 95-248-1024,G3,3,7,fd971acadfd463e00051b39e3ce6e082ed1855aa29ea47eef03cc8d19908f4cb
cmb_bfbbec3d32cd4e5c36a9e9914b64,Phil 95-248-1024,PSR 00-943,"Oct. 26,2013",2026-10-26,ok,Cross combination.xlsx,Phil 95-248-1024,B4,4,2,5642fbaa97f6b6976b08018c7063592b861503bfb675d19cf76e590ee0961706
cmb_528f7f6340ecab6dc7d33841d422,Phil 95-248-1024,84-6559,"Oct. 26,2013",2026-10-26,ok,Cross combination.xlsx,Phil 95-248-1024,C4,4,3,d35c383a8d1e35f9971c40d602d225bfbec33c5ca5555811711e1bbe434a29ed
cmb_314dd1a96bf62959c5ba9c4eca22,Phil 95-248-1024,05-0645,"Oct. 26,2013",2026-10-26,ok,Cross combination.xlsx,Phil 95-248-1024,D4,4,4,59e73e8c58210e72e072ce35482d7b95e5676e73dd5a5b968e4bd17d8228b234
cmb_fda64e5bd5034b428ac45005f3b7,Phil 95-248-1024,92-0577,"Oct. 26,2013",2026-10-26,ok,Cross combination.xlsx,Phil 95-248-1024,E4,4,5,4cc2028bdad90a43930424b8666e5fd7835ffcdc9ce0b855d486dd1803d1c0ae
cmb_e81e096b140d626db3562d1dca84,Phil 95-248-1024,99-1793,"Oct.31,2014",2014-10-31,ok,Cross combination.xlsx,Phil 95-248-1024,B5,5,2,c930684ecd5c1478f2c33a2733b76ecf1547ba2f1a3379d22de3918980baeedb
cmb_e6bbceeb3763deff21c6b78fb5c7,Phil 95-248-1024,98-2137,"Oct.31,2014",2014-10-31,ok,Cross combination.xlsx,Phil 95-248-1024,C5,5,3,ef73613c98398f867c8bab4ed5d566c4f5863c8c2e9dc713de72c34deb4a1f61
cmb_4c22070646c8f82e266d2f0052a4,Phil 95-248-1024,04-1011,"Oct.31,2014",2014-10-31,ok,Cross combination.xlsx,Phil 95-248-1024,D5,5,4,79f7b4550d4f09fe19e56a4c24d4a7343aa0299dbb9323f3d3ce6a50e4c2ffe7
cmb_1a6568c3d14f0ab5f3ef37400dd7,Phil 95-248-1024,80-5619,"Nov.8,2015",2015-11-08,ok,Cross combination.xlsx,Phil 95-248-1024,B6,6,2,b596fdf20741370dab2cbd297eb563b49c4746ee5d4de30fc12007ce11abaf6a
cmb_33909bdf942d7009264893f6c592,Phil 95-248-1024,97-4549,"Nov.8,2015",2015-11-08,ok,Cross combination.xlsx,Phil 95-248-1024,C6,6,3,87523cdc024823730a06c4dba31c044acfadd8409c9a3e5db976ed9929d41db7
cmb_b45b174971b0e54f72344f2a4d1c,Phil 95-248-1024,VMC 90-239,"Nov.5,2016",2016-11-05,ok,Cross combination.xlsx,Phil 95-248-1024,B7,7,2,2eedbb0ba21c0311343634628dfd104f5b5dc2881dc0202994e70f9842ec4287
cmb_44e7a11227f5f468ef4a85f7c413,Phil 95-248-1024,8715,"Nov.5,2016",2016-11-05,ok,Cross combination.xlsx,Phil 95-248-1024,C7,7,3,3db310920b94ec1f263791c77773872eb2a1d00190c29355da2691d943f97c52
cmb_8f21f88626313bb447964454a064,Phil 95-248-1024,92-0751,"Nov.5,2016",2016-11-05,ok,Cross combination.xlsx,Phil 95-248-1024,D7,7,4,abb25e8d0981f8230dfba51fe79ff5a810eea86cb7480a05bda00c34494b4e47
cmb_38f2f437bff458d2bfbcd616abad,Phil 95-248-1024,93-2349,"Nov.5,2016",2016-11-05,ok,Cross combination.xlsx,Phil 95-248-1024,E7,7,5,ac115c23de92e48a945edf01bd32676fe809fc75c115bb2b483637bb213c074a
cmb_0b4a2b3934c3cf82efd2c20c6c5d,Phil 95-248-1024,VMC 74-527,"Nov.2,2017",2017-11-02,ok,Cross combination.xlsx,Phil 95-248-1024,B8,8,2,3f55b903e18607438ccfca22974858c04b4877ad1f4419ed5b98ea3a17ae7a64
cmb_527366ae02927458a1994eec0f7f,Phil 95-248-1024,91-1091,"Nov.2,2017",2017-11-02,ok,Cross combination.xlsx,Phil 95-248-1024,C8,8,3,1dfa499efde11b679e72d614b24e677a05cce085a72622830f21e379984a84b6
cmb_b68f4f49b453a2a17d5ec4d7974a,Phil 95-248-1024,97-4435,"Nov.2,2017",2017-11-02,ok,Cross combination.xlsx,Phil 95-248-1024,D8,8,4,00bee79681c2ff10cbc106c3709dbda13be4c8d2aec08bec8d5eb683adbae178
cmb_b1751bd71799aacae177761381c5,Phil 95-248-1024,85-4345,"Oct.30,2018",2018-10-30,ok,Cross combination.xlsx,Phil 95-248-1024,B9,9,2,041f9ec5c030271b4d82b21d118cd45104bcb3fcb55f626e7ac20411673cdcdc
cmb_4074bbc148d5d205f71b28122e36,Phil 95-248-1024,99-1793,"Oct.30,2018",2018-10-30,ok,Cross combination.xlsx,Phil 95-248-1024,C9,9,3,10c5713467d5b4caddf87006dfcc8c13b4fb0ac05516465d1c2e8e8313a070ca
cmb_90fbb2a22d602ee0dbd843e1e1c8,Phil 95-248-1024,92-0051,"Oct.30,2018",2018-10-30,ok,Cross combination.xlsx,Phil 95-248-1024,D9,9,4,db9562baa744167f47086918e0432325dc731c51c6fa8fc6f5765cb5981c7bce
cmb_4cbb9bec43bdb4a48232d2036db4,Phil 95-248-1024,00-2569,"Oct.30,2018",2018-10-30,ok,Cross combination.xlsx,Phil 95-248-1024,E9,9,5,81f800f1041ce60916cad0afb1c032f75d695315ffd4ca4bd57ba943519a7359
cmb_6c3d7f17e4ea004d41979da77b99,Phil 95-248-1024,8013,"Nov.9,2019",2019-11-09,ok,Cross combination.xlsx,Phil 95-248-1024,B10,10,2,cc0ab0e6c3fd0af3f85bd6a10403d8035027e3e90cb46af9d3dc0465a427bf7b
cmb_bdcfc8bb992c076984b9b19abe0d,Phil 95-248-1024,06-1899,"Nov.9,2019",2019-11-09,ok,Cross combination.xlsx,Phil 95-248-1024,C10,10,3,472bddf8a2352c2eecb518a0ac87278ca85add2143ad29d9aa21c93c5c3a58ea
cmb_8fc9b1a1e88a2f497a1bb3fc63c6,Phil 95-248-1024,80-5619,"Nov.11,2020",2020-11-11,ok,Cross combination.xlsx,Phil 95-248-1024,B11,11,2,50002dae18930df6499ec28816d54f9aad35587f4b0ec1fb09714cd90f50de00
cmb_c14cfad1af27572ea8f43a9f298a,Phil 95-248-1024,93-2349,"Nov.11,2020",2020-11-11,ok,Cross combination.xlsx,Phil 95-248-1024,C11,11,3,6e06c46f05e79a83a5716d7506396a670d45c9a37c413b39f4569ec8e3559aa6
cmb_a2141539150359868abfdc023d0c,Phil 95-248-1024,92-0751,"Nov.11,2020",2020-11-11,ok,Cross combination.xlsx,Phil 95-248-1024,D11,11,4,dec6f74555a0d159fdc899398341bbcdf445733dd0785cc4b1bcfca3e89a61fe
cmb_1f7a780f1c27a870fe5a0f4001a1,Phil 95-248-1024,04-1011,"Nov.11,2020",2020-11-11,ok,Cross combination.xlsx,Phil 95-248-1024,E11,11,5,a6bfe7e6d18778bfa0c8bab18923a6f9d59d032033ed7bac1f8959929b3a4c7b
cmb_353d304e408dbd727024183149c0,Phil 95-248-1024,2009-1969,"Nov.8,2021",2021-11-08,ok,Cross combination.xlsx,Phil 95-248-1024,B12,12,2,7b943b50545b0ee053f8f445f4293f1a1268d093a5d86da7dde4c2913c5bdf45
cmb_db38db988067d29a128720a52276,Phil 95-248-1024,81-0843,"Nov.6,2022",2022-11-06,ok,Cross combination.xlsx,Phil 95-248-1024,B13,13,2,7ad4f59f9ad37890ad93c939bf9eafaefda9d7422c9a6d53cbbfd43a9ad4f0e3
cmb_532933c9a8ff4169a382d66c1b74,Phil 95-248-1024,99-1793,"Nov.6,2022",2022-11-06,ok,Cross combination.xlsx,Phil 95-248-1024,C13,13,3,6f5c449d114e46ef7844e559d1e88ffc767856401f0bae171938d9122c1400bd
cmb_1b1b20fda5f8deb1d3f3b21ef0ed,Phil 95-248-1024,2009-0919,"Nov.6,2022",2022-11-06,ok,Cross combination.xlsx,Phil 95-248-1024,D13,13,4,d0bfb220b903f7a9b60be0d12faef83644f0fde0a9caa6a287e801bdc632776c
cmb_0b1d0d617a5f961939ab038490af,Phil 95-249-1051,PSR 99-85,"Nov.4,2012",2012-11-04,ok,Cross combination.xlsx,Phil 95-249-1051,B3,3,2,6fe2794ebdd2d24345b269d94527fa44587ea4b18aac0f5263af4549d6ab38e3
cmb_1167deba321214bf52c8b915c088,Phil 95-249-1051,8715,"Nov.4,2012",2012-11-04,ok,Cross combination.xlsx,Phil 95-249-1051,C3,3,3,c333bc879ee876bc7dacb32e95925a36b14c594bf17058265ed932cc645e9ef0
cmb_ee7e1685d0ef47a88c7a4024890c,Phil 95-249-1051,99-1793,"Nov.4,2012",2012-11-04,ok,Cross combination.xlsx,Phil 95-249-1051,D3,3,4,006f45212a0130f827ddf4b78f84080937ae6d49fe10b8c989cf191533b4952b
cmb_939602362015819076d7b1ed3725,Phil 95-249-1051,06-2191,"Noov.4,2013",,invalid,Cross combination.xlsx,Phil 95-249-1051,B4,4,2,ec57427123b00b20d85697ff3defdbe3fcf15b7147824333ae40817e2c6e48f9
cmb_f1611952ff368a89e74f71045b40,Phil 95-249-1051,04-1011,"Noov.4,2013",,invalid,Cross combination.xlsx,Phil 95-249-1051,C4,4,3,4b3bcfbc828a6db0433521945f09c81a148da32f224a8c05759eb2a4a5ed062f
cmb_c1cd9e510da69481d58e0a11db21,Phil 95-249-1051,91-1091,"Nov. ,2014",2014-11-13,ok,Cross combination.xlsx,Phil 95-249-1051,B5,5,2,9342715c42b78b43a8ac22d30e8a84fcc4edd76c1f9c2a983f60ad236153df04
cmb_d0f48dacebeae7f9d3ed2cd298e2,Phil 95-249-1051,90-0049,"Nov.10,2016",2016-11-10,ok,Cross combination.xlsx,Phil 95-249-1051,B6,6,2,92a979f1d7ca686ae17e5ec14f72a690c644a96c36f79af97a59866dd75a88f8
cmb_f1fc9c73ddeb9ab9dc19e05efc4c,Phil 95-249-1051,8715,"Nov.10,2017",2017-11-10,ok,Cross combination.xlsx,Phil 95-249-1051,B7,7,2,7a60df160d7b7f639bb6ee3718af1e0b3e43e9453b2f68ad8e6e940bc0f329b5
cmb_0459cc18d43d2b37a7cae3c3dbcc,Phil 95-249-1051,00-2569,"Nov.4,2018",2018-11-04,ok,Cross combination.xlsx,Phil 95-249-1051,B8,8,2,eb10c1aa902e09cc8921a139a92c20d6d7212be2d6d8366acf207890ec4e1266
cmb_d84343c3531b056307e957d9885e,Phil 95-249-1051,99-1793,"Nov.4,2018",2018-11-04,ok,Cross combination.xlsx,Phil 95-249-1051,C8,8,3,90f9d044e3b498d38dc84a2849bb1fa71342e52d62ed1cbccbd0473ae2ddf4b3
cmb_730dd40c7f061ccdee8de5c798b3,Phil 95-249-1051,06-1899,"Nov.3,2019",2019-11-03,ok,Cross combination.xlsx,Phil 95-249-1051,B9,9,2,0de5875fc6815c414847513c8c2654715dc633c9b373212aebfa252374d02013
cmb_bfcb44a5f53b96b1cdf98bbe8f9d,Phil 95-249-1051,04-1011,"Nov.3,2021",2021-11-03,ok,Cross combination.xlsx,Phil 95-249-1051,B10,10,2,588276eeff19c2140bd17957a93eb883572cff4f642db680a535be4a0117ad9f
cmb_195e17acbf4b6476fe1241b3529a,Phil 95-249-1051,2009-1969,"Nov.3,2021",2021-11-03,ok,Cross combination.xlsx,Phil 95-249-1051,C10,10,3,4d8f726655b335e2a0547cacab9a9f345defd8a01b3b763abc74ca2ddd4ea87d
cmb_ccfdfea2fcad7f5b6560e48dfc20,Phil 95-585-3877,6607,"Nov.1,2013",2013-11-01,ok,Cross combination.xlsx,Phil 95-585-3877,B3,3,2,514ee7871d12fca59f850495f4624f73ad9320637f0cfa838e4c94c965c4d564
cmb_d72961399f9d6f83d929b25e7083,Phil 95-585-3877,99-1793,"Nov.1,2013",2013-11-01,ok,Cross combination.xlsx,Phil 95-585-3877,C3,3,3,680e0b40d14237565d5486a1526bc6bd6832e23cc1b8320703883d1bfe446617
cmb_7d157073639ea608cdf4c5ca96fc,Phil 95-585-3877,04-1011,"Nov.14,2014",2014-11-14,ok,Cross combination.xlsx,Phil 95-585-3877,B4,4,2,cfd5716b2805a58ac81f4b48eeb39582f8931545fd793562d395c950b9275cb5
cmb_43c7e8424e29b7c17d9fa9e0b4e7,Phil 95-725-4627,86-1119,"Oct.31,2012",2012-10-31,ok,Cross combination.xlsx,Phil 95-725-4627,B3,3,2,a8e08d4663a282b8289e03d0e1f76360de217fd65894a8df0cc6199f6f60cca6
cmb_23eafa9a1751cde2fc91de5f0fc4,Phil 95-725-4627,8829,"Oct.31,2012",2012-10-31,ok,Cross combination.xlsx,Phil 95-725-4627,C3,3,3,fe884c66063978e4b9658ee4de0e025b0334d0d918db84cfe2301f22b070f842
cmb_30f5d89e0c6a84c35a53bd3927e4,Phil 95-725-4627,99-1793,"Oct.31,2012",2012-10-31,ok,Cross combination.xlsx,Phil 95-725-4627,D3,3,4,45a72472980aadfda13c5d4bfedd2557595ac4e0be5d7cf428128f7597d5a059
cmb_b9980d325446e3266b86a232e796,Phil 95-725-4627,PSR 00-343,"Oct.27,2013",2013-10-27,ok,Cross combination.xlsx,Phil 95-725-4627,B4,4,2,03b9dc2923b2a08fab331312b2791c9ecec43f13e77e3d55d2b305803511375b
cmb_e02d46197af194d0650ae8026e90,Phil 95-725-4627,04-1011,"Oct.27,2013",2013-10-27,ok,Cross combination.xlsx,Phil 95-725-4627,C4,4,3,e4ff384aa0c20ce47fc660a03013b1eeaf0f07573e4170b479eeb4924179b1c8
cmb_581812da142ccac1ea9fd578c4c7,Phil 95-725-4627,93-2349,"Oct.27,2013",2013-10-27,ok,Cross combination.xlsx,Phil 95-725-4627,D4,4,4,3532c7f8abaffc2fe269e44c0c242e6b3f0494d774f3132183a9017448f3bbdc
cmb_1c6e35aa2626d29283b473d141fb,Phil 95-725-4627,06-1899,"Nov.6,2016",2016-11-06,ok,Cross combination.xlsx,Phil 95-725-4627,B5,5,2,cf241d2e53a745074640e9e298017b0637362ddcac2fe500990890e23839a15c
cmb_40bf6a162a693d6283fef753dda6,Phil 95-725-4627,2000-2569,"Oct.28,2022",2022-10-28,ok,Cross combination.xlsx,Phil 95-725-4627,B6,6,2,b05dca7e3fb48ac36dab0de90e33b6e47590c16e81abced662cbafb3a8a8443a
cmb_a6807fe998fc94e94b7162e9004b,Phil 96-0637,99-1793,"Oct.27,2013",2013-10-27,ok,Cross combination.xlsx,Phil 96-0637,B3,3,2,e5d06c5a9728b44555ee401b5e53e1d3c98d13897ce9fe9a9e60b9e3ecf9bc03
cmb_0428b6e7f17a9eb5c39fc34beb77,Phil 96-0637,Q102,"Nov.11,2021",2021-11-11,ok,Cross combination.xlsx,Phil 96-0637,B4,4,2,52fdfc2a68aba18502a73eb6656fc856edac98c96eebce69a5384c4fbf15b320
cmb_1c8ef7b2a8b745df02725f176ea8,Phil 96-0637,91-1091,"Nov.11,2021",2021-11-11,ok,Cross combination.xlsx,Phil 96-0637,C4,4,3,0b866bd3c1f9a2b3cb299199953b3910510ca642e58d02212e18702c5e276d7a
cmb_f18f084f1b55241f9bd0588ff10c,Phil 96-0637,2009-0919,"Nov.9,2022",2022-11-09,ok,Cross combination.xlsx,Phil 96-0637,B5,5,2,d4d1c28e35e64e4b1913bf0764afe47f4702a7240bc3f09f28ef2e1613ce0a52
cmb_b12756fb574cad3ba64ac1a79650,Phil 96-1781,2004-1011,"Nov.13,2021",2021-11-13,ok,Cross combination.xlsx,Phil 96-1781,B3,3,2,aa0c328a20605dd20120d9f62a611f8f14bbf3b93aec012b861ead16b15f9241
cmb_25664facd64d6a7249d224958fb8,Phil 96-2691,90-85-0345,"Oct. 31, 2019",2019-10-31,ok,Cross combination.xlsx,Phil 96-2691,B3,3,2,8513110287679c7d2dba611e98c09748d8284c2c6cac56fb30fad73577bdbbff
cmb_247af2351a0af6c49222a154f85e,Phil 96-2691,99-1793,"Oct. 31, 2019",2019-10-31,ok,Cross combination.xlsx,Phil 96-2691,C3,3,3,07bedda31de31acc08aae6486c0b659524d5a73cf27267435db2459cca6edb7e
cmb_04940b27c42ddcc629f13394d28e,Phil 96-2691,00-2569,"Oct. 31, 2019",2019-10-31,ok,Cross combination.xlsx,Phil 96-2691,D3,3,4,a485e2d71b4b772094c2c0dbac670eeed1b4d731b8c639ebd1f8341f12a55b20
cmb_40e4bfdd5e459beac0367f90e61e,Phil 96-2691,2010-0419,"Oct. 22, 2022",2022-10-22,ok,Cross combination.xlsx,Phil 96-2691,B4,4,2,bec20ca1a0abe3600ee65d7169da19dcc4421a3b51e82da8a6c966d2d9040a45
cmb_1055552527bc3baac4c14a503d04,Phil 96-2691,2010-0419,"Oct. 22, 2022",2022-10-22,ok,Cross combination.xlsx,Phil 96-2691,C4,4,3,636a030617e2257357cca8b59e4da4a9fa6b2ca92febe514b96cbc8089e90e37
cmb_e93406fe01c85d3fda16e7f8a956,Phil 96-2691,04-1011,"Oct. 22, 2022",2022-10-22,ok,Cross combination.xlsx,Phil 96-2691,D4,4,4,df16ce9044acc6ee9e8972e8ab77d9b4853b25759674364082736874c0a75e26
cmb_8d0890f2ccdd52b75db83921af1b,Phil 96-2983,99-1793,"Nov. 4, 2018",2018-11-04,ok,Cross combination.xlsx,Phil 96-2983,B3,3,2,09e9960a8363775bf428ae2a724ea3fa48a9e0ace4b27df10d7939b30bac7c81
cmb_08bca4f145a84d7e0d88ad5f45d4,Phil 96-2983,95-1029,"Nov. 15, 2020",2020-11-15,ok,Cross combination.xlsx,Phil 96-2983,B4,4,2,bff9428497339b431a85c4ec03390165625b87e282dc68b0942b439df18cc712
cmb_23eae66bb062139355196bfa4992,Phil 96-2983,91-120-0909,"Nov. 17, 2021",2021-11-17,ok,Cross combination.xlsx,Phil 96-2983,B5,5,2,36d08212057d4423a5515eb672960ef7469d07bc09650fcf7a0c31f86ccaf892
cmb_f8d9a1fbba2968a6d9756652e8c8,Phil 96-2983,2010-0919,"Nov. 6, 2022",2022-11-06,ok,Cross combination.xlsx,Phil 96-2983,B6,6,2,eb69b7d255d4259c830ee3b3beb7c3a5fe2fdad8fd790116c13fc5fbe5bf37ae
cmb_9dff9980a0df3c4f656ccf2b572f,Phil 97-0673,98-2137,"Oct. 24, 2013",2013-10-24,ok,Cross combination.xlsx,Phil 97-0673,B3,3,2,9c6e25f4e72ef0c0a06298dedd7cf0308c8a9a29e8ad1e255d7b0e0537abca96
cmb_8ce1315dc34334a5f2a4ac6e0d3d,Phil 97-0673,04-1011,"Oct. 24, 2013",2013-10-24,ok,Cross combination.xlsx,Phil 97-0673,C3,3,3,ed286bef13c8e3ef75a689270afb95993825a7b3acd537035c0ae82bbee99066
cmb_a969a91b7a74ef5da86cad8a8d4e,Phil 97-0687,97-2339,"Oct. 24, 2012",2012-10-24,ok,Cross combination.xlsx,Phil 97-0687,B3,3,2,3033c9dc4719d26d5ad126668e72b4ad3ae8a55b9ef636ce88ffcea90bfc7e46
cmb_bd65c799c3e1ce214e11f838b224,Phil 97-0687,92-2349,"Oct. 24, 2012",2012-10-24,ok,Cross combination.xlsx,Phil 97-0687,C3,3,3,cf9528d6079766488bd1e6a4078f4c3f67da6be164494c611fb846c335483e90
cmb_f2d6cbe585122193f3cb15837319,Phil 97-0687,99-1793,"Oct. 30, 2014",2014-10-30,ok,Cross combination.xlsx,Phil 97-0687,B4,4,2,59ff21b87d5c6b853aca0dbc42c1ad76c37a4d629678e35e5b630e1e70e7ba57
cmb_ff0990a4318ece0b2a5cab8c841e,Phil 97-0687,04-1011,"Oct. 30, 2014",2014-10-30,ok,Cross combination.xlsx,Phil 97-0687,C4,4,3,61e4f6e990bc88cebbb07f2fdf6c0093cb703fea031cb39fe0a844a83d7d7fcc
cmb_07f7c9a293c9997ba85577777be3,Phil 97-0687,93-2349,"Oct. 30, 2014",2014-10-30,ok,Cross combination.xlsx,Phil 97-0687,D4,4,4,8e3eb32caac982964e50084209079c12376c2f977c21ba24928ac63053595deb
cmb_b2f3ac6221357379c9464e9c8754,Phil 97-0687,90-0085,"Nov. 1, 2015",2015-11-01,ok,Cross combination.xlsx,Phil 97-0687,B5,5,2,8b64463504e92cc50e9f370317b8457382346fd44f6c5cc8e67db2e5c8bd1cff
cmb_d30300d642b772d9c1cff562ccd2,Phil 97-0687,93-1207,"Nov. 1, 2015",2015-11-01,ok,Cross combination.xlsx,Phil 97-0687,C5,5,3,29415f1881031ec08fa254e0f117fa071c26c3c14d8872622255743c2385b10e
cmb_d9ee72d6a42e2f25e24392a93af4,Phil 97-0687,97-2041,"Nov. 1, 2015",2015-11-01,ok,Cross combination.xlsx,Phil 97-0687,D5,5,4,0e0a4ccc6d7cf2b06c78a8710185ad97e50be7be908c762141095dc81972561d
cmb_e4bc6054b4acf360da1c2265ebd0,Phil 97-0687,92-0751,"Nov. 2, 2016",2016-11-02,ok,Cross combination.xlsx,Phil 97-0687,B6,6,2,98ff9fa9a96381e368cc7d7c9dabe6cabc3211fc9edb6a11ef02497c21ed3838
cmb_6f10b2a69840282d7c8d7935d138,Phil 97-0687,91-1091,"Nov. 2, 2016",2016-11-02,ok,Cross combination.xlsx,Phil 97-0687,C6,6,3,070a14bcabf37e6bcf77760b244793d899c2684a9e6add87cb1fce098caa2f5f
cmb_135407b5d114ec39faa382530692,Phil 97-0687,97-3161,"Nov. 2, 2016",2016-11-02,ok,Cross combination.xlsx,Phil 97-0687,D6,6,4,cba1b2ae82085ae8c617fada45f3508c63b0ab30d4bf05cadf5bd5f9bfe51d80
cmb_68a1a6dae2a4f9ab34295413a779,Phil 97-0687,06-2289,"Nov. 2, 2016",2016-11-02,ok,Cross combination.xlsx,Phil 97-0687,E6,6,5,74574a7bc7afac337d58aa9adc5462917c3c1ae01299d7a98bba85c82fa6eaac
cmb_4b259182c42c8c423f900a48d6da,Phil 97-0687,88-1691,"Nov. 2, 2017",2017-11-02,ok,Cross combination.xlsx,Phil 97-0687,B7,7,2,13ad2be70b0f850647f1c3079fd4bafa371cbec77b3020cc8785dfa219f4dac2
cmb_0ab4aa88b438b35e7a95fa3e2b7c,Phil 97-0687,78-3981,"Nov. 2, 2017",2017-11-02,ok,Cross combination.xlsx,Phil 97-0687,C7,7,3,6bffd0941fee8619b939c94238a0948a56d73413a0ab276ba88b3e373c7f57f6
cmb_cd22776f9b55d4d408d27a4bd3c3,Phil 97-0687,91-1091,"Nov. 2, 2017",2017-11-02,ok,Cross combination.xlsx,Phil 97-0687,D7,7,4,2968c80e177e9f84ed7d5cd5679a95aa9ac7e2b4c10ee2c86f14a5d29f12f439
cmb_909d07a36f673987eb41df48aa78,Phil 97-0687,04-1011,"Nov. 2, 2017",2017-11-02,ok,Cross combination.xlsx,Phil 97-0687,E7,7,5,e8a99b83ded6ffee8209440984e6fd14b8043ff63c271b9a75044068822a1416
cmb_f1cbec18c5f45954ac94559c062b,Phil 97-0687,7115,"Oct. 28, 2018",2018-10-28,ok,Cross combination.xlsx,Phil 97-0687,B8,8,2,7bd37c0a86a92dd34c8854c233bdf165402a99db5f18f7b3a03359971f95ce7a
cmb_f06b1cb38bddffd164c888435381,Phil 97-0687,99-1793,"Oct. 28, 2018",2018-10-28,ok,Cross combination.xlsx,Phil 97-0687,C8,8,3,e9c9cc81d976ed0b457d63bea6bf1cd758cbbd4738130bca43a610ecdc6b1d6c
cmb_55f984195c046e181e21060e18ea,Phil 97-0687,04-1011,"Oct. 28, 2018",2018-10-28,ok,Cross combination.xlsx,Phil 97-0687,D8,8,4,8089bab730a657c9e949616f45c8f038b42861203c2a3b7dcb8995c41f9b437e
cmb_da5b2e6821785e6491d90c322d0f,Phil 97-0687,93-2349,"Oct. 28, 2018",2018-10-28,ok,Cross combination.xlsx,Phil 97-0687,E8,8,5,cd77636bfdd2dea2add09531be3f4120f891621181a449ceabf68ef78a3cbaad
cmb_a004279e7581604594c4506671a3,Phil 97-0687,97-2041,"Oct. 28, 2018",2018-10-28,ok,Cross combination.xlsx,Phil 97-0687,F8,8,6,b4fda806eca1c0bc2e426958663b21bdc5d53be8d3953c56efe640ab2cea0514
cmb_91f2c40d49f8b95c9da44055caa2,Phil 97-0687,91-1091,"Nov. 1, 2019",2019-11-01,ok,Cross combination.xlsx,Phil 97-0687,B9,9,2,97f969486772017d1b4e234512eba6e738cf0caaee710b3aaa4e510f91f62805
cmb_04349e728b18bc31bbde17a0968d,Phil 97-0687,8013,"Nov. 1, 2019",2019-11-01,ok,Cross combination.xlsx,Phil 97-0687,C9,9,3,9f01753781e4261352a768c874fb628378abc53d113bba6b107490e4405c86d8
cmb_7c12b567a6c3442142eb25a43869,Phil 97-0687,99-1793,"Nov. 1, 2019",2019-11-01,ok,Cross combination.xlsx,Phil 97-0687,D9,9,4,63cde0a069d1da8ad4f5a900c6a35cceb0293f49f3d954f2b1cf902cc5650b00
cmb_57605f28a527c78b08ccd4de48a4,Phil 97-0687,06-1899,"Nov. 1, 2019",2019-11-01,ok,Cross combination.xlsx,Phil 97-0687,E9,9,5,3a40baff6e377b4b50b87cae23243703ebe91416c2db65ea4ed242a3a26ab027
cmb_fe2ee5102dddd3c2ff020c53a319,Phil 97-0687,88-121-0363,"Oct. 31, 2021",2021-10-31,ok,Cross combination.xlsx,Phil 97-0687,B10,10,2,ae19bd823d89995d44c55710c4212bb25cfc4df89f25caddc805ff5e72dcf27d
cmb_d1d3575986cb6dbf20ffb0cb62ff,Phil 97-0687,99-1793,"Oct. 31, 2022",2022-10-31,ok,Cross combination.xlsx,Phil 97-0687,B11,11,2,9d5e33ff43b26d6a7afa0b4c0b4828dc83bdeb2d4593f51ed1f20b347aaee011
cmb_48010ac325058235473952df5ea5,Phil 97-0687,2010-0149,"Oct. 31, 2022",2022-10-31,ok,Cross combination.xlsx,Phil 97-0687,C11,11,3,4627fc712b9ff1412d614fe14288662991db96d9520cc5014baa0e40d92118c5
cmb_3383cf99b042a288a203c56bede6,Phil 97-0693,93-2349,"Oct. 18, 2013",2013-10-18,ok,Cross combination.xlsx,Phil 97-0693,B3,3,2,7912e7c9492e0d4105a238b23e2806c5977b47b5df58d44d51cbd34ff02c0bf0
cmb_a86fe49389aba784238f8a789265,Phil 97-0693,2005-1197,"Oct. 25, 2015",2015-10-25,ok,Cross combination.xlsx,Phil 97-0693,B4,4,2,ca1477acf1f9a4a1ea51ed866a178cddc8be96b82289b4588278a2205223c2c9
cmb_99cb335ae0ab54ed937ae37cdd8d,Phil 97-0693,06-2299,"Oct. 25, 2015",2015-10-25,ok,Cross combination.xlsx,Phil 97-0693,C4,4,3,df0f76fc8345df89f716ae722f248dfa857196087ecb7ce5990938620ace48f6
cmb_be142c6298d5d88a10bc9b600304,Phil 97-0693,06-1681,"Oct. 25, 2015",2015-10-25,ok,Cross combination.xlsx,Phil 97-0693,D4,4,4,bb35c17f945d635f21f05ed1e87693b81ceae39acd368fe5e82efed8328f3857
cmb_f2277747979950de21e1109c2a59,Phil 97-0693,00-2569,"Oct. 25, 2015",2015-10-25,ok,Cross combination.xlsx,Phil 97-0693,E4,4,5,03212be5eab8465e9cae35c80abb83ff33808f48771fe7536e64d1f34b13c491
cmb_7d9bc896ce3bba49b30a63803512,Phil 97-0693,8583,"Oct. 25, 2016",2016-10-25,ok,Cross combination.xlsx,Phil 97-0693,B5,5,2,dc3525711189436be15cee2832bdb8415dc41447bbb0c01b848e4cc3198f7321
cmb_4d1fd823687dfe8fe6a8933a70d5,Phil 97-0693,8943,"Oct. 25, 2016",2016-10-25,ok,Cross combination.xlsx,Phil 97-0693,C5,5,3,c805f72ab94977e69e5830eb74661596cd893aa7180ff5cba951a090b68afba5
cmb_2bfb869ef12d9ddbd349f5cd3e69,Phil 97-0693,98-0255,"Oct. 25, 2016",2016-10-25,ok,Cross combination.xlsx,Phil 97-0693,D5,5,4,990cc2baa7f9bbbca308c485ac28afc8ccb328e1c111ff5ea06e3ed75e9f4380
cmb_ce3fbdc140b781365d512f28080c,Phil 97-0693,90-0345,"Oct. 25, 2016",2016-10-25,ok,Cross combination.xlsx,Phil 97-0693,E5,5,5,dca9f0829f8da349568001afdd7cec210d11fcd05ef13b1ec00accde7279159e
cmb_52d2c70782dff1d4a41e91ccff5e,Phil 97-0693,07-2081,"Oct. 21, 2017",2017-10-21,ok,Cross combination.xlsx,Phil 97-0693,B6,6,2,a63a09940917742a5888a24d049dc888bffd9f94f39a65c274172eed7d7597d6
cmb_27eab4212aa05788492f8b488d73,Phil 97-0693,08-1009,"Oct. 21, 2017",2017-10-21,ok,Cross combination.xlsx,Phil 97-0693,C6,6,3,2e4d05d7423f3c825c3e14e90218785c614ca10ef9113b088aad14944188e110
cmb_dcd81d3c0d6eb101b487d16a72a1,Phil 97-0693,99-1793,"Oct. 21, 2017",2017-10-21,ok,Cross combination.xlsx,Phil 97-0693,D6,6,4,6e169f1eb6217b24a5e9cbc428083510ac8f8c4f0c7a5fe8e807ce78389cc013
cmb_f6a89fd692d90de184fc4972d9f4,Phil 97-0693,7495,"Oct. 17, 2019",2019-10-17,ok,Cross combination.xlsx,Phil 97-0693,B7,7,2,0b3e9a4566b8af0e2d44eaf792c5f5db49e001a63af93bade3494553d7a62bf2
cmb_b482e18e16ab29911d0a486232f7,Phil 97-0693,85-4345,"Oct. 17, 2019",2019-10-17,ok,Cross combination.xlsx,Phil 97-0693,C7,7,3,85662a3988a382711dc17e323fcf34ac4664453636f116f1ba2dd967ca25b350
cmb_e2866e70b9b75c8090bf9d59b1f9,Phil 97-0693,93-2349,"Oct. 17, 2019",2019-10-17,ok,Cross combination.xlsx,Phil 97-0693,D7,7,4,9c8e8b212112be6ab07929ff179c99758e24d8fd42039d07167f6e854040f9d6
cmb_6d900de944b07abbee87dc59932e,Phil 97-0693,90-0085,"Oct. 17, 2019",2019-10-17,ok,Cross combination.xlsx,Phil 97-0693,E7,7,5,146e5249291b53d072cf82ed10aa53d9dffb5db8730b128836f4aad2db1e1bbf
cmb_ad4f85187717a226ee4ea7c018f9,Phil 97-0693,88-1691,"Oct. 29, 2019",2019-10-29,ok,Cross combination.xlsx,Phil 97-0693,B8,8,2,ccf477373f3dba205fca80b880e7076f3ae5d6fc271ea1664ae1e993d52c894b
cmb_9bf79666252ea99cd03a381e5adc,Phil 97-0693,99-1793,"Oct. 31, 2019",2019-10-31,ok,Cross combination.xlsx,Phil 97-0693,B9,9,2,6930cba529ba495c1a047d19fe0672195fd6b8cda5b1d9547c194afdcfa76bf7
cmb_08bd89704557b3ac46b8a5b91aa9,Phil 97-0693,06-1899,"Oct. 31, 2019",2019-10-31,ok,Cross combination.xlsx,Phil 97-0693,C9,9,3,a5a68566675a7b256a043ec815b733268f49cb757572e99c881f0eafb6630fec
cmb_d5acd13693942472b7df45f0506e,Phil 97-0693,92-0535,"Oct. , 2020",2020-10-13,ok,Cross combination.xlsx,Phil 97-0693,B10,10,2,896bb82a7282ad6e9da2ede2418ccb32bbf3aa49ee2d5f228568684855997646
cmb_12f4969f90c09e05294a53c48b8f,Phil 97-0693,04-1011,"Oct. , 2020",2020-10-13,ok,Cross combination.xlsx,Phil 97-0693,C10,10,3,ca5440622af209e6ee4caf934fee6041a87dfd6da59dfe8149b571a18a4315b2
cmb_fc0843247862d169219f9fbb8a75,Phil 97-0693,98-0255,"Oct. , 2020",2020-10-13,ok,Cross combination.xlsx,Phil 97-0693,D10,10,4,e10e352869efebaaf12c154d0fee33d31bbf3f5cf6fd7507534086d51b3c023a
cmb_1a4ff2173960ee56539bc9a74b28,Phil 97-0693,93-2349,"Oct. 30, 2021",2021-10-30,ok,Cross combination.xlsx,Phil 97-0693,B11,11,2,5fafe757468eee9c167221eea3f9f7d56c7a34695b0ee4a1d6d893d74c099d7c
cmb_4215f76925ff468419b3af8b02c5,Phil 97-0693,2008-0909,"Oct. 30, 2021",2021-10-30,ok,Cross combination.xlsx,Phil 97-0693,C11,11,3,9c27453c50d49a52ed96219e78955270c4006cf5ce6f119c549d26f6f5770ce1
cmb_cdf2a84ef9cc873d1e0d8f1874c5,Phil 97-0693,2010-0149,"Oct. 19, 2022",2022-10-19,ok,Cross combination.xlsx,Phil 97-0693,B12,12,2,b92e3134dc5f7e3c62deb3dbdcec459f25961fed290158140e0c43235a001957
cmb_6bff0e06155d7a39531f59a7f7d2,Phil 97-0693,2014-0013,"Oct. 19, 2022",2022-10-19,ok,Cross combination.xlsx,Phil 97-0693,C12,12,3,e69ef111484161fcbe0e975477a24e4052f12b0713e5ef7bcfb65b68577de1d8
cmb_dcbcab962d90470dc37b50b70cda,Phil 97-0693,2009-1969,"Oct. 19, 2022",2022-10-19,ok,Cross combination.xlsx,Phil 97-0693,D12,12,4,4289823f9a7812ee7d3e7bc123c5dd07d8dee3aafe58ee600db2ea85956fb872
cmb_3914f8ea248fd3eb603f7c9241dd,Phil 97-0693,2015-103-0867,"Oct. 19, 2022",2022-10-19,ok,Cross combination.xlsx,Phil 97-0693,E12,12,5,e530bc2ee1c590d77fcdfb988e49dbe55d81a85838e4cf4fd1ed13655ef3fb9f
cmb_777f84dd932f4eb26e8ee9da62a2,Phil 97-2041,84-5799,"Oct. 22, 2012",2012-10-22,ok,Cross combination.xlsx,Phil 97-2041,B3,3,2,f38a8310d5dcf443ae6967c4896929cff3a512e04bc7568093e1676f4b8c3690
cmb_ac92aa2cc27cd3b3a498a2d2c2e8,Phil 97-2041,92-1589,"Oct. 22, 2012",2012-10-22,ok,Cross combination.xlsx,Phil 97-2041,C3,3,3,d026100917a07bd2031c22c7b12d7ec46666c6abcc13d5ab2b4c37788b9265f3
cmb_12c89f79af624467632db9dbff76,Phil 97-2041,99-2929,"Oct. 22, 2012",2012-10-22,ok,Cross combination.xlsx,Phil 97-2041,D3,3,4,b97099e5503df79c2d1af8d49aab615fba66d894f0eda1d84d23ee9bfff968df
cmb_19c49ff25ddad21ed6701616177b,Phil 97-2041,03-2063,"Oct. 22, 2012",2012-10-22,ok,Cross combination.xlsx,Phil 97-2041,E3,3,5,aa2b3e21134977595552c86868228d34d5a8da2fd3d48fcf7f3300574d84054b
cmb_8526a845f4625498e20001781ad0,Phil 97-2041,6607,"Oct. 23, 2013",2013-10-23,ok,Cross combination.xlsx,Phil 97-2041,B4,4,2,8e561226564f46330b5c9de036825ab07f7083293295c12fe1c8c81d98ea75b2
cmb_802f99883ccb11221a411d1aebbd,Phil 97-2041,00-1161,"Oct. 23, 2013",2013-10-23,ok,Cross combination.xlsx,Phil 97-2041,C4,4,3,4ce7ac7f1206d18f8abc7b3a1d40c09ba91ba30b78f161789eee3d810c228c32
cmb_67dce865fc0ae560cd0e15c24088,Phil 97-2041,92-0577,"Oct. 23, 2013",2013-10-23,ok,Cross combination.xlsx,Phil 97-2041,D4,4,4,84f101053379446d187c874ca93f52f2eea08a1efe632b78a49ae2355b035a3b
cmb_bb7c4e7d820bee2de5f09ed53526,Phil 97-2041,04-1011,"Oct. 23, 2013",2013-10-23,ok,Cross combination.xlsx,Phil 97-2041,E4,4,5,f00fff251a595dc3e3433f65a451f35c969ba9ecea3bde69bd9ee33c36a493ce
cmb_6298527c9baa963bfa885be60930,Phil 97-2041,93-2349,"Oct. 25, 2014",2014-10-25,ok,Cross combination.xlsx,Phil 97-2041,B5,5,2,e6718177554bffbcb57d6e6d9edfccb2fa149493445c1278e501da7914f07905
cmb_12e7c2d25c270dbcb83c85ddeb68,Phil 97-2041,06-2299,"Oct. 25, 2014",2014-10-25,ok,Cross combination.xlsx,Phil 97-2041,C5,5,3,4dbf58001f896cee9686234da81a0099409058ac6716b1bb5d01bc594801f75f
cmb_61972b09546accb50e9b13584e93,Phil 97-2041,03-1389,"Oct. 25, 2014",2014-10-25,ok,Cross combination.xlsx,Phil 97-2041,D5,5,4,0032086d7f7c4af3bbcf9d38f29badd78b988f2b38e028e88cd577686de9176f
cmb_75f5f8ea155ba77462cc5031bb67,Phil 97-2041,00-2569,"Oct. 25, 2014",2014-10-25,ok,Cross combination.xlsx,Phil 97-2041,E5,5,5,f3549e515e68680626057286a06c0a47b961ef8c0ba8b1e202ee6a6108525a6c
cmb_feaa6dfef413086a4c68551d8544,Phil 97-2041,98-2137,"Oct. 25, 2014",2014-10-25,ok,Cross combination.xlsx,Phil 97-2041,F5,5,6,6d47b3fac68f9cf7aa1a956db837ccfa82e8ddfbb6662a9d96c3eccb4824e8ce
cmb_4940fb636a1dbd771028024650b7,Phil 97-2041,78-3981,"Oct. 31, 2015",2015-10-31,ok,Cross combination.xlsx,Phil 97-2041,B6,6,2,79445158061f91a4a6af2eeea372ff354a5c88c2b523c4cb099153eeab36239a
cmb_029599ca721619b439aba3b87812,Phil 97-2041,85-4345,"Oct. 31, 2015",2015-10-31,ok,Cross combination.xlsx,Phil 97-2041,C6,6,3,3fdcd2ca204a37779ef5a3b66b5ac2950ce55ed481728137b5d5985a95b02cdf
cmb_8feeac8a678cc1d63b0c4f0733c2,Phil 97-2041,98-0085,"Oct. 31, 2015",2015-10-31,ok,Cross combination.xlsx,Phil 97-2041,D6,6,4,5ad84df9a1237b13e602aae34831104f2a148e780157a75d287ff40f33053fd5
cmb_e04c2f462d32b818a6c57fb4a2ee,Phil 97-2041,VMC 90-239,"Oct. 24, 2018",2018-10-24,ok,Cross combination.xlsx,Phil 97-2041,B7,7,2,f6e5edd2398b2136581e41e9a56aa7d4ab98303072d25d321e62e1c4575ab86e
cmb_10323a2ef7c183bd450282ca9797,Phil 97-2041,92-1207,"Oct. 24, 2018",2018-10-24,ok,Cross combination.xlsx,Phil 97-2041,C7,7,3,6222085fd099669765cc7e4beb3a8ae12c461a41e4a760925fa64c64d501d7fe
cmb_068dff7e15b9a84931bf4fe0f7b7,Phil 97-2041,97-3161,"Oct. 24, 2018",2018-10-24,ok,Cross combination.xlsx,Phil 97-2041,D7,7,4,9fb8d027eacde2f579f26d76c3f06c76f7e9ebbf0424af521a63e3a3efa54f54
cmb_d61faec3abf4e2a890ee5dab9813,Phil 97-2041,07-0563,"Oct. 29, 2019",2019-10-29,ok,Cross combination.xlsx,Phil 97-2041,B8,8,2,7f15fb827390b2bbe73c234a5d727dac4a25184c38358c1955024a9fffd35e4f
cmb_9fdee7abc72df8e0c9e852b7d3b1,Phil 97-2041,93-0775,"Nov. 1, 2019",2019-11-01,ok,Cross combination.xlsx,Phil 97-2041,B9,9,2,7364dcf205722ff980a60e78200a6108804c8f06dbec9e507be069fe51a3c838
cmb_ba7007ab3cf1237ac31631372a81,Phil 97-2041,84-5799,"Oct. , 2020",2020-10-13,ok,Cross combination.xlsx,Phil 97-2041,B10,10,2,7834e7f7e11913e8dca23e9035e95d50fc526e1ae064203ea0a9aacf2f164889
cmb_1f947d5eabc040e439f03acd43ca,Phil 97-2041,85-4345,"Oct. , 2020",2020-10-13,ok,Cross combination.xlsx,Phil 97-2041,C10,10,3,c6d74e0ea34708199b7408c1232905ea5f6a9722bef86246253208b953c54d61
cmb_23ab4a2115301fce3b8370bf8f55,Phil 97-2041,8723,"Oct. , 2020",2020-10-13,ok,Cross combination.xlsx,Phil 97-2041,D10,10,4,8e7da06c604bfdb54595da0f693697295e73ded5e8d7df5d959ce48e9ec8f5d3
cmb_e2f5bc44db220772280c74bc6cac,Phil 97-2041,93-2349,"Oct. , 2020",2020-10-13,ok,Cross combination.xlsx,Phil 97-2041,E10,10,5,84a814a980a15027d519a975f8ade1464482d2855fd179f3b7460102cbe9ccd5
cmb_cf988b10eea4c7866ef65f2f8945,Phil 97-2041,04-1011,"Nov. 9, 2021",2021-11-09,ok,Cross combination.xlsx,Phil 97-2041,B11,11,2,1983e10b4a992058faa5a8855cd96a85b2dc8150cd3143d806a2c6275726dac5
cmb_fa6838d856f83ca06e6bbe9cbfc3,Phil 97-2041,14-0013,"Oct. 20, 2022",2022-10-20,ok,Cross combination.xlsx,Phil 97-2041,B12,12,2,6cb40e2c7bd24ca1fbdb1573823728d5b49535e7e4aaf1c87b32941fabc6eb4b
cmb_150b3aaf6d699021a2b91e39d17d,Phil 97-2041,2010-0149,"Oct. 20, 2022",2022-10-20,ok,Cross combination.xlsx,Phil 97-2041,C12,12,3,387ba6f16a229d067ebb5da5e4504492186a2d2038424d932798f7c65c808053
cmb_aa0639e99c352939903214905692,Phil 97-2041,93-219-2889,"Oct. 20, 2022",2022-10-20,ok,Cross combination.xlsx,Phil 97-2041,D12,12,4,1804b9cc160148059c60ff29cf98f38baadeab7fd9b0e4aeabf161953b04777a
cmb_65af48ca21de42c2ba7f4819f9d8,Phil 97-2041,2009-1969,"Oct. 20, 2022",2022-10-20,ok,Cross combination.xlsx,Phil 97-2041,E12,12,5,787c14dea0241fdd653c5ebd88c379eca5352f54e64783c3d1f38ccd5ad14ffc
cmb_14e08fca6bb5ea5c24c469bd8b0d,Phil 97-243-2509,97-2041,"Oct. 20, 2012",2012-10-20,ok,Cross combination.xlsx,Phil 97-243-2509,B3,3,2,de81c16ccf37e291c8e15a6479ba7b25ad51fb25b95bdbf50d74ecd057f84636
cmb_2bd4898026f88cbb57950773a6bd,Phil 97-243-2509,93-2349,"Oct. 20, 2012",2012-10-20,ok,Cross combination.xlsx,Phil 97-243-2509,C3,3,3,f87ef82871ad4e6eb6fb3356d7f1a3e0dad7f9fd7e1c1293b5f36c17fbbee8f9
cmb_fde24640fc6c4c39558ff385c778,Phil 97-243-2509,97-4435,"Oct. 20, 2012",2012-10-20,ok,Cross combination.xlsx,Phil 97-243-2509,D3,3,4,66a8381d2e57f4a59fbd951b9459a365249732c20e48b7fd690e4e483d6860f5
cmb_f8c58e080e88fdfa0224cae75259,Phil 97-243-2509,06-1681,"Oct. 19, 2013",2013-10-19,ok,Cross combination.xlsx,Phil 97-243-2509,B4,4,2,0d5e1a2c95724979bd3ce3b5e916916d1eafe56497c2661dc54fe2a11c60c9b0
cmb_063498ef5780fcf8ebea257aca60,Phil 97-243-2509,99-1793,"Oct. 19, 2013",2013-10-19,ok,Cross combination.xlsx,Phil 97-243-2509,C4,4,3,767b978b14b8cb3c66fa22824812c85cdc5e01e714a7ec697c4e1d8988eb0987
cmb_521a574ae78452e359f171e7fec4,Phil 97-502-3041,99-1793,"Oct. 31, 2012",2012-10-31,ok,Cross combination.xlsx,Phil 97-502-3041,B3,3,2,c93b51b1c6214f378d8d5a73b5019e059528a0b64c364d9b6bd556b2b7f2bc9b
cmb_8fd84a1cfb17fa72c3ef17fa903e,Phil 97-502-3041,2010-0149,"Oct. 28, 2022",2022-10-28,ok,Cross combination.xlsx,Phil 97-502-3041,B4,4,2,1f48520de43b392355ef2fea3c322e33d265b95546218915744e0d1156c1933b
cmb_bbf48c39a70e6734bee8c009ec1e,Phil 97-512-3161,99-1793,"Oct. 23, 2012",2012-10-23,ok,Cross combination.xlsx,Phil 97-512-3161,B3,3,2,af8684a3d8526b1979dd49144762843ded9f622ef8becb12b8fd4b8dac886b5d
cmb_fe7bfc40d07072a40e0cf245f92a,Phil 97-512-3161,97-2041,"Oct. 23, 2012",2012-10-23,ok,Cross combination.xlsx,Phil 97-512-3161,C3,3,3,4adb841c0dabfacb1b35b38383f8d76943d39c3f9fb05d1cd1c4030701044692
cmb_3566cbc0b2e1bbea75b9a468d9c5,Phil 97-512-3161,00-2569,"Oct. 23, 2012",2012-10-23,ok,Cross combination.xlsx,Phil 97-512-3161,D3,3,4,7375473d99c86d8dc63cfe46769721df5755affcdabbb0de071002884764f141
cmb_1b50d48c9b7d346ab1ec6f0e3346,Phil 97-512-3161,97-0693,"Oct. 18, 2013",2013-10-18,ok,Cross combination.xlsx,Phil 97-512-3161,B4,4,2,3a2578fadf68d77f8b28c912837fc66dda28beab4842226aabf2f2a60635d718
cmb_5a67bd48f32ecd739c38530c22a4,Phil 97-512-3161,06-2299,"Oct. 18, 2013",2013-10-18,ok,Cross combination.xlsx,Phil 97-512-3161,C4,4,3,dff4396ad7e01820673322e88f160c9ea199b64935b9553c41eb6eac346a4580
cmb_6aee7ac753ea63d8344b1c3f6179,Phil 97-512-3161,93-2349,"Oct. 18, 2013",2013-10-18,ok,Cross combination.xlsx,Phil 97-512-3161,D4,4,4,7a7d18267ab556f405d49aa9d039b4370771b81ceed694089f6c4d97cc1289f9
cmb_5131ab861386db38862f70b21ff9,Phil 97-512-3161,80-5619,"Oct. 31, 2015",2015-10-31,ok,Cross combination.xlsx,Phil 97-512-3161,B5,5,2,7ca5505e92a45e2f4577b24105ae3af8ee9f2b398bd4d604eb448afaa5ba5f85
cmb_51a54ca9dc57caf334936643b2b9,Phil 97-512-3161,06-1681,"Oct. 31, 2015",2015-10-31,ok,Cross combination.xlsx,Phil 97-512-3161,C5,5,3,5dbdf67ef562029725b5cd532497d5efd45105034b4be2a69f87b1abb6850aec
cmb_e0c35b26dfa6bdf00c9802fd63bd,Phil 97-512-3161,04-1011,"Oct. 31, 2015",2015-10-31,ok,Cross combination.xlsx,Phil 97-512-3161,D5,5,4,c1381cf695e43ae93d01a285dbdca054c4604c45fdd9990b151a2b95e9588f65
cmb_7c0fb91822cdbebdb77e6352333b,Phil 97-512-3161,97-4435,"Oct. 31, 2016",2016-10-31,ok,Cross combination.xlsx,Phil 97-512-3161,B6,6,2,3fcc1aed4b310fc0ca4f5ec15a217dd56f061373819947b4fcd19822c081d3db
cmb_95ceb514aa5d5199cb2c1319732c,Phil 97-512-3161,90-0049,"Oct. 31, 2016",2016-10-31,ok,Cross combination.xlsx,Phil 97-512-3161,C6,6,3,ecf7ea219d6966c2e35750c460c57990db44f9f7892edc40b72925e3d22c8d7d
cmb_e407b42b0a21a31bf2ed6878dca8,Phil 97-512-3161,00-2569,"Oct. 26, 2018",2018-10-26,ok,Cross combination.xlsx,Phil 97-512-3161,B7,7,2,86a1b1a5a95fc3e095ec27c47a5f78adc3ba8ece898df0a8f29aeb81dec23f87
cmb_662abada49c56e5538d40d940dc6,Phil 97-512-3161,97-0687,"Oct. 26, 2018",2018-10-26,ok,Cross combination.xlsx,Phil 97-512-3161,C7,7,3,b7d81334139c6435f3dde599d3e6971f04bd14c38cb76260384d7203211c34c7
cmb_67eeab5757a0e1741e07d93c4cb7,Phil 97-512-3161,97-2041,"Oct. 26, 2018",2018-10-26,ok,Cross combination.xlsx,Phil 97-512-3161,D7,7,4,0ef9cce0f79ebf9bdd92310814f5f6c731ac99084be001384b631e1eb3efa072
cmb_b273521a529e755c362961c38517,Phil 97-512-3161,04-1011,"Oct. 26, 2018",2018-10-26,ok,Cross combination.xlsx,Phil 97-512-3161,E7,7,5,b80537587367455fa66a850afd05c01c65a1298968c58de768339eb6643a1bce
cmb_3f730850432ec2b245f8551ccc4c,Phil 97-512-3161,99-1793,"Oct. 26, 2018",2018-10-26,ok,Cross combination.xlsx,Phil 97-512-3161,F7,7,6,d1e31338e89ea63dcc2cb7866e875cf2f72d19d3be7b42b8effe733f028680be
cmb_5ea35ed8ba54c526facc8d145ea7,Phil 97-512-3161,85-4345,"Oct. 17, 2019",2019-10-17,ok,Cross combination.xlsx,Phil 97-512-3161,B8,8,2,c43385b63133fbc79fb83a216a7c999dd933b0bf656f0ed929a1920e3dce5e60
cmb_442569a549e64adbccf603afa4a0,Phil 97-512-3161,93-2349,"Oct. 17, 2019",2019-10-17,ok,Cross combination.xlsx,Phil 97-512-3161,C8,8,3,c67d8509ecd8c6e0d950253e28185b85889217cefae47a660542e793b9d578b0
cmb_7d33e01b2a0adda29e781900f835,Phil 97-512-3161,92-1589,"Oct. 17, 2019",2019-10-17,ok,Cross combination.xlsx,Phil 97-512-3161,D8,8,4,1c0a555a0332ce2edcdb73849569157673f39ddd7ed55492b996cbcd95889146
cmb_d3f58b52f7c8285c3ac11b969acb,Phil 97-512-3161,88-0363,"Oct. 31, 2019",2019-10-31,ok,Cross combination.xlsx,Phil 97-512-3161,B9,9,2,bcf1ab3261c8edc0fe075b901ec137ad2d551cb9431f96278c94b7967b3ee992
cmb_c12fa3832e9cc6fcfe2cb57d85bb,Phil 97-512-3161,Q102,"Oct. 29, 2020",2020-10-29,ok,Cross combination.xlsx,Phil 97-512-3161,B10,10,2,4c893095b7233943867a4beb31c41809dbd99dd54d6cb72cb67f69b981bad732
cmb_d8a04c1402257da84bf98f83408b,Phil 97-512-3161,92-0535,"Oct. 29, 2020",2020-10-29,ok,Cross combination.xlsx,Phil 97-512-3161,C10,10,3,e3ba79369cfb5e2047612a341fa393a07e03a44f508d153fb3f3ff925ac17391
cmb_54e859df6af0f8b655b732c03148,Phil 97-512-3161,2007-0563,"Nov. 2, 2021",2021-11-02,ok,Cross combination.xlsx,Phil 97-512-3161,B11,11,2,95d8559c643fd9c40110b2994c3ddb9340fba9ec587f6fbd30cd033302d29383
cmb_630fa52a5338fc747bfe49d211e4,Phil 97-512-3161,09-1969,"Nov. 2, 2021",2021-11-02,ok,Cross combination.xlsx,Phil 97-512-3161,C11,11,3,517eb77504b7544448b2ced65898d6e4db50aff24769e572c8d260b22a446639
cmb_455525b9854a9a120ca0b3304e0d,Phil 97-512-3161,2004-1011,"Nov. 2, 2021",2021-11-02,ok,Cross combination.xlsx,Phil 97-512-3161,D11,11,4,7a3e56e0ef12a268268bb45b9b23b7bbb86ccdfe13c42e9fc4815d008fdf4b3c
cmb_348ca825005ccfea33b29107c11a,Phil 97-512-3161,93-219-2889,"Oct. 21, 2022",2022-10-21,ok,Cross combination.xlsx,Phil 97-512-3161,B12,12,2,59071333393e851c81f6433e87167e011be9e7ce9321ff4c77bd2f9e0e9222c3
cmb_3cb983af011a62a7fbe9df7c3341,Phil 97-512-3161,2006-1899,"Oct. 21, 2022",2022-10-21,ok,Cross combination.xlsx,Phil 97-512-3161,C12,12,3,5822429e0096384cc637e7f501da89008fdac8bc19c21378469015ca85f17a1a
cmb_206931efe0b81d839e6d23333d6d,Phil 97-512-3161,99-1793,"Oct. 21, 2022",2022-10-21,ok,Cross combination.xlsx,Phil 97-512-3161,D12,12,4,eb99950d9f03c74c2fcf0586852da50dd6a5f619b9e9293421fb75c611885b53
cmb_0bce9edb9c9ec1152074c1180bd1,Phil 97-512-3161,2009-0919,"Oct. 21, 2022",2022-10-21,ok,Cross combination.xlsx,Phil 97-512-3161,E12,12,5,b824eeb2709bd4f0fc8dd0afb3c51ee25c8c98881b619e8784592ea4120f067c
cmb_7e876c3332622ed6fb164692a818,Phil 97-3501,8715,"Oct. 27, 2012",2012-10-27,ok,Cross combination.xlsx,Phil 97-3501,B3,3,2,18614259d01f49b5c14713ec56a5d46f1f79552b38dcd3dcbf73df661225beee
cmb_0265429be61ee990b2626fcf423d,Phil 97-3501,00-2569,"Oct. 27, 2012",2012-10-27,ok,Cross combination.xlsx,Phil 97-3501,C3,3,3,81f188c5631bf482472314a64bc2db5601644579d7be0c80f679e8e64f824e37
cmb_146fd8f938947137100a2b23abba,Phil 97-3501,91-1091,"Nov. 5, 2014",2014-11-05,ok,Cross combination.xlsx,Phil 97-3501,B4,4,2,e1dc75a5b098d8826ed95cb4536a9b5486b543817837435dc4daa3360b5d06ff
cmb_b28eafcda796b80481f968d5e704,Phil 97-3501,90-0173,"Nov. 8, 2015",2015-11-08,ok,Cross combination.xlsx,Phil 97-3501,B5,5,2,067532d5a8f32551507c7e5fcb92a06dbb750801edccdd683d6925277b1122bd
cmb_5c99004c8496c09cd329272877bd,Phil 97-3501,90-0049,"Nov. 17, 2016",2016-11-17,ok,Cross combination.xlsx,Phil 97-3501,B6,6,2,20a61e8208c46deef3107695a1f7165cad8770633ea53bb6023311367525111b
cmb_1d439fd70b48d1df6bbe9f77bb7b,Phil 97-3501,85-4345,"Oct. 30, 2019",2019-10-30,ok,Cross combination.xlsx,Phil 97-3501,B7,7,2,3c7ded444cbcd8dd3a5a2b57d0e912c2af05b0c8aa004f4e97363c3f6a923bb3
cmb_7bf765baf870638d53940ff62b9f,Phil 97-3501,88-0363,"Oct. 31, 2019",2019-10-31,ok,Cross combination.xlsx,Phil 97-3501,B8,8,2,811ee6db6def0b2dbdc931400434d652fe50a78fd98f138a9f9ecdfce68b258a
cmb_740bf27216ea5b3ba708fffcee71,Phil 97-3501,90-0345,"Oct. 31, 2019",2019-10-31,ok,Cross combination.xlsx,Phil 97-3501,C8,8,3,6bb815c4d90fad28070fed7fe995f758ffd29007bb98059016ebad1b30ffdab9
cmb_3cff4d3c1e2abe93c79a4d7bec68,Phil 97-3501,99-1793,"Nov. 1, 2019",2019-11-01,ok,Cross combination.xlsx,Phil 97-3501,B9,9,2,d6fb58780d496bc7cd30638f53a27b5b07cc1c278bba3feef6e9923d10e11f64
cmb_d73dd641aee2b837f8fdf19857db,Phil 97-3501,06-1899,"Nov. 1, 2019",2019-11-01,ok,Cross combination.xlsx,Phil 97-3501,C9,9,3,6516dd7c9368dc1e8880d08d1a26db6e8ef2b13338bd2470abfb068d68fa49a9
cmb_d603220407e691e50ea158d9e510,Phil 97-3501,92-75-1091,"Oct. 22, 2021",2021-10-22,ok,Cross combination.xlsx,Phil 97-3501,B10,10,2,659a5f7dd16ac21296d82779480baa4ad70d1c41a6d7999d7dee88b7558686f2
cmb_ac1b1598897db29257e9b11e6bff,Phil 97-3501,07-0563,"Oct. 22, 2021",2021-10-22,ok,Cross combination.xlsx,Phil 97-3501,C10,10,3,fc71e21f2e1157e04c750f68ad8e677f8953bd6da9f7b4867e2d0df3234982e3
cmb_3227856caa6e08495348ffec3841,Phil 97-3501,2010-0149,"Oct. 22, 2021",2021-10-22,ok,Cross combination.xlsx,Phil 97-3501,D10,10,4,c2dfeaf933bd69db8071cf846f0a6e462f026254c82b18d888272eff873e82d0
cmb_9d295031a693f26734f9aff0ade2,Phil 97-3501,09-1969,"Oct. 22, 2021",2021-10-22,ok,Cross combination.xlsx,Phil 97-3501,E10,10,5,45e00f7e9ccf1d3856dddf4ec276c17051a022a8a8030416191d4a3b6240d04f
cmb_1ff0f60a96d1874af50adecd7937,Phil 97-3501,2000-2569,"Oct. 26, 2022",2022-10-26,ok,Cross combination.xlsx,Phil 97-3501,B11,11,2,7c9cc0c744c8698cf4a1610579d20c9f02848037ea548bd4e11c2c81329f2a68
cmb_1fa8bc899f24f1806dfce08bf3a8,Phil 97-3501,99-1793,"Oct. 26, 2022",2022-10-26,ok,Cross combination.xlsx,Phil 97-3501,C11,11,3,b34975f795c3f0f2ab33d2999ce0afe1f3a36f0fa4849e86526cdc17af877647
cmb_c74ee32d00c132a1646af0ed9389,Phil 97-763-4549,97--0693,"Nov. 2, 2016",2016-11-02,ok,Cross combination.xlsx,Phil 97-763-4549,B3,3,2,27052003745defe1e661c4c540335c82fb41dc912636b8bc3880ffaf4fe48ff9
cmb_c0d33dd10974e031aa7bb4b72635,Phil 97-763-4549,2004-1011,"Nov. 2, 2016",2016-11-02,ok,Cross combination.xlsx,Phil 97-763-4549,C3,3,3,600faf6cf104297133abeeb917c7a5ddaedee803b06a6237d88955afad8031b4
cmb_5d0884261a3b3ce60cc50ab12379,Phil 97-763-4549,93-2349,"Nov. 1, 2017",2017-11-01,ok,Cross combination.xlsx,Phil 97-763-4549,B4,4,2,83974d9a5a5ea577549bf19edb525dd1ed953ea74ed08da6cec0af66e728204d
cmb_df2e3c4256926de187d8f1664fed,Phil 97-763-4549,99-1793,"Nov. 1, 2017",2017-11-01,ok,Cross combination.xlsx,Phil 97-763-4549,C4,4,3,aca2f48bcce16f1317da97b0e0a3dc787e058fe59a28fbf2c0d7d1b9e1e236e9
cmb_a02b8b5c90896a97902f69d5dc43,Phil 97-763-4549,00-2569,"Nov. 7, 2018",2018-11-07,ok,Cross combination.xlsx,Phil 97-763-4549,B5,5,2,d339f12d4d550181ec37af8e715ec2f39f06a76f79a6abd85be0b8b5ef25a511
cmb_be6fece297e2a514127c26d65a53,Phil 97-763-4549,09-1969,"Oct. 28, 2021",2021-10-28,ok,Cross combination.xlsx,Phil 97-763-4549,B6,6,2,8f6bd50330e5082b326e4c2a019f190396750abd1ca3a68c12d9a90060cbf173
cmb_85fbc75d97d4eccec9b5b186679f,Phil 97-763-4549,08-0909,"Oct. 28, 2021",2021-10-28,ok,Cross combination.xlsx,Phil 97-763-4549,C6,6,3,9b8d2e7d147c13cf368ccee2fe2c261d63ffa3b8afd6651c359a8f490e5994f4
cmb_2e29694330eebb105e8fe215e47c,Phil 97-763-4549,04-1011,"Oct. 28, 2021",2021-10-28,ok,Cross combination.xlsx,Phil 97-763-4549,D6,6,4,581235f03b67c9f3d238c02397df8b08f91704c26c29fa3504d3ad32a1027430
cmb_79f28a03cca6bffe3e76f11a1846,Phil 97-763-4549,2010-0149,"Oct. 25, 2022",2022-10-25,ok,Cross combination.xlsx,Phil 97-763-4549,B7,7,2,10dc34441f4b655a325aeffc247acfe7ee1f9066e44b3629851b17e1ac46d40e
cmb_dac98d0f4d5e7094901a8ca69284,Phil 97-763-4549,2009-0919,"Oct. 25, 2022",2022-10-25,ok,Cross combination.xlsx,Phil 97-763-4549,C7,7,3,6d212747e97c7c539b1fd0d8017e22b0fc697a71f5b2be10a71a5a3954da2bf8
cmb_0e7d22a668349721f0dde1a0e21f,Phil 97-763-4549),99-1793,"Oct. 30, 2012",2012-10-30,ok,Cross combination.xlsx,Phil 97-763-4549),B3,3,2,5bc01d6a14eeb879b58036569b0967a02c352a13d255e046992d1a7c707e85d5
cmb_a78b5bfd1cbb3b10f76433ab56a3,Phil 97-763-4549),04-1011,"Oct. 28, 2013",2013-10-28,ok,Cross combination.xlsx,Phil 97-763-4549),B4,4,2,b411de242f5ca6c47f4b0249f82c37fd567e7a5c5295b2d4f9d6638e67dd5cf0
cmb_d861a19a12d96791548c912c74e1,Phil 97-763-4549),00-2569,"Oct. 28, 2013",2013-10-28,ok,Cross combination.xlsx,Phil 97-763-4549),C4,4,3,db7681088aee4e256650e9d2a1784ac6c4404db9b116a5dad06e58ab6d88d8b8
cmb_e5b23c26e4d366af87ce74b60fbe,Phil 97-763-4549),Q102,"Nov. 4, 2015",2015-11-04,ok,Cross combination.xlsx,Phil 97-763-4549),B5,5,2,258184c8d68fafc960149e4f66c71de0547010f4d606266c959f79aff5dfc4ef
cmb_e0a364eec28dc9a7a1df408526ba,Phil 97-763-4549),06-1899,"Nov. 9, 2016",2016-11-09,ok,Cross combination.xlsx,Phil 97-763-4549),B6,6,2,98da1e9e2eb6dc3cebf71b3a414f25613eb88e8153d3e2bb3a711e9be7c6c17d
cmb_45e99e1ab54773b70b54c5e5fa4e,Phil 97-763-4549),92-0751,"Nov. 4, 2017",2017-11-04,ok,Cross combination.xlsx,Phil 97-763-4549),B7,7,2,4ec01f7e0e37beb29f5b2d8c5ffc3f59d6599a9078a8e819c3f4bb841c6f3a1a
cmb_da943db9a507f26543b68ceb60a6,Phil 97-763-4549),99-1793,"Oct. 30, 2018",2018-10-30,ok,Cross combination.xlsx,Phil 97-763-4549),B8,8,2,d81a27064d42a31f0ecd6f0af5985af0552203a21f64a806448794df7ef510e9
cmb_17a33603d9405f6b2e032c89d93d,Phil 97-763-4549),00-2569,"Oct. 30, 2018",2018-10-30,ok,Cross combination.xlsx,Phil 97-763-4549),C8,8,3,ff12cdf3174a5371d6bb257b244f298e985dd217cb249ca632c9a2e5cd809eb1
cmb_32c7d0863a74dac7cfbced1ddb1b,Phil 97-763-4549),8013,"Nov. 6, 2019",2019-11-06,ok,Cross combination.xlsx,Phil 97-763-4549),B9,9,2,c2b25b40c58a1b5a70d95d5f426bbc09a1dfe85c5f7acc05d01cbffd45277582
cmb_255675a90b2a767a528a348e36f2,Phil 97-763-4549),93-2349,"Nov. 6, 2019",2019-11-06,ok,Cross combination.xlsx,Phil 97-763-4549),C9,9,3,167b17929f37cb24e904f54632cb01c12bbce34c50eb0846e3255f82d0f6b2cd
cmb_90c3862c46f12f1541c5e54ca8fc,Phil 97-737-4435,00-2569,"Oct. 18, 2013",2013-10-18,ok,Cross combination.xlsx,Phil 97-737-4435,B3,3,2,f60965ffe098a0c03d0fa9e121db1563a9e74f4955c51bcbd1494ef4f11c4f8d
cmb_ce2ffe0b9839e7b68b2352fe4739,Phil 97-737-4435,01-0295,"Oct. 18, 2013",2013-10-18,ok,Cross combination.xlsx,Phil 97-737-4435,C3,3,3,c18319bd7c3b30f2dcf4708a8c8948e09285e951dfe6242ca43d530d9ab0244d
cmb_d0480dfdc37182a7c89ce9c3e461,Phil 97-737-4435,06-2299,"Oct. 18, 2013",2013-10-18,ok,Cross combination.xlsx,Phil 97-737-4435,D3,3,4,a8bcee6bc3cbacbd7c7e0ae85efe79655a97103e44464f2cfa81e2cc3bfe619a
cmb_3319759de53359c32a1d208b2b1a,Phil 97-737-4435,99-1793,"Oct. 18, 2013",2013-10-18,ok,Cross combination.xlsx,Phil 97-737-4435,E3,3,5,b497f319a628989a900b1ebd5411fc45a4eba6241bc754f6b162b29859130e65
cmb_528c2e9647bb9dab7a0fc50f89c4,Phil 97-737-4435,98-2137,"Oct. 23, 2014",2014-10-23,ok,Cross combination.xlsx,Phil 97-737-4435,B4,4,2,785ea07aa7ed01b7cca04ceba74e15d8d1bf041037bd3bec179d0a6f6b074ce7
cmb_32937f167d93260d01f896eb121c,Phil 97-737-4435,04-1011,"Oct. 23, 2014",2014-10-23,ok,Cross combination.xlsx,Phil 97-737-4435,C4,4,3,c37cbfe776bdd1fa6e3ac9b4767d1b42878a1f3966f76c7bf4b95dae6e02e741
cmb_f3760ed86a266c81c6f3d8d8d4c6,Phil 97-737-4435,2006-2299,"Oct. 25, 2015",2015-10-25,ok,Cross combination.xlsx,Phil 97-737-4435,B5,5,2,dd93a4ed7048ba60410f9499332feb9e8a7b32708516729eaab7a532b899f36e
cmb_6d8283c3092092da83ca5fcd8062,Phil 97-737-4435,93-2349,"Oct. 25, 2015",2015-10-25,ok,Cross combination.xlsx,Phil 97-737-4435,C5,5,3,d9bbcbc1308b3fe4bbeb0627ac377cc38176b3bf2caa56fd243ca6821d0a4164
cmb_455eef8fd37036ca8c6387b9015d,Phil 97-737-4435,86-1119,"Oct. 28, 2016",2016-10-28,ok,Cross combination.xlsx,Phil 97-737-4435,B6,6,2,4d65cdc9f27e98b775269b5df09c3c47b19403b971a2b1e92f68daa87bf89f1e
cmb_080391d90532049b9cda401c2176,Phil 97-737-4435,88-1691,"Oct. 28, 2016",2016-10-28,ok,Cross combination.xlsx,Phil 97-737-4435,C6,6,3,6c09e7d2451847589af9b14ce4b0ff6f9f1ff5639a53715e816147ad5998e618
cmb_e08a9b8b961bccacdbba073cb85c,Phil 97-737-4435,97-0687,"Oct. 28, 2016",2016-10-28,ok,Cross combination.xlsx,Phil 97-737-4435,D6,6,4,ee62d4d1ac9758251363db2446ef9475f0cb9471f7f5dfa1b1e1e2b156017ad6
cmb_57c670dd1ed1769297ca6f1c7a9d,Phil 97-737-4435,99-1793,"Nov. 13, 2017",2017-11-13,ok,Cross combination.xlsx,Phil 97-737-4435,B7,7,2,eee3755d9c2469c54c0766fac37b2f30f614f521183eaedc32acac0dda4244b5
cmb_e4756798c762e9cb608993a24ce2,Phil 97-737-4435,7495,"Oct. 19, 2018",2018-10-19,ok,Cross combination.xlsx,Phil 97-737-4435,B8,8,2,0b663a028094f4ffef6baf83cc62ff0e3098c45cc54acda1a20e0c9fb422aa58
cmb_bdb13a437e4ad2d78d1c8aa1abce,Phil 97-737-4435,93-2349,"Oct. 19, 2018",2018-10-19,ok,Cross combination.xlsx,Phil 97-737-4435,C8,8,3,df3be7f729d2adf3c50efadf4d2c82bc85c115c338454a1f74bcb212e78a7519
cmb_85b37ee64ab7672a6fc78d92080b,Phil 97-737-4435,97-0687,"Oct. 19, 2018",2018-10-19,ok,Cross combination.xlsx,Phil 97-737-4435,D8,8,4,3fbbfe213fc1f0260c0fd0b729afad54a186a87ee6c26a30a8ea1b8d1f948b9e
cmb_8918a5dd3e910e8392f1ab34db78,Phil 97-737-4435,8013,"Oct. 31, 2019",2019-10-31,ok,Cross combination.xlsx,Phil 97-737-4435,B9,9,2,ba445d37667a5a3a9df8f9fa37acc0bea734802cd0812b86f331eccb2c83b4b4
cmb_fe56e1335656fc812277c3a861a6,Phil 97-737-4435,04-1011,"Oct. 31, 2019",2019-10-31,ok,Cross combination.xlsx,Phil 97-737-4435,C9,9,3,92226740a6c22a25052329fae09b3ccb5a6c2256b57be38bc53210ec805eb678
cmb_41ea4be36865e12b53512be0e252,Phil 97-737-4435,06-1899,"Oct. 31, 2019",2019-10-31,ok,Cross combination.xlsx,Phil 97-737-4435,D9,9,4,9c2b324bdb1fab0e84ca5e58d1fefa9faa109804b5042fcd175008417aa8dbc9
cmb_9f4685f4096c1be33218d50e67c3,Phil 97-737-4435,88-1691,"Oct. 26, 2021",2021-10-26,ok,Cross combination.xlsx,Phil 97-737-4435,B10,10,2,8d3985539ecb670a28b53c0914240a7d6825576d51c29d938775fd4f834e55c0
cmb_9ba458c2f467d95f43f408293853,Phil 97-737-4435,2010-0149,"Oct. 26, 2021",2021-10-26,ok,Cross combination.xlsx,Phil 97-737-4435,C10,10,3,342dcb9d722ae75d369527258bc3213b6b96b5e104ad598beb2bcf6d35664b0a
cmb_f3c400fd714032685515b8ba83fd,Phil 97-737-4435,07-0563,"Oct. 26, 2021",2021-10-26,ok,Cross combination.xlsx,Phil 97-737-4435,D10,10,4,00c9817993cdbcb72c680d591e74826c67254f82f59b4b22f188a8c7ed8ff2dd
cmb_b1f2aa98426a26a5b94aa1b42788,Phil 97-737-4435,93-2349,"Oct. 26, 2021",2021-10-26,ok,Cross combination.xlsx,Phil 97-737-4435,E10,10,5,ceb6e90f41a1c6003e6f7579d76a6a382b15281ef641dde2775b3a6e9ff67e23
cmb_a2f8dbe3a45609c32c78181bd809,Phil 97-737-4435,04-1011,"Oct. 26, 2021",2021-10-26,ok,Cross combination.xlsx,Phil 97-737-4435,F10,10,6,15d0c59b9a41f332dd786d9df3fe1db6644f7b7b08b987733b99580726651b64
cmb_72e1a622027c5b99120ad8c44758,Phil 97-737-4435,2014-0013,"Oct. 19, 2022",2022-10-19,ok,Cross combination.xlsx,Phil 97-737-4435,B11,11,2,184b7b970139f926484b7b10cb52d264e74f568b37638620684671f2d4b86653
cmb_87d0efa3a213c972d9fd803e7e23,Phil 98-037-0255,85-4345,"Oct. 20, 2012",2012-10-20,ok,Cross combination.xlsx,Phil 98-037-0255,B3,3,2,b049230af7884e1e24d8e70e4eae66c65b7eca4c4c179cd823828b188a87cec2
cmb_15d496ea5e3857b95a45de41e451,Phil 98-037-0255,97-2339,"Oct. 20, 2012",2012-10-20,ok,Cross combination.xlsx,Phil 98-037-0255,C3,3,3,c060fdf7fe32abdd5c5c186d651d78176b6c24cb35d935cbde37bb092f0d17ce
cmb_9c412cc89fbba8162ca479cc808a,Phil 98-037-0255,98-2137,"Oct. 20, 2012",2012-10-20,ok,Cross combination.xlsx,Phil 98-037-0255,D3,3,4,6013ba96b66996dbb555f127d41974199cd18ce7d496bbab7ea745918d97b519
cmb_836233a607bd54bf17a773503425,Phil 98-037-0255,94-0221,"Oct. 20, 2012",2012-10-20,ok,Cross combination.xlsx,Phil 98-037-0255,E3,3,5,b1d01dd465acdf1a5b1f5589537e52ae50a9de725481a30fdee0f0cbc117ed21
cmb_8ba85092c6fe0e8c91fdc2cf44a7,Phil 98-037-0255,7115,"Oct. 18, 2013",2013-10-18,ok,Cross combination.xlsx,Phil 98-037-0255,B4,4,2,813338baf3cf34bd2e8da0458e3c7fb3f9b3019392c7d8380a9aab9679c967a0
cmb_fb67dc8b120a91fd40a840fb2b2a,Phil 98-037-0255,91-0707,"Oct. 18, 2013",2013-10-18,ok,Cross combination.xlsx,Phil 98-037-0255,C4,4,3,e7341d11cfb6308fe80b0c61893416ee04a02b70f1660c171a1b785d66ce6ab3
cmb_00d012775795fa72513c2660f04c,Phil 98-037-0255,06-1681,"Oct. 18, 2013",2013-10-18,ok,Cross combination.xlsx,Phil 98-037-0255,D4,4,4,ea275700385e90937b670b624e8c80464f0dd0e3fde7662e379b20edcf7fa13d
cmb_39705dbe6d7f5f146911488295fb,Phil 98-037-0255,93-0775,"Oct. 18, 2013",2013-10-18,ok,Cross combination.xlsx,Phil 98-037-0255,E4,4,5,491243178d68ec75cc6d898ea4e7fe5c90997a6ac1e746c8adc8d38e4786b991
cmb_575149335290feb70e8961cbf8d9,Phil 98-037-0255,05-0645,"Oct. 18, 2013",2013-10-18,ok,Cross combination.xlsx,Phil 98-037-0255,F4,4,6,5386344fbe00c5e8dd55a56813b0bf853e9cb59870f0b42606bf309ac4e454e6
cmb_898728bc15b349d223ae13c07bf7,Phil 98-037-0255,05-1197,"Oct. 22, 2014",2014-10-22,ok,Cross combination.xlsx,Phil 98-037-0255,B5,5,2,6f69c5e2d69840d4832bb27c835d5e305b2ec9b1c696f8ebdea9215e38136055
cmb_975d1c2383a1c2d0070e97a1d9e9,Phil 98-037-0255,06-2299,"Oct. 22, 2014",2014-10-22,ok,Cross combination.xlsx,Phil 98-037-0255,C5,5,3,9e5c8421ab7162b6e3129ab3a0362b8decf05ab4bd574d9f17dbca1d74fb842f
cmb_ef789f16f91eeaad45a74af5b441,Phil 98-037-0255,78-3981,"Oct. 28, 2015",2015-10-28,ok,Cross combination.xlsx,Phil 98-037-0255,B6,6,2,dc44f3434ad80b9549b5c4d28073f387f941d266d119b3a8000f572dd3e1c6d8
cmb_7a5f41a288b872561a2c11d95daa,Phil 98-037-0255,93-2349,"Oct. 28, 2015",2015-10-28,ok,Cross combination.xlsx,Phil 98-037-0255,C6,6,3,a0a15d1457000ca13016fcb824987526f0dda012c68d6841bf981ddc82806707
cmb_55c6cb50f37235e398b833171ffd,Phil 98-037-0255,97-0693,"Oct. 28, 2015",2015-10-28,ok,Cross combination.xlsx,Phil 98-037-0255,D6,6,4,7bff6e5d44ad2d75f9fcd99941f9188da43b0a54166cd8f33c2e01aae07cb2c3
cmb_6b28da5bac2562059f74182ee519,Phil 98-037-0255,Q102,"Oct. 24, 2016",2016-10-24,ok,Cross combination.xlsx,Phil 98-037-0255,B7,7,2,5a2039940ad84ec8bca250ce3ba7754788518b1ba5fafaa17069ce80a56ae394
cmb_4887d5005418bec9f02b642c4685,Phil 98-037-0255,92-1589,"Oct. 24, 2016",2016-10-24,ok,Cross combination.xlsx,Phil 98-037-0255,C7,7,3,040f4df13d8e2e97a2d69ac417cb5be036685eeacfb0b9f6cf4dfe6936a5774f
cmb_6346b6ecf58a2d86e3ec86855d55,Phil 98-037-0255,03-0933,"Oct. 24, 2016",2016-10-24,ok,Cross combination.xlsx,Phil 98-037-0255,D7,7,4,e4f1e1e348a0d633215da69c749c2a482f1f736cdafebf4323fda962b2d756bd
cmb_a414245d370c4a3a69ff3f91410f,Phil 98-037-0255,98-3061,"Oct. 24, 2016",2016-10-24,ok,Cross combination.xlsx,Phil 98-037-0255,E7,7,5,53a1d9e79ee21c3080526f26c3a304bde1ee945d3f9db3517b426eae7024f414
cmb_54893755fd29270738e4e049179c,Phil 98-037-0255,86-1119,"Oct. 22, 2017",2017-10-22,ok,Cross combination.xlsx,Phil 98-037-0255,B8,8,2,c05459de6d78ae404c9b5d19f1a3f3fce116cb8fd314e71da42845dbbffef969
cmb_705d7a4a0283235bc992b435a06d,Phil 98-037-0255,07-2081,"Oct. 22, 2017",2017-10-22,ok,Cross combination.xlsx,Phil 98-037-0255,C8,8,3,fc31b21bc1286ee4a3df0be02e150df87244f71823a72be9e879d37329d76387
cmb_536083268afaa8f402b55bcde161,Phil 98-037-0255,07-0563,"Oct. 22, 2017",2017-10-22,ok,Cross combination.xlsx,Phil 98-037-0255,D8,8,4,e2f96a9dc7299dc36d16219f7c22ea33146cae5e1cf4e56cb7b1c8c937aaf847
cmb_edba5c235e0f8777624b0ef859d1,Phil 98-037-0255,92-1091,"Oct. 22, 2017",2017-10-22,ok,Cross combination.xlsx,Phil 98-037-0255,E8,8,5,9a0f565da304c60ed82509817625fdf0ff170986c953c0c936ec482172231a60
cmb_09188582f0d64ae474b65b80f847,Phil 98-037-0255,6607,"Oct. 22, 2018",2018-10-22,ok,Cross combination.xlsx,Phil 98-037-0255,B9,9,2,1f2b5366ec4b19aa6d847042e3da01c217b5fc7b2e54e08243a8f352f06e68fa
cmb_ed96c13276f71967c4ea95e9aa13,Phil 98-037-0255,85-4345,"Oct. 22, 2018",2018-10-22,ok,Cross combination.xlsx,Phil 98-037-0255,C9,9,3,f899ec288e8a9dfc3cd3779c8c0e78a6324290b0437579713ea945f9e2eb0084
cmb_6bbe56e8459226801cd86b9b7146,Phil 98-037-0255,93-2349,"Oct. 22, 2018",2018-10-22,ok,Cross combination.xlsx,Phil 98-037-0255,D9,9,4,726970743d2d5f90ad18410a96b6563ff3ab22997b7451cf4e368f3dd06ac8b2
cmb_db301e709691b2678e06d0a43011,Phil 98-037-0255,93-0775,"Oct. 22, 2018",2018-10-22,ok,Cross combination.xlsx,Phil 98-037-0255,E9,9,5,378374706d59fb93fdba81ed041fd93defe932a3fc6033821276f08dc34e02b0
cmb_db50dc74125173df7067fee457f9,Phil 98-037-0255,97-0693,"Oct. 22, 2018",2018-10-22,ok,Cross combination.xlsx,Phil 98-037-0255,F9,9,6,704874a9f7ebb242ad75ababcbab5746b651b4686a47e93dff4a9a88ac57ed7a
cmb_1fe2939dc62e235a75841b40bcf2,Phil 98-037-0255,04-1011,"Oct. 22, 2018",2018-10-22,ok,Cross combination.xlsx,Phil 98-037-0255,G9,9,7,74a18ec2e733c810079f1e27b356745efbf63bffaee5ff50b4d84f91e42a69f8
cmb_23d57c149875c069de98526e6b38,Phil 98-037-0255,78-3981,"Oct. 18, 2019",2019-10-18,ok,Cross combination.xlsx,Phil 98-037-0255,B10,10,2,b67279396d5848d2d0a83a7c21068367e71a4136b8b6c9ec37b58bffc28e1f98
cmb_61672df7eeb91fb1af7d67a082a0,Phil 98-037-0255,88-0363,"Oct. 18, 2019",2019-10-18,ok,Cross combination.xlsx,Phil 98-037-0255,C10,10,3,69a9421e6a3f13d655d0e92d5b338f0d6a2b6f9e88f886c82e8e065266e35b55
cmb_d6de27ea2c4e7123558137b4b125,Phil 98-037-0255,97-3161,"Oct. 18, 2019",2019-10-18,ok,Cross combination.xlsx,Phil 98-037-0255,D10,10,4,0f0b72b4b957d1f6d33f76a313aee6893aa56e924ff004dab347f81ee71c61ff
cmb_159c5d293ddab3788447c702aea7,Phil 98-037-0255,93-2349,"Oct. 18, 2019",2019-10-18,ok,Cross combination.xlsx,Phil 98-037-0255,E10,10,5,4ff90c65f37b378739c45c5ffd8e64dceb696a0ba3c2314c561890a21f04b766
cmb_cf9039779687de8c2eea9e652a18,Phil 98-037-0255,07-0027,"Oct. 18, 2019",2019-10-18,ok,Cross combination.xlsx,Phil 98-037-0255,F10,10,6,286ac97d854bd781c36d81186bb376f9440c3565bf32b1131f2c4dfc9eef5a34
cmb_ca1d4390e986019df2c4dccb7213,Phil 98-037-0255,09-0035,"Oct. 18, 2019",2019-10-18,ok,Cross combination.xlsx,Phil 98-037-0255,G10,10,7,45c214e010a83368e37499e8dbb9eda9ed795457b19a77ec94710843ab9e4619
cmb_26603a609219471352e1338af404,Phil 98-037-0255,2010-0901,"Oct. 18, 2019",2019-10-18,ok,Cross combination.xlsx,Phil 98-037-0255,H10,10,8,136ce4a5b09c89cba280f68c1e0a24c9425369b4b84b5eb11e2ec104cde118b9
cmb_6c7dcc46eda71da0199f4337e950,Phil 98-037-0255,84-5799,"Oct. 29, 2020",2020-10-29,ok,Cross combination.xlsx,Phil 98-037-0255,B11,11,2,ab47a2679a4de1706d4e79844a25690c3823146201db0cce2b412f40a53bd631
cmb_fb58e926b2e77a8445428bf5d5a3,Phil 98-037-0255,92-0535,"Oct. 29, 2020",2020-10-29,ok,Cross combination.xlsx,Phil 98-037-0255,C11,11,3,05675f40982b6b8b1290a0828e39e03bae72a4da799a71bae4622907abd639e0
cmb_eadd8d0f2f0106180fe543ef6c10,Phil 98-037-0255,2010-0149,"Oct. 26, 2021",2021-10-26,ok,Cross combination.xlsx,Phil 98-037-0255,B12,12,2,65a422e070ab3ed4b75146c8c28500940b45dd61da693708295ebfbdb59b5a8e
cmb_3ec4483e4856545c1582226f2690,Phil 98-037-0255,2014-0013,"Oct. 18, 2022",2022-10-18,ok,Cross combination.xlsx,Phil 98-037-0255,B13,13,2,ed27e5dd0188cf8eb20ce246dbbdc834d1518fed997a255bbab7cc242e8e2f00
cmb_cc6d78d3d1ec121c7dac918ddff6,Phil 98-037-0255,79-161-1497,"Oct. 18, 2022",2022-10-18,ok,Cross combination.xlsx,Phil 98-037-0255,C13,13,3,3a5b1fa3773b99c1efd25fb406244d7084ca2302a88a42ba1c6e97a1a864c92a
cmb_ead5593de31b56e3402ca4753b79,Phil 98-037-0255,2006-1899,"Oct. 18, 2022",2022-10-18,ok,Cross combination.xlsx,Phil 98-037-0255,D13,13,4,8220eec1681f080decbf403cfd83315c3b8e21670aa9e452e832a6bef7a538fc
cmb_26522a9b79e8f53334ad07ca4491,Phil 98-037-0255,Q102,"Oct. 18, 2022",2022-10-18,ok,Cross combination.xlsx,Phil 98-037-0255,E13,13,5,6890987ed644453459adb11c8a466f82c137a05c02d2f129d6fb2f0b34f48305
cmb_f98242fcbf96ffacd88c1102fd22,Phil 98-037-0255,2000-2569,"Oct. 18, 2022",2022-10-18,ok,Cross combination.xlsx,Phil 98-037-0255,F13,13,6,d413e88b2c5a2fa5fff6bcf670c4dc739c390f8dec49895cca635f9f6a043957
cmb_def9805365cc41b3d2536dfc9036,Phil 98-84-0733,04-1011,"Nov. 8, 2015",2015-11-08,ok,Cross combination.xlsx,Phil 98-84-0733,B3,3,2,1cee70be9496dcd531174f9b323cabf1ee96542c2099f0acc2abcb1d186262be
cmb_cb1c745241c4f5fc32f414127c9d,Phil 98-84-0733,80-5613,"Nov. 8, 2015",2015-11-08,ok,Cross combination.xlsx,Phil 98-84-0733,C3,3,3,573a9811c139cb643552813740766e4faaff7a2cd54e96f921213990b6139028
cmb_94c76726bc74d1bbb96a95f08909,Phil 98-84-0733,8829,"Nov. 2, 2018",2018-11-02,ok,Cross combination.xlsx,Phil 98-84-0733,B4,4,2,751ee969e538e97232522c4b0d7d7b39fd1b5f79b94fceef443b31944d43de9a
cmb_15035e8a95f39ca8beedece726f8,Phil 98-84-0733,99-1793,"Nov. 2, 2018",2018-11-02,ok,Cross combination.xlsx,Phil 98-84-0733,C4,4,3,9216c7f1147a984aac80b4c09bb464e81bcb82011ff0cb61908e87751c45c158
cmb_bf86a604f3a13e2a37c2c4feebd5,Phil 98-84-0733,10-0149,"Oct. 14, 2022",2022-10-14,ok,Cross combination.xlsx,Phil 98-84-0733,B5,5,2,b09c4ce0223a2796fa5eadf565e8382206c89c7df93479e97b7527d483c52270
cmb_f96da34ee3cc84199e6be2d7a773,Phil 98-138-1661,04-1011,"No. 20, 2015",,invalid,Cross combination.xlsx,Phil 98-138-1661,B3,3,2,ac31ef6585e01f6d5a638826b31befa32cc79e02e601ebc2a128b80023bf423e
cmb_e5ff01ee924ed259fe7000d24af8,Phil 98-138-1661,97-3161,"Nov. 6, 2016",2016-11-06,ok,Cross combination.xlsx,Phil 98-138-1661,B4,4,2,e34e111e5553d641f3cf38900365d770754173d524851cd486c2969f2799e23b
cmb_e1117eeb485eed78eb112d5f2d53,Phil 98-138-1661,99-1793,"Nov. 2, 2017",2017-11-02,ok,Cross combination.xlsx,Phil 98-138-1661,B5,5,2,c76b6f4f6f8922f19eeb2bbffed200c587e94210a46010af551d5e03db0a2aa0
cmb_3908e77c1d0e873a99e8c406ae95,Phil 98-138-1661,93-2349,"Nov. 2, 2017",2017-11-02,ok,Cross combination.xlsx,Phil 98-138-1661,C5,5,3,57a98112af595b1e05f1e93530e8c731f3fa79f921cabfa6e94527b449bc6657
cmb_0a1414df94de658bf78484130c87,Phil 98-138-1661,00-2569,"Nov. 2, 2018",2018-11-02,ok,Cross combination.xlsx,Phil 98-138-1661,B6,6,2,739fd2e83eda5a1bb6cf398c796c77edc40c551518b3086b1a2de055edfff0fb
cmb_eaa89f00680a42c88fae0acf3538,Phil 98-138-1661,2009-0919,"Nov. 6, 2022",2022-11-06,ok,Cross combination.xlsx,Phil 98-138-1661,B7,7,2,f5c7f89042fa48c5ca84ce527bf23bfac6b48208caa9dad1e4b81f805c302cd4
cmb_39948ff3172d221cc7155dd4b01a,Phil 98-149-1863,VMC 90-239,"Oct. 27, 2012",2012-10-27,ok,Cross combination.xlsx,Phil 98-149-1863,B3,3,2,58e457ac3b6a337adc51acbddad21867b936e17162622864195c36953bf954e0
cmb_76453db3ad5ba7f8c0b8abfa09ba,Phil 98-149-1863,8723,"Oct. 27, 2012",2012-10-27,ok,Cross combination.xlsx,Phil 98-149-1863,C3,3,3,5ed22eaddf913c897c39881b3372256ba05867e6d8d297067fc2b82eee3a8c6e
cmb_c92f3ef7c40e91d55059d3c04dca,Phil 98-149-1863,04-1011,"Oct. 27, 2012",2012-10-27,ok,Cross combination.xlsx,Phil 98-149-1863,D3,3,4,103361b46d3ca4fb1481097ac77d30ac20558d98b1b30950f572a37951194e7a
cmb_f37b6ab222231426f897b138ab3d,Phil 98-149-1863,92-0051,"Oct. 29, 2013",2013-10-29,ok,Cross combination.xlsx,Phil 98-149-1863,B4,4,2,ec0e75e1ee215e6f126fb5ffb21e8701881697653632928b4e1f5726e7798054
cmb_9d98fd5ec7073279456a18776b5a,Phil 98-149-1863,03-1389,"Oct. 29, 2013",2013-10-29,ok,Cross combination.xlsx,Phil 98-149-1863,C4,4,3,3e3ba6f7e6e67c45f7caec3f34e1d70d99c072bab4ffc2d5185c5856fb25fdae
cmb_257b75340fcd7db6f2763000f481,Phil 98-149-1863,92-0577,"Oct. 29, 2013",2013-10-29,ok,Cross combination.xlsx,Phil 98-149-1863,D4,4,4,121ed820df4d65fb4872dc95130aa41816d91ccf704cb78960bb30dddc458d96
cmb_3f256488184d4d2bfb554454af5b,Phil 98-149-1863,84-6559,"Nov. 6, 2015",2015-11-06,ok,Cross combination.xlsx,Phil 98-149-1863,B5,5,2,de9c34b216400398b807b98cdde5175cbee824cc0d2a9d4bdf9e1a08201f9ee4
cmb_5b0f7ba07cd51e3fe97cc7c4c946,Phil 98-149-1863,97-4549,"Nov. 6, 2015",2015-11-06,ok,Cross combination.xlsx,Phil 98-149-1863,C5,5,3,e548148648584f01fa4b225cc83f5cbdeaf1de3bb554fb9778718dcd39f40627
cmb_c52d3bb6aa7142b7ded73c3d4948,Phil 98-149-1863,93-2349,"Nov. 6, 2015",2015-11-06,ok,Cross combination.xlsx,Phil 98-149-1863,D5,5,4,a6a8127459e8e5459602052c14a3bc5da2eef3856ffb7b36570233704faf9c8c
cmb_f24f9cf6178dd40a54c80b2d280b,Phil 98-149-1863,92-0751,"Nov. 6, 2015",2015-11-06,ok,Cross combination.xlsx,Phil 98-149-1863,E5,5,5,5ba5ebce42808fd21775ea05195f5cd561945f7e6f0ccffdb6e11db97fb2c013
cmb_a40022133867a3514c874e8d7cd2,Phil 98-149-1863,VMC 74-527,"Nov. 2, 2018",2018-11-02,ok,Cross combination.xlsx,Phil 98-149-1863,B6,6,2,09681da6e55aca339c00e840a3224a7be4ff0da1905ffb65d425ea476981b3e9
cmb_1e33a094825597ec56871926e630,Phil 98-149-1863,93-2349,"Nov. 4, 2020",2020-11-04,ok,Cross combination.xlsx,Phil 98-149-1863,B7,7,2,9bfb990048c69f9c76c06969f117aec7a4609a0149d6cc481a1b154993569e2a
cmb_74a01e885141cdbe0d327ec25341,Phil 98-149-1863,97-0687,"Nov. 4, 2020",2020-11-04,ok,Cross combination.xlsx,Phil 98-149-1863,C7,7,3,709db37a0c72efb314d37d514c619608eb408e74fbcd9de6a6474f69c23f5ba0
cmb_48d28b27bb7b82eaad467ec4093f,Phil 98-149-1863,04-1011,"Nov. 13, 2021",2021-11-13,ok,Cross combination.xlsx,Phil 98-149-1863,B8,8,2,9a04a1ee2a0da3230fe763a7fd241193ca4505bb4749c5accab03ff59861f2a7
cmb_dfd1fce485fda722521d8d2b78a1,Phil 98-149-1863,2010-0149,"Nov. 24, 2022",2022-11-24,ok,Cross combination.xlsx,Phil 98-149-1863,B9,9,2,8259f6f5bb784efb38a3db35acba4787ee9496da208a6fac590929154f189b34
cmb_e728ad62e18ab0349ab826619fa3,Phil 98-149-1863,99-1793,"Nov. 24, 2022",2022-11-24,ok,Cross combination.xlsx,Phil 98-149-1863,C9,9,3,f9a1ee8a15c57c45808dad30a9247313b964388efb086c88121d9e06ad0f6b9b
cmb_8bd4b90a4897f7f5b4ac7096cf4e,Phil 98-149-1831,99-1793,"Nov. 4, 2014",2014-11-04,ok,Cross combination.xlsx,Phil 98-149-1831,B3,3,2,4e2e8892a65a186b27c84a9f52d5fedce2f9a7b9b2a868c749237333fb98a4a5
cmb_1b2e9e5764cf8d76b74a66a611c6,Phil 98-149-1831,88-1691,"Nov. 9, 2015",2015-11-09,ok,Cross combination.xlsx,Phil 98-149-1831,B4,4,2,2545bdec8e0a76a2341354007e02af7cdbd83b41403ff36e31085b1aadf98a20
cmb_16a6e37b957e3e2c8b1ee5ef555a,Phil 98-149-1831,04-1011,"Nov. 9, 2015",2015-11-09,ok,Cross combination.xlsx,Phil 98-149-1831,C4,4,3,fb445beb4e4f246915dbdd522215924b4398a3b013f098b58a810e2419ce111f
cmb_3d90bc95e158faeabbb16345aaf2,Phil 98-149-1831,Q102,"Nov. 11, 2017",2017-11-11,ok,Cross combination.xlsx,Phil 98-149-1831,B5,5,2,0f42e03044cbef070abd983baf5e78ac9bd36737ee63998a092e2534dc9fe153
cmb_0fbd78be4e308970cb150a42eede,Phil 98-149-1831,99-1793,"Nov. 2, 2018",2018-11-02,ok,Cross combination.xlsx,Phil 98-149-1831,B6,6,2,3109651fdabfc77a72c05cac15bf7518bf3c5f299e9e42f75ca0deaec6033548
cmb_4099c4b50aae1daf2ed028641089,Phil 98-149-1831,04-1011,"Nov. 13, 2020",2020-11-13,ok,Cross combination.xlsx,Phil 98-149-1831,B7,7,2,f230b7e043903d520cf660614744607cb0e1fdddab39b0ea233a7efbfda636f3
cmb_5945063e7382f1c725375627886a,Phil 98-149-1831,2009-0919,"Nov. 6, 2022",2022-11-06,ok,Cross combination.xlsx,Phil 98-149-1831,B8,8,2,8d9bd0122795714bd86dfdb63348230f6524f609e2e5fbe12e124f05a1089b6f
cmb_630c42aa74198b92eea5dbab4f7d,Phil 98-153-2025,99-1793,"Nov. 2, 2018",2018-11-02,ok,Cross combination.xlsx,Phil 98-153-2025,B3,3,2,d13f66d07f045173b6ba7e8407381cddf223088879fafaa677658733dfd75690
cmb_7230347782e049712a2b4199d9d7,Phil 98-153-2025,97-0687,"Nov. 13, 2020",2020-11-13,ok,Cross combination.xlsx,Phil 98-153-2025,B4,4,2,dcef681668998350c75ffb06e7812c5497d715dc7eee787a7083c86065e04c2c
cmb_170eda6e1fea8723cfc622ef352e,Phil 98-153-2025,Akoki Green,"Nov. 18, 2021",2021-11-18,ok,Cross combination.xlsx,Phil 98-153-2025,B5,5,2,385579cad3e35ae123284abf4fc3dc3c961cca1e0f44b8c4f35fe72f8f2bbdaf
cmb_ecff6c73f071d815686ff383cdc0,Phil 98-153-2025,2009-0919,"Nov. 4, 2022",2022-11-04,ok,Cross combination.xlsx,Phil 98-153-2025,B6,6,2,dd22d2cb0da18cd48cd34c646f2e22878ed98c2085e8ee32450246516858afa2
cmb_36d9320f1e9b9e9fce3fc825b7dd,Phil 98-157-2137,03-0933,"Oct. 19, 2012",2012-10-19,ok,Cross combination.xlsx,Phil 98-157-2137,B3,3,2,5efc3d15fe1fd7c5acc45e41dc1cc1335af3d6d56d992efae087e058284d9646
cmb_afb9b694edf0690dfa7949e177a0,Phil 98-157-2137,91-0707,"Oct. 19, 2012",2012-10-19,ok,Cross combination.xlsx,Phil 98-157-2137,C3,3,3,cf890edf29068a5a2682a8f761288ada69b5968648c5788c483f166ba6e995aa
cmb_b13e4eb974f3f35342feeb6fe751,Phil 98-157-2137,98-0255,"Oct. 19, 2012",2012-10-19,ok,Cross combination.xlsx,Phil 98-157-2137,D3,3,4,a0ad158665fcf1c67599ce0585767697ab5d6e7d0a12b57be124beb6e578d4a8
cmb_7caaedb9af363d468f511762e0a3,Phil 98-157-2137,99-1793,"Oct. 19, 2012",2012-10-19,ok,Cross combination.xlsx,Phil 98-157-2137,E3,3,5,bc1c477df5458b1cb643b714724ca1fab54e80ec3186508807645158930e2973
cmb_cba2b046e987c4d384a07d41f553,Phil 98-157-2137,93-2349,"Oct. 18, 2013",2013-10-18,ok,Cross combination.xlsx,Phil 98-157-2137,B4,4,2,1222ad3def164eb1e39e25f09203b59de729e4fed9f02b5917fd2f26bd749eb1
cmb_b001c62b04b520937a46fe0c1561,Phil 98-157-2137,8715,"Oct. 29, 2014",2014-10-29,ok,Cross combination.xlsx,Phil 98-157-2137,B5,5,2,3e81466f59caa3bc6ed8ff04f01263090908ceed4c5709a885a066b7b41b683d
cmb_765ae24195eeb4f7c7d65588309a,Phil 98-157-2137,8583,"Oct. 29, 2014",2014-10-29,ok,Cross combination.xlsx,Phil 98-157-2137,C5,5,3,b3e471d75e915e907214bc0100b5110e02a0e95b6ee08eb09caaa67f80dd5662
cmb_98c74fc83399108dce25fa0cd781,Phil 98-157-2137,04-1011,"Oct. 29, 2014",2014-10-29,ok,Cross combination.xlsx,Phil 98-157-2137,D5,5,4,c69b837413e9896212982293f7579b00f3eacab2690758228a6ba7d4d50c9695
cmb_05fef72a2048d40539d4013b2375,Phil 98-157-2137,2006-2299,"Oct. 25, 2915",2915-10-25,ok,Cross combination.xlsx,Phil 98-157-2137,B6,6,2,a7e5580e4ab57b03c5330253843dafa2bdce0bc1eb112969d550f9ff531e0124
cmb_92008aa35007133b983ac3fe989b,Phil 98-212-3061,93-2349,"Oct. 25, 2012",2012-10-25,ok,Cross combination.xlsx,Phil 98-212-3061,B3,3,2,c5179dcef908f5181e0ac904450f3162971f6fbc1f1849bfc86d228b04ab87b4
cmb_dfb6148826e597b0d28277870b5c,Phil 98-212-3061,04-1011,"Oct. 25, 2012",2012-10-25,ok,Cross combination.xlsx,Phil 98-212-3061,C3,3,3,fd2e834113aa553d7784e1b6cd38ef53ce21a51c026561e2309c674f982b8725
cmb_76eb7b901d44ed2ce4546f2e2259,Phil 98-212-3061,VMC 11-527,"Oct. 26, 2013",2013-10-26,ok,Cross combination.xlsx,Phil 98-212-3061,B4,4,2,aa44830c7a6b5cd811bbb3860d4eb2043c0f46ece0e7ca231f2fd02c83639b71
cmb_ac5171b3aa2acb0051a2242cb1d0,Phil 98-212-3061,05-1197,"Oct. 26, 2013",2013-10-26,ok,Cross combination.xlsx,Phil 98-212-3061,C4,4,3,4022b46ecf71a467e2a11c9be0fde331ded4df70de28ebc0dd9eb1a6bf558674
cmb_47d4852da02c20a9dab422710f91,Phil 98-212-3061,Q102,"Oct. 31, 2015",2015-10-31,ok,Cross combination.xlsx,Phil 98-212-3061,B5,5,2,3b4988fb33326f4c2489bf70a1f7f61d394540c956dd2b99eb4bf239d2153bf7
cmb_6dc3158991f2b79fff792ec00925,Phil 98-212-3061,06-2299,"Oct. 31, 2015",2015-10-31,ok,Cross combination.xlsx,Phil 98-212-3061,C5,5,3,c7729579c34257bf8b5c6f2c04162558e8beecfb44c77c8739df0922e3142f8a
cmb_9da9dee6b57bcc5a1cb9eae01a97,Phil 98-212-3061,97-2041,"Oct. 31, 2015",2015-10-31,ok,Cross combination.xlsx,Phil 98-212-3061,D5,5,4,c5851cda884eece136b25ffcb71938e86e8774763e42f48c66fa4d6b35df8eb7
cmb_6d447193d35f81f566795e656b4c,Phil 98-212-3061,92-1207,"Oct. 31, 2015",2015-10-31,ok,Cross combination.xlsx,Phil 98-212-3061,E5,5,5,a0cc1599c9a34c8d6c7ecc48ee4c8a9ee00ce1e173f91c9e902b1bfce852cdb5
cmb_2ef45c436429dcbf4e4c153ceeef,Phil 98-212-3061,VMC 90-239,"Nov. 5, 2016",2016-11-05,ok,Cross combination.xlsx,Phil 98-212-3061,B6,6,2,c21ed2e264e85c1e77b4058a9ba84300ba02041970f55098e312f345cf988ae5
cmb_dad14017181994bbd09f23fa8647,Phil 98-212-3061,90-0049,"Nov. 5, 2016",2016-11-05,ok,Cross combination.xlsx,Phil 98-212-3061,C6,6,3,b8e95b6c2ce215c4512309b8dd3d566b4a2b9f3a3c8535bd60db8d759cd92666
cmb_84f37f7ff86a6c7df767a3dd0c26,Phil 98-212-3061,8723,"Nov. 13, 2017",2017-11-13,ok,Cross combination.xlsx,Phil 98-212-3061,B7,7,2,c015642da3850397f9d04cd08089387612a3464414faf3da2879438047c1ee27
cmb_0b354dfe20b3d0521706f7ddce1e,Phil 98-212-3061,99-1793,"Nov. 13, 2017",2017-11-13,ok,Cross combination.xlsx,Phil 98-212-3061,C7,7,3,b2a3931966af662da57525b6af7c1402fc95763cb398fa9a345c7441e21d3d4b
cmb_04c03ea8b0b4452bda7be8a16c35,Phil 98-212-3061,97-0687,"Oct. 22, 2018",2018-10-22,ok,Cross combination.xlsx,Phil 98-212-3061,B8,8,2,c53260bec0eff6c969e3d74307cc8e2bb859fe33bf6332c75a680333d2d9c8bb
cmb_6fdef612670bd80f3a4b00b751ef,Phil 98-212-3061,93-2349,"Oct. 22, 2018",2018-10-22,ok,Cross combination.xlsx,Phil 98-212-3061,C8,8,3,1840050160db2b095a7f88cc62225c412956b7d69508c620fdddc37fbda8d52b
cmb_ead27fc6cdaf1c2e7c060b892b13,Phil 98-212-3061,00-1537,"Oct. 22, 2018",2018-10-22,ok,Cross combination.xlsx,Phil 98-212-3061,D8,8,4,6fe32c962c23c7691bd9781d8921d1ce25b0304e6dff9998b679c5f1cf2e1a25
cmb_63960d4e09f02c0cffd247c815dc,Phil 98-212-3061,04-1011,"Oct. 22, 2018",2018-10-22,ok,Cross combination.xlsx,Phil 98-212-3061,E8,8,5,8d3c2c336de6597bb9df87ab3a73769c95502d06567173b99ff9589191b4ca93
cmb_ad26fba07cc95cfa2807f1c9d467,Phil 98-212-3061,00-2569,"Oct. 22, 2018",2018-10-22,ok,Cross combination.xlsx,Phil 98-212-3061,F8,8,6,c20ba38d6b9fe4fd0828f1e426145b8c91696b889702e6aab79043b74d3bd36c
cmb_bd44ae802b9662e3f0cd04452adc,Phil 98-212-3061,85-23-4345,"Oct. 29, 2019",2019-10-29,ok,Cross combination.xlsx,Phil 98-212-3061,B9,9,2,f53c6967c2c64a9df1f02b14ce5ced0317d6507a0906d7b69bec7cbb2e3a2e43
cmb_c6611a024ad85f6acd66361838e1,Phil 98-212-3061,91-1091,"Oct. 29, 2019",2019-10-29,ok,Cross combination.xlsx,Phil 98-212-3061,C9,9,3,597d1b151e6bf5287c0d21c193b229eb8ce2136d6a7111b2b94dc6312270567d
cmb_38329d7f8242e437ed221538e934,Phil 98-212-3061,84-5799,"Oct. 29, 2020",2020-10-29,ok,Cross combination.xlsx,Phil 98-212-3061,B10,10,2,7f7aacb290584f3a35c20357fb466dcb146a155c5a84e88ed5793cb518335eb5
cmb_ccad13944ab78da3c74e330e1c8b,Phil 98-212-3061,92-0535,"Oct. 29, 2020",2020-10-29,ok,Cross combination.xlsx,Phil 98-212-3061,C10,10,3,5e6213841b284162a232f2d4a9880cc796eab4d86c4400680d3644814a4872f6
cmb_59989123036f35967aefea3e0e44,Phil 98-212-3061,97-4435,"Oct. 29, 2020",2020-10-29,ok,Cross combination.xlsx,Phil 98-212-3061,D10,10,4,862f09fad89e88ed5fbc5513a01f6ef57617b642c8b0ebdcdb3186c0feae72c0
cmb_53760cf48f8835bd442df6ece735,Phil 98-212-3061,98-0255,"Oct. 29, 2020",2020-10-29,ok,Cross combination.xlsx,Phil 98-212-3061,E10,10,5,a7e5385c6f64283b6d956fd781b792e7c395bd6245687f8493eafd7aa88dda95
cmb_2d21a238ba31c1227e1115ee3e31,Phil 98-212-3061,88-1691,"Oct. 31, 2021",2021-10-31,ok,Cross combination.xlsx,Phil 98-212-3061,B11,11,2,6cd34732e61e7b4ad3cecf23a177dc867d76fb71a7932b91449028be8773f9ef
cmb_e9ce27904c5b9384a741e96d62bd,Phil 98-212-3061,90-85-0345,"Oct. 31, 2021",2021-10-31,ok,Cross combination.xlsx,Phil 98-212-3061,C11,11,3,02dc35e27edea3929dda382b63c5bf3127d8f3b9dc62c76ab14050bd4fe67c85
cmb_2f867fa8252552f98e4a8f9ee78d,Phil 98-212-3061,09-1969,"Oct. 31, 2021",2021-10-31,ok,Cross combination.xlsx,Phil 98-212-3061,D11,11,4,c70b5a95c83a289d8966e9d88254af46d6382d60bb063925eb94dce3dd066661
cmb_208ae889c994fec25f6040ac3275,Phil 98-212-3061,07-0563,"Oct. 31, 2021",2021-10-31,ok,Cross combination.xlsx,Phil 98-212-3061,E11,11,5,94b1e145cb9843748315a99f7d3e05b6261f92773b4f22fbf6ef558550274aae
cmb_95caa10024b4b934ab9024f8a578,Phil 98-212-3061,08-0909,"Oct. 31, 2021",2021-10-31,ok,Cross combination.xlsx,Phil 98-212-3061,F11,11,6,2b54714f7fa46a41cd37cda2337df149cf0e524dc4117e0a3ee9bb1af8e6c97f
cmb_420e90b9d3797d7f05fb50589f25,Phil 98-212-3061,92-0751,"Oct. 31, 2021",2021-10-31,ok,Cross combination.xlsx,Phil 98-212-3061,G11,11,7,04e4c718eeb7d981aacbc0de53b0debe359b65c1a0e9136fa9e53e448d0cf5a7
cmb_1e2c903a91683c885071310ba6c0,Phil 98-212-3061,6119,"Oct. 28, 2022",2022-10-28,ok,Cross combination.xlsx,Phil 98-212-3061,B12,12,2,9f5f695bf602d9b9ab5d8ac8074302188704602343c843359309a8d669eb232a
cmb_10e78aeadb9a00bc547b6fd46a07,Phil 98-212-3061,2006-1899,"Oct. 28, 2022",2022-10-28,ok,Cross combination.xlsx,Phil 98-212-3061,C12,12,3,8a0efd8a9705d0b991846d40d005252d4c5d6c1e6ab93edfad6fbf7fe7447b14
cmb_999c331356b4d4a39cddef01a463,Phil 98-212-3061,99-1793,"Oct. 28, 2022",2022-10-28,ok,Cross combination.xlsx,Phil 98-212-3061,D12,12,4,bc0a03aa283ed603dabfb6495130841b1676d32660e49b8465e0cfaa0a38fa55
cmb_dfc88c8ba8d7812e1eff10285e0c,Phil 98-3131,99-1793,"Nov. 2, 2018",2018-11-02,ok,Cross combination.xlsx,Phil 98-3131,B3,3,2,036ea827c856b6d10ad03bc331e9f05f5902e517a4c8ae6853938f732bb5675d
cmb_8504affcd0b5a265eafbd49f8dea,Phil 98-3403,8829,"Oct. 29, 2012",2012-10-29,ok,Cross combination.xlsx,Phil 98-3403,B3,3,2,d48718f3f22432765a2c323b3e5284720058f3790f8cad5971b987edaeb9b7d1
cmb_b3eb7fe5f1d951871516ec83889f,Phil 98-3403,97-3501,"Oct. 29, 2012",2012-10-29,ok,Cross combination.xlsx,Phil 98-3403,C3,3,3,809f6da1423de165ccfeca0c9eafb3a6892770fa63628e9111439feb4ed952a6
cmb_645a4458514285e14c0d81506392,Phil 98-3403,78-3981,"Oct. 25, 2016",2016-10-25,ok,Cross combination.xlsx,Phil 98-3403,B4,4,2,9ea61eddc8f01341cf927fa3009dd5c0abb88086466e2df3e784e8a049fa3e95
cmb_dda7bbf636f6682125f7007328de,Phil 98-3403,97-0693,"Oct. 25, 2016",2016-10-25,ok,Cross combination.xlsx,Phil 98-3403,C4,4,3,669eec108371da41b9210b49f940645b26e86fec263f86576e30f622c8f2521c
cmb_ec332ea010b6b80b20b0ac38b92f,Phil 98-3403,93-1207,"Oct. 25, 2016",2016-10-25,ok,Cross combination.xlsx,Phil 98-3403,D4,4,4,b83582219c271c011238daf4ccd6ab1a672fdc28495c9b09f59d27123f50cc6c
cmb_8d89bf70fcd116483d87c5921234,Phil 99-0925,8829,"Nov.6, 2012",2012-11-06,ok,Cross combination.xlsx,Phil 99-0925,B3,3,2,705896197d0a28738a6e77c2a026260279964cb84aa4e92d7e06a2e10bb37e18
cmb_ed945c4ebc6f840709dd598e2469,Phil 99-0925,93-3849,"Nov. 5, 2013",2013-11-05,ok,Cross combination.xlsx,Phil 99-0925,B4,4,2,bb0b308b2a4fa2033eb519f935ffb1b8d226a26f33f73623acecd60daee53671
cmb_0df94f5e6a4e5957a97dadf6ff2b,Phil 99-0925,97-3933,"Nov. 5, 2013",2013-11-05,ok,Cross combination.xlsx,Phil 99-0925,C4,4,3,49e69d299e4af0d91d02304cba89be045ad0048d9df538c61df9b13cb6b55aac
cmb_d5d35d12e1629f7d8acbe6b0e0ff,Phil 99-248-1675,05-1197,"Oct. 28, 2018",2018-10-28,ok,Cross combination.xlsx,Phil 99-248-1675,B3,3,2,2f7840d04aba1aa9b2e6b4c7bc80c18f2abc51c69990bd1123dba0747431e252
cmb_8022e886406011e65850242e7f45,Phil 99-248-1675,92-0051,"Oct. 28, 2018",2018-10-28,ok,Cross combination.xlsx,Phil 99-248-1675,C3,3,3,109d0c25dd017fa9d2d2231274b68aa1f320079fbd821d6ca6045e3e5627e0dc
cmb_e61bfcb82ef7cba402c00c62ee5e,Phil 99-248-1675,06-1899,"Nov. 14, 2019",2019-11-14,ok,Cross combination.xlsx,Phil 99-248-1675,B4,4,2,d93a7c669346a882369a41bc71531c0a60ab8822de6f097a14800016b883f585
cmb_bdeceb03dfe84af8354eb5b783e8,Phil 99-1427,VMC 84-947,"Nov. 7, 2013",2013-11-07,ok,Cross combination.xlsx,Phil 99-1427,B3,3,2,e1871c4892b2ad1613ec3b82e1c8b6786f61893041e32c993c5ab7bcb75e11fb
cmb_473316ce0e76c6d6155422a7f5e7,Phil 99-1427,VMC 86-550,"Nov. 7, 2013",2013-11-07,ok,Cross combination.xlsx,Phil 99-1427,C3,3,3,39ec0a78eb9e39030f06d4bf9c88170781aba1fe9c3853f819534ffba4b542eb
cmb_d4b53a0cc8f311687d0b5f410d66,Phil 99-1427,04-1011,"Nov. 7, 2013",2013-11-07,ok,Cross combination.xlsx,Phil 99-1427,D3,3,4,1fa989fac4491b796dfdd2618c22fc8d226875223a362b1202f1d0ea539f6693
cmb_125f8849a6403e0d93f3de58b527,Phil 99-1427,94-0913,"Nov. 7, 2013",2013-11-07,ok,Cross combination.xlsx,Phil 99-1427,E3,3,5,48aab02ea66aa7595e8e38169833a4fa024bb9cca05e13df0d241267009a86ec
cmb_aa388cc71e4143076da60f0d47de,Phil 99-1427,87-409,"Nov. 12, 2014",2014-11-12,ok,Cross combination.xlsx,Phil 99-1427,B4,4,2,381cbf6400376843cc91a2b3c57642beb0e1f8a1ab875806583c3d489f6104f0
cmb_6b5b5c92a475bb396af963add74f,Phil 99-1427,99-1793,"Nov. 12, 2014",2014-11-12,ok,Cross combination.xlsx,Phil 99-1427,C4,4,3,b6bbeac536fb05924d88464f4dec3f1b438fb066eabc10d8de24183d1a1a87cf
cmb_5af2b224a8ad6c10c618b28b1d39,Phil 99-1793,80-5613,"Oct. 28, 2012",2012-10-28,ok,Cross combination.xlsx,Phil 99-1793,B3,3,2,e49c8d39624c7e65cbf5d07598d2b9290d0605c65ba782844f66012564eb3bc5
cmb_468b3d93c56dd76f1d9e4f63481e,Phil 99-1793,8829,"Oct. 28, 2012",2012-10-28,ok,Cross combination.xlsx,Phil 99-1793,C3,3,3,06a78cde858fcdd959f4a4883b5762013281edbdf26fa2c167187d44864a58de
cmb_cfd96aa540429f4fbdded4bc085b,Phil 99-1793,03-0933,"Oct. 23, 2013",2013-10-23,ok,Cross combination.xlsx,Phil 99-1793,B4,4,2,29c2a5160db4fd7aa304d93cf1c30a6a010fe59731c2a377ed6964dce84ddd2b
cmb_7e506da183cf429cc3a472ee275f,Phil 99-1793,98-2137,"Oct. 23, 2013",2013-10-23,ok,Cross combination.xlsx,Phil 99-1793,C4,4,3,44e83762befed2b772de36b13f0c88bb02e8a3d72364e7055e58deddd3fa43a2
cmb_15824aa2968bf84829f1ff0c7100,Phil 99-1793,93-0775,"Oct. 23, 2013",2013-10-23,ok,Cross combination.xlsx,Phil 99-1793,D4,4,4,0c8ce19e016ff86e4832e669767eed3640214eaa61b79adfe55090acc628fd38
cmb_087501c1e658ffb6c6a0cffd7a6e,Phil 99-1793,90-0557,"Oct. 23, 2013",2013-10-23,ok,Cross combination.xlsx,Phil 99-1793,E4,4,5,80493cfa5027b79fabd28de2732fd39f9e02e6fe88dfa3ab54600b3c06355dcd
cmb_e8f30ebaa32236ee8e004b21b6f4,Phil 99-1793,04-1011,"Nov. 1, 2014",2014-11-01,ok,Cross combination.xlsx,Phil 99-1793,B5,5,2,bde13d7b949a70d09638ae7fe1094c33ae72b9c8cca199ddfdd2e446365ba4bf
cmb_6de0d4b57fdefd7ab0ed388c58e1,Phil 99-1793,VMC 90-239,"Nov. 7, 2016",2016-11-07,ok,Cross combination.xlsx,Phil 99-1793,B6,6,2,8d7b6ac93594167b9b5bcc39328393ff80db05f02c178c896861072ea77f7011
cmb_107bb8ac78a410255fcf86107f10,Phil 99-1793,8715,"Nov. 11, 2017",2017-11-11,ok,Cross combination.xlsx,Phil 99-1793,B7,7,2,36764570a64f6771a26baf8257bdc4e624ad3442725addf5b8282cd41eee457e
cmb_040d9379db0d2049efbf8200513d,Phil 99-1793,Q102,"Oct. 28, 2018",2018-10-28,ok,Cross combination.xlsx,Phil 99-1793,B8,8,2,0bedba45dc0dcf2513e6aaa93a1d1a0d120425452d02326eea07ca18ecf6f23c
cmb_f5709b35877b5e3eea3886f51b06,Phil 99-1793,00-2569,"Oct. 28, 2018",2018-10-28,ok,Cross combination.xlsx,Phil 99-1793,C8,8,3,107693bef4f0a84b9a1547500d49eb181a3c6c83ccef1fc1f565ac4ed4cf3602
cmb_5b80e7cc1a5ea2b5236f312a70dc,Phil 99-1793,00-0599,"Oct. 28, 2018",2018-10-28,ok,Cross combination.xlsx,Phil 99-1793,D8,8,4,a5d2b60ab31167449d521de6fa0f01b782bbd8a3b2bfd2ae1e10782d82aae6c7
cmb_618ae844bf24c11e2fa4f4980ce5,Phil 99-1793,06-1879,"Oct. 28, 2018",2018-10-28,ok,Cross combination.xlsx,Phil 99-1793,E8,8,5,80fa71a24fb07c378262c7c790b3ebb0af4b2d7db7538345a3ebad481e77fd9b
cmb_da04499f3ac2ef0c4501d9da966e,Phil 99-1793,04-1011,"Nov. 8, 2021",2021-11-08,ok,Cross combination.xlsx,Phil 99-1793,B9,9,2,7300c060d9b4c17b7254a8175d74c83de30d79648daaf9ee9c29e1eaf2d2b491
cmb_9d96a6b37a40eb0d4b4ecb460b13,Phil 99-1793,Akoki Green,"Nov. 8, 2021",2021-11-08,ok,Cross combination.xlsx,Phil 99-1793,C9,9,3,fab212735d5462b1f6c42b6f788242a8ec225367ef75e3908736dbaf94cce209
cmb_76b5dc9e923808bf9ec1847c4308,Phil 99-1793,80-5619,"Oct. 31, 2022",2022-10-31,ok,Cross combination.xlsx,Phil 99-1793,B10,10,2,074675a60534c27741bbdb9ee74c5e5fdaaadab17ccd0d3388c729b36aedbfd9
cmb_0e0003b3fb426d99f0cd8d3b4dd6,Phil 99-1793,2010-0149,"Oct. 31, 2022",2022-10-31,ok,Cross combination.xlsx,Phil 99-1793,C10,10,3,e285f5ca0bff50c532ac26217bef26872f1d942559002eed35041268644436ab
cmb_c1e72f5f9bc06ddb992e429bf9e2,Phil 99-1793,2009-0919,"Oct. 31, 2022",2022-10-31,ok,Cross combination.xlsx,Phil 99-1793,D10,10,4,f3d96aac46d689d9600e0f8b2f9a86ed89db238d71629b745f83023e3892d7bb
cmb_02143e5c47f2a4a2f18341d96702,Phil 99-1793,2000-2569,"Oct. 31, 2022",2022-10-31,ok,Cross combination.xlsx,Phil 99-1793,E10,10,5,e3c246d1f46aa01a929d88268500598f5779cd80e7da5ebc06d53c33f6256465
cmb_f453f02b36cf1b452b620bcb3541,Phil 99-1793,2006-1899,"Oct. 31, 2022",2022-10-31,ok,Cross combination.xlsx,Phil 99-1793,F10,10,6,9bd55eb9447d4c00a2182848b9cafb0286b876224a8e44e8bc700080631f20bf
cmb_383e0aa9b30d0bb8674e7419c625,Phil 99-1793,2004-1011,"Oct. 31, 2022",2022-10-31,ok,Cross combination.xlsx,Phil 99-1793,G10,10,7,8669994b3039c5df85c2eafaaedda92b147567d13429bcc056b5817120de28e2
cmb_457fecb257204920892e450f4723,Phil 2000-0599,8013,"Nov. 6, 2019",2019-11-06,ok,Cross combination.xlsx,Phil 2000-0599,B3,3,2,8ce1e82095335e81832a8491d49f5672f85d1b9ac54ce108c873a57fed8b06b4
cmb_c1819410bc18865a40239fde70a3,Phil 2000-141-1115,99-1793,"Nov. 7, 2013",2013-11-07,ok,Cross combination.xlsx,Phil 2000-141-1115,B3,3,2,277ed274cb34bf0bf968797d1cd1d886891ade045dc55e363c0053f0add412b0
cmb_1c4ebb03bc85f7d7d91f921e76c9,Phil 2000-176-1323,99-1793,"Nov. 5, 2012",2012-11-05,ok,Cross combination.xlsx,Phil 2000-176-1323,B3,3,2,6d74dbd4b80c982ed3a38ca2179abb10dddf3ac82e50ea2aad5696461ca60093
cmb_b8c163c684ede8c83978c65d1825,Phil 2000-176-1323,04-1011,"Nov. 4, 2013",2013-11-04,ok,Cross combination.xlsx,Phil 2000-176-1323,B4,4,2,7af00eda7b9edd2ce687f442f607ce5e7d263d6faf5d4c4487086581b6b52e5f
cmb_13c53a2011768b3b05070f66145f,Phil 2000-185-1419,99-1793,"Oct. 30, 2013",2013-10-30,ok,Cross combination.xlsx,Phil 2000-185-1419,B3,3,2,7c1712aa4c6591ad119a3f524ed12a60be48ef1b172742c539066c6e8ec6bca3
cmb_d8814bdbe44f0e84115ddcee180c,Phil 2000-185-1419,91-1091,"Nov. 6, 2014",2014-11-06,ok,Cross combination.xlsx,Phil 2000-185-1419,B4,4,2,4f0d6ce614e420382278f9bc529d2b9fc9621cdeae0447d3b8974bb69c88c2c4
cmb_c843cd9434f936f504a1b76967ba,Phil 2000-193-1419,99-1793,"Oct. 30, 2013",2013-10-30,ok,Cross combination.xlsx,Phil 2000-193-1419,B3,3,2,37b45906cf84ee4cf8004ccf0edfaaa0c7970d8a83d200e9b67aa14b3daa1626
cmb_7692823fa5f23da0d4b68e3b70ac,Phil 2000-193-1419,93-2349,"Oct. 30, 2013",2013-10-30,ok,Cross combination.xlsx,Phil 2000-193-1419,C3,3,3,3df8dcbc28ee9a87549afd830e5401223a85c287d5aa4601468ce7cb7fbe46b5
cmb_54f9d4d51015a8d7f39707cef914,Phil 2000-193-1419,04-1011,"Nov. 4, 2014",2014-11-04,ok,Cross combination.xlsx,Phil 2000-193-1419,B4,4,2,1b6b1141713133923cc6a7e22fa118b66848899a14b389726a2ae09cbbc8e79a
cmb_942c3cab7f20ed980be1fc6702cb,Phil 2000-193-1419,06-2299,"Nov. 4, 2014",2014-11-04,ok,Cross combination.xlsx,Phil 2000-193-1419,C4,4,3,c2a1b02cc9ff3c9520afe9ec33c87fa0491b937cb44b2810056730dd4de2342d
cmb_0958266382ffe0441f8a2e4771de,Phil 2000-193-1419,99-2641,"Nov. 4, 2014",2014-11-04,ok,Cross combination.xlsx,Phil 2000-193-1419,D4,4,4,0af22a3ae1676e1e6caefbf0649b952789a2c04586f1d0e8283225e791d61a12
cmb_9eabb80306e0fc4838e4af75c05c,Phil 2000-193-1419,94-0913,"Nov. 4, 2014",2014-11-04,ok,Cross combination.xlsx,Phil 2000-193-1419,E4,4,5,53ec8bc68bda50809e1d9fca8156477b2a3779f28435190feb0030a3d0c8bd4a
cmb_a4ed730ec19f49cb382ee303eae5,Phil 2000-204-1537,PSR 00-343,"Oct. 27, 2012",2012-10-27,ok,Cross combination.xlsx,Phil 2000-204-1537,B3,3,2,5c6f98d994da2106dfe8be0f601d6ce408ebfc7fc20d1d38f65880bb7e8d4445
cmb_a56eb4ca10d11e2fa2ea7833253e,Phil 2000-204-1537,86-1119,"Oct. 27, 2012",2012-10-27,ok,Cross combination.xlsx,Phil 2000-204-1537,C3,3,3,d7eb729b2394851192839933d72fe05f854d24d756153fe39b7b0c862cbd5de1
cmb_be91cb0884652dfbd4ac098f281b,Phil 2000-204-1537,93-2349,"Oct. 27, 2012",2012-10-27,ok,Cross combination.xlsx,Phil 2000-204-1537,D3,3,4,f978a59b4d79a5c33b6998655cd321c8a9e5caebe116deff91f66c7897337272
cmb_aba87745c14bce6f6fbc6122965a,Phil 2000-204-1537,99-1793,"Oct. 27, 2012",2012-10-27,ok,Cross combination.xlsx,Phil 2000-204-1537,E3,3,5,9584afc88cafbdc9218ddb217fe63016455edea32e35f9b6f069a7f43e29d22e
cmb_64f056468e7087d092cdb687a396,Phil 2000-204-1537,8943,"Oct. 21, 2013",2013-10-21,ok,Cross combination.xlsx,Phil 2000-204-1537,B4,4,2,8648501b39e30d1af7001bafa6da8090acd61e22b17e4cdaefeb9ed87f69a82a
cmb_856e1c47f84303ddce36ad419384,Phil 2000-204-1537,00-1161,"Oct. 21, 2013",2013-10-21,ok,Cross combination.xlsx,Phil 2000-204-1537,C4,4,3,a5efa2e33bbc555934b6a7e76419d1d8e97977ceca5738faccfe7ba6592eba7d
cmb_aea871fd51d92f706d82b3a6e6d4,Phil 2000-204-1537,03-0933,"Oct. 21, 2013",2013-10-21,ok,Cross combination.xlsx,Phil 2000-204-1537,D4,4,4,edaf75072021f479e266fde98e575ccac746edeec4220561508f3fdd1e8153ec
cmb_08831e2160fb5c9bdba6cb517a13,Phil 2000-204-1537,04-1011,"Oct. 29, 2014",2014-10-29,ok,Cross combination.xlsx,Phil 2000-204-1537,B5,5,2,31d339fe93ce1592fc5888d4795a7c1f0546f2900f53ab35b64ca4ed7f8a39f1
cmb_7265307b30bfcddae6e4b09c640d,Phil 2000-204-1537,06-2299,"Oct. 29, 2014",2014-10-29,ok,Cross combination.xlsx,Phil 2000-204-1537,C5,5,3,8c5e22f1229680d55e4ddb3b5562edd26495f00559923d6b3429f0beae8677f3
cmb_208bf68364614c9f304bc3abe5a7,Phil 2000-204-1537,97-3501,"Oct. 29, 2014",2014-10-29,ok,Cross combination.xlsx,Phil 2000-204-1537,D5,5,4,454d0ad383f80dac8901161e3a9d9034249939ec490a372f97a2f1b004412c6b
cmb_cb2fc049b0de29302564c209d253,Phil 2000-273-1893,04-1011,"Nov. 6, 2013",2013-11-06,ok,Cross combination.xlsx,Phil 2000-273-1893,B3,3,2,c17dfb62ce8ff35cfc8da9d18a2af2c49e5181beef30a04825389c64897bb608
cmb_5b09bec6ce257a673cae878135d2,Phil 2000-273-1893,99-1793,"Oct. 26, 2014",2014-10-26,ok,Cross combination.xlsx,Phil 2000-273-1893,B4,4,2,30ae97847aa69eb8acd8ba205c0a3a063bc07e6bf67835bddfa19810ae991c48
cmb_5f3f54262403af023c937b9c7f73,Phil 2000-296-1901,99-1793,"Nov. 7, 2013",2013-11-07,ok,Cross combination.xlsx,Phil 2000-296-1901,B3,3,2,92ac3f3d24d1d016d428e24427271e89ab6ded27bd6213a0807bfa1e90d09a29
cmb_4a3f2734e1cef976148c20d470ca,Phil 2000-1937,2004-1011,"Oct. 31, 2019",2019-10-31,ok,Cross combination.xlsx,Phil 2000-1937,B3,3,2,deaf255b9c2d24b823ed424ab26783fb2182072ffa0739373f1286d676364db9
cmb_f26f8549bfe0e3fa95a457f11a7d,Phil 2000-1937,99-1793,"Oct. 31, 2019",2019-10-31,ok,Cross combination.xlsx,Phil 2000-1937,C3,3,3,818d121088886a1644b22a4ebf1be028a6aeaa1807c14d77b1eb074e746d410b
cmb_d19ebe38beb08aede5cf8bf4c586,Phil 2000-2569,VMC 74-527,"Oct. 23, 2012",2012-10-23,ok,Cross combination.xlsx,Phil 2000-2569,B3,3,2,2f70df729d6afd546ea6ed11da7af80816146faa7746a09759528ae2a0a4b021
cmb_d12aa0ff66b6f05c7d37c8ec663d,Phil 2000-2569,86-1119,"Oct. 23, 2012",2012-10-23,ok,Cross combination.xlsx,Phil 2000-2569,C3,3,3,69a7cfa8b4fb27eab8617123f41a1249321e0a701f42af92ec975805d59eaab3
cmb_2c3da1227ed8b82ab20df7d5aa27,Phil 2000-2569,8829,"Oct. 23, 2012",2012-10-23,ok,Cross combination.xlsx,Phil 2000-2569,D3,3,4,756ff8824e508b775233462271dc75d9d9b24c1ba324dabdae35f805c59b5fa9
cmb_1dbfcb8299c13acbcd9415eb4b77,Phil 2000-2569,99-1793,"Oct. 23, 2012",2012-10-23,ok,Cross combination.xlsx,Phil 2000-2569,E3,3,5,82e9ea5b2b816fc9d343ea89fb440d481d86f30b1132b2fb3a4341067ae7bffe
cmb_cf3f31a9eafe30b36a7da116d173,Phil 2000-2569,98-2025,"Oct. 23, 2012",2012-10-23,ok,Cross combination.xlsx,Phil 2000-2569,F3,3,6,cf01fb652c26688b4e14f7474bea3608b844e0e40cb1baea659fc8859f28b751
cmb_81f41ca0e61c7a2de4657ca7b5ac,Phil 2000-2569,00-0627,"Oct. 23, 2013",2013-10-23,ok,Cross combination.xlsx,Phil 2000-2569,B4,4,2,e3dfda2970a4b4adb37f25bd5524254592fa7795c4561abc5cbd389d678bd073
cmb_bb7d862f327c55ae4172e2e85abf,Phil 2000-2569,98-2137,"Oct. 23, 2013",2013-10-23,ok,Cross combination.xlsx,Phil 2000-2569,C4,4,3,a248d364591e6235db670ff8880173e52953c7ffd2e9ff1c5ec6fba23c775150
cmb_9ee4489364c2c2b1b00e421a2516,Phil 2000-2569,05-0645,"Oct. 23, 2013",2013-10-23,ok,Cross combination.xlsx,Phil 2000-2569,D4,4,4,ce0c4fea679d0069123208626383656319483a33fe3c0eba4146ad5572ebf778
cmb_90eec76747cab9007153a988ec6c,Phil 2000-2569,78-3981,"Oct. 26, 2014",2014-10-26,ok,Cross combination.xlsx,Phil 2000-2569,B5,5,2,580387e99db129bc756ee41cb5111d1408ba247bbb69a40cfd271741a285dfcb
cmb_10f3d329ff0b0dde35ff41367d44,Phil 2000-2569,93-2349,"Oct. 26, 2014",2014-10-26,ok,Cross combination.xlsx,Phil 2000-2569,C5,5,3,f9dfe78ea936967804853e4b4b4e1f24fdff0cf76109eed41cd1318520393112
cmb_022d31640311b9dbf123cf505dca,Phil 2000-2569,04-1011,"Oct. 26, 2014",2014-10-26,ok,Cross combination.xlsx,Phil 2000-2569,D5,5,4,aaa2298ee6a00aec06b92da12f32e24b1868bd49e266e724cabd5d076b5b92b8
cmb_ff807b3fd7fe7786f88fa8fbbd06,Phil 2000-2569,Q102,"Oct. 29, 2015",2015-10-29,ok,Cross combination.xlsx,Phil 2000-2569,B6,6,2,bccbfc4d7721d185dc509c651531403034cccf24a1851d12f6b4b5099c45d624
cmb_b27f2e9d7b1dbc103dc15c1ad66a,Phil 2000-2569,97-0693,"Oct. 29, 2015",2015-10-29,ok,Cross combination.xlsx,Phil 2000-2569,C6,6,3,136a13b6b6ab477eb6607112c89d37930deca86ec7062acf9da0310f5f20cdb2
cmb_682c3b96f021f03b0f75dbb50271,Phil 2000-2569,97-2041,"Oct. 29, 2015",2015-10-29,ok,Cross combination.xlsx,Phil 2000-2569,D6,6,4,950a73c647a55cf6602e5b2a9d2a1c5942ea32c8790be39a2f3a5f6b75c562e7
cmb_07da58402be5f416dd4a05d12191,Phil 2000-2569,VMC 84-947,"Nov. 17, 2016",2016-11-17,ok,Cross combination.xlsx,Phil 2000-2569,B7,7,2,fd20bb5a2e42e154c9ae53ee41eb7f5c8634ae93d35b6ea68005a93eff696aed
cmb_0378ce2778138eb728c909c719db,Phil 2000-2569,88-1691,"Nov. 17, 2016",2016-11-17,ok,Cross combination.xlsx,Phil 2000-2569,C7,7,3,c8626680e878b2da4bea29231a2ec9bc25ad89c8e34b20fd6bbd695dbc24ee0e
cmb_f4e13372398eb286a0a73f19f6ab,Phil 2000-2569,88-1689,"Nov. 6, 2017",2017-11-06,ok,Cross combination.xlsx,Phil 2000-2569,B8,8,2,75314aa41b803cf0169b3ac383b7b9a8bbe6ece00742c7f7907a84937f50f6f6
cmb_d570d34c7f81566403158bf0bbbc,Phil 2000-2569,99-1793,"Nov. 6, 2017",2017-11-06,ok,Cross combination.xlsx,Phil 2000-2569,C8,8,3,f09467b104deda81f815dcf81b75d1b4696c7d8bf3c7e0dcebde3654da8eb0e0
cmb_ccfab5b74de5f7ea637763e6521a,Phil 2000-2569,97-3161,"Nov. 6, 2017",2017-11-06,ok,Cross combination.xlsx,Phil 2000-2569,D8,8,4,31b35806862579fc92c74f4ebe3f1c9e9e5712e243e528ab26bb27a99d35f734
cmb_7878c007f22bc73ebfe6807a9e1c,Phil 2000-2569,04-1011,"Nov. 6, 2017",2017-11-06,ok,Cross combination.xlsx,Phil 2000-2569,E8,8,5,5188f1aa268e47fc02f8b78dd248c49f77969b9d7b93864c9a43fdf9c5610996
cmb_5f515e8657c06250c13b6978e0de,Phil 2000-2569,93-3301,"Nov. 6, 2017",2017-11-06,ok,Cross combination.xlsx,Phil 2000-2569,F8,8,6,8112030ef4909473f133565bb19d4abe08dada4dff79893528fc9616fa7c3730
cmb_4d05b392c90a67b8a56db6d8df8e,Phil 2000-2569,7115,"Oct. 24, 2018",2018-10-24,ok,Cross combination.xlsx,Phil 2000-2569,B9,9,2,1842897cec4a245691ecf02d5284e9f6640a90fda880942ec1b2b1c8ca84d736
cmb_b095f22741e8c206b4549dbb258d,Phil 2000-2569,93-0775,"Oct. 24, 2018",2018-10-24,ok,Cross combination.xlsx,Phil 2000-2569,C9,9,3,f4ae407a3151a604aaf4d4552b8a361b38f54f1aa1776ba4aeec8b871dc52bdd
cmb_b06a6bb5d60159cb69ade3a0721a,Phil 2000-2569,97-3161,"Oct. 24, 2018",2018-10-24,ok,Cross combination.xlsx,Phil 2000-2569,D9,9,4,7942f5a689162d2965eb6a1a06a04d4c97dede0c667a1fdec09d008a392e2eae
cmb_2358d66dd59debc16ca51864a607,Phil 2000-2569,94-0221,"Oct. 24, 2018",2018-10-24,ok,Cross combination.xlsx,Phil 2000-2569,E9,9,5,60dfb37f5ed50b3e6f7d030256b2dcd7e8c64b3cf76cad8fa34b1cef6d23dd35
cmb_d7866b2f783913c22b511981b7be,Phil 2000-2569,04-1011,"Oct. 24, 2018",2018-10-24,ok,Cross combination.xlsx,Phil 2000-2569,F9,9,6,ed213021677b810b898e10c0035ce06df2e56f9a1b82e5f34398752fcfc84f96
cmb_fe59033fa2bac88d41954249e449,Phil 2000-2569,86-1119,"Oct. 24, 2018",2018-10-24,ok,Cross combination.xlsx,Phil 2000-2569,G9,9,7,ebd1628fe76d65550cb18aa621ac73f4bb9407628834ef8627a0497eff3312c1
cmb_6757c5b9c66d02231add0895038f,Phil 2000-2569,99-1793,"Nov. 1, 2019",2019-11-01,ok,Cross combination.xlsx,Phil 2000-2569,B10,10,2,0348388d5cb2a6a2c7d9b610163f1b33f4377e613c24e6fc7baec6700677c354
cmb_49ba8e7277fda36bd58d11238bef,Phil 2000-2569,8013,"Nov. 1, 2019",2019-11-01,ok,Cross combination.xlsx,Phil 2000-2569,C10,10,3,6e1bfab70f24d6a82741bd3e40f2646ef2be28503e72da0d3238d49c03f8900d
cmb_f11e3785497c09a6e02113d7b702,Phil 2000-2569,91-1091,"Nov. 1, 2019",2019-11-01,ok,Cross combination.xlsx,Phil 2000-2569,D10,10,4,d8f665802824431ed0effdfd07befeb6734681272fad4ea47a9a433e3787cbbd
cmb_d03066c590f46f4adfd8b3156b20,Phil 2000-2569,97-0687,"Nov. 1, 2019",2019-11-01,ok,Cross combination.xlsx,Phil 2000-2569,E10,10,5,aca73f413eb5dfe205ae90ee38258fb899d209402be3f586782d5d7a4be1cadb
cmb_5ec4daa3aa62161c24184160ac5b,Phil 2000-2569,06-1899,"Nov. 1, 2019",2019-11-01,ok,Cross combination.xlsx,Phil 2000-2569,F10,10,6,d1208e117122367d36577818a16e3ced3e2247e62244f03fd9145509b345544a
cmb_f549fb9f45d3d79aea14047bc547,Phil 2000-2569,09-1969,"Nov. 7, 2021",2021-11-07,ok,Cross combination.xlsx,Phil 2000-2569,B11,11,2,c7135597ddf209adf91a956fac97a131a9472e6f1ccc4ab3f878d1c5df4229e7
cmb_b241229c82ea0abf928fdd454ca9,Phil 2000-2569,08-0909,"Nov. 7, 2021",2021-11-07,ok,Cross combination.xlsx,Phil 2000-2569,C11,11,3,3b0a3bae164fb86697b1299b23c73dc31558e1c4033835ccec6b3e0fb19ca51d
cmb_a4f62366532f44ae7b37460a6379,Phil 2000-2569,99-1793,"Nov. 7, 2021",2021-11-07,ok,Cross combination.xlsx,Phil 2000-2569,D11,11,4,75a2ffb004374a27ea11c1376ee25511f10ffd5a90ce90737b5bd15b69976b8f
cmb_c122c743018b983ce65c67490eed,Phil 2000-2569,Q102,"Oct. 25, 2022",2022-10-25,ok,Cross combination.xlsx,Phil 2000-2569,B12,12,2,ccae926202097cf7604818be896ae60466a76679353a4c2f9239434baf785491
cmb_2fc4135b264cbb810f3a61af5f48,Phil 2000-2569,2010-0149,"Oct. 25, 2022",2022-10-25,ok,Cross combination.xlsx,Phil 2000-2569,C12,12,3,64ce1c4b8369ad5d28f514c54b875bfee1d54748a80f152e0f3e222488262b39
cmb_4a726f9c784f9c94243d02e92c90,Phil 2000-2569,2006-1899,"Oct. 25, 2022",2022-10-25,ok,Cross combination.xlsx,Phil 2000-2569,D12,12,4,3bf2b73736545d3fd3a321d623b388e3d4addaf9f076c84a7a9646f1be0aaa67
cmb_d42324b79b534bacefdf3732aef8,Phil 2000-2569,99-1793,"Oct. 25, 2022",2022-10-25,ok,Cross combination.xlsx,Phil 2000-2569,E12,12,5,3a84d67f7c6cefbe49d9b5ae2c4edbf40911a20dc2cc06623ad92c6745b685ba
cmb_995188e77a795a1e24fb26a7e87c,Phil 2001-0295,97-0693,"Oct. 25, 2016",2016-10-25,ok,Cross combination.xlsx,Phil 2001-0295,B3,3,2,eacd86541a537b477eadfd6b66c5f6dfefef0d2f25dd05960b589338d1ddce48
cmb_dc65022c24a435a37426caea0c99,Phil 2001-0295,99-1793,"Oct. 30, 2017",2017-10-30,ok,Cross combination.xlsx,Phil 2001-0295,B4,4,2,827554fc479e79c679bbc38186d9070453da90591f37cea2d89725b38669a3d4
cmb_b7511abe81b3b6801121956d3546,Phil 2001-0295,97-4435,"Oct. 30, 2017",2017-10-30,ok,Cross combination.xlsx,Phil 2001-0295,C4,4,3,469da5f9697a1e156632fe3c296bfa5ab270bd13a95eda1bbedeb4b60f29d01c
cmb_ca9ab325ff53304be447ee7eb854,Phil 2001-0295,04-1011,"Oct. 28, 2018",2018-10-28,ok,Cross combination.xlsx,Phil 2001-0295,B5,5,2,ac13aa961cef218d357ab93448f156165c83220af5d124e4103fc5ca10848913
cmb_dd71431ee387a167c109e56e1b54,Phil 2001-0295,99-1793,"Oct. 28, 2018",2018-10-28,ok,Cross combination.xlsx,Phil 2001-0295,C5,5,3,b85a5740cbcefca8d4b7a8d7983ce985670dd61485b8a6aea986ac68d47a859c
cmb_47f7ff240d0d2ba1809f77e559a0,Phil 2001-0295,00-2569,"Oct. 28, 2018",2018-10-28,ok,Cross combination.xlsx,Phil 2001-0295,D5,5,4,92f50b2b47c815e241c523ae0afc8dd91f0204d7ff47eb0e589d1289a77e9d80
cmb_8b027e6b53368a29bab594b20ff6,Phil 2001-0295,80-5619,"Nov. 16, 2020",2020-11-16,ok,Cross combination.xlsx,Phil 2001-0295,B6,6,2,89d6c0d45e9ee4f448d2022a2490c1b29ce846a0ed1d3fbbb87036ab66ce2c28
cmb_ee71b9e5b42fc3ada65c71e6df01,Phil 2002-0359,99-1793,"Oct. 27, 2012",2012-10-27,ok,Cross combination.xlsx,Phil 2002-0359,B3,3,2,a4e0e69046f9c9a37912e13bf193cdcb80cffb60a14476994507ea4a908213c4
cmb_e9b6a9c89e18542727a0e4ddeacd,Phil 2002-0359,04-1011,"Oct. 27, 2012",2012-10-27,ok,Cross combination.xlsx,Phil 2002-0359,C3,3,3,6c54cd39614d59651f510b9e9d601b14fdd13d4714ff5b74cbaf9d3ba58b8438
cmb_50545c10e5d46972781e5fa79b9b,Phil 2003-64-0699,98-2137,"Oct. 25, 2012",2012-10-25,ok,Cross combination.xlsx,Phil 2003-64-0699,B3,3,2,80964d0527a6f54c4b409d372e27ee64100d1022bd43339f7ba2c4e98b41c1bd
cmb_6c3fddfbb3e9f514255f5ed8d00f,Phil 2003-64-0699,97-0673,"Oct. 25, 2012",2012-10-25,ok,Cross combination.xlsx,Phil 2003-64-0699,C3,3,3,61af57fd1d1b749dcfe9d860509eb6e61f4916128089d816bb9007062c634dd7
cmb_26ee995b7f3e6a388e5cbfd23270,Phil 2003-64-0699,99-1793,"Nov. 1, 2014",2014-11-01,ok,Cross combination.xlsx,Phil 2003-64-0699,B4,4,2,0ff89f5b0287c2faed97664c5886490669bdfc045de186fda765b78168728fad
cmb_0c52622a8a4a55ea1671736c8831,Phil 2003-64-0699,04-1011,"Nov. 5, 2016",2016-11-05,ok,Cross combination.xlsx,Phil 2003-64-0699,B5,5,2,600e760224fe2e254f30b617630b7ca483ca9f887a8c57a02bda0e113d565a0e
cmb_af25f55b247121a9d142f024d7ee,Phil 2003-96-0933,05-1197,"Oct. 25, 2015",2015-10-25,ok,Cross combination.xlsx,Phil 2003-96-0933,B3,3,2,46238bd5fa17222003b17fac0b95928ca7cc9eebac166b89f4d3328f0642fbae
cmb_5250d84fb25e288bcc39f651b429,Phil 2003-96-0933,94-0913,"Oct. 25, 2016",2016-10-25,ok,Cross combination.xlsx,Phil 2003-96-0933,B4,4,2,2f04f37e4a37bc7197e77337ccb1fb2e1c9aa9086e01e8df6ca703e55acc4b30
cmb_8d97dbce6f8aa20d84ab11d455c3,Phil 2003-208-2063,8829,"Oct. 28, 2012",2012-10-28,ok,Cross combination.xlsx,Phil 2003-208-2063,B3,3,2,8abf0645a06b70f0b4146bff016ddbaea613fd2942836bbccfc6073bdc2fdbf5
cmb_b0ac5c238e34c9ecd2f21c0b111d,Phil 2003-208-2063,04-1011,"Oct. 28, 2012",2012-10-28,ok,Cross combination.xlsx,Phil 2003-208-2063,C3,3,3,abd8c1c55c4f006d42fef30218fe01736bd6f04081c63e2ed61a080f5da9ccfe
cmb_0cd6c1ca46798be0fa7d208c6e66,Phil 2003-208-2063,91-1091,"Oct. 28, 2012",2012-10-28,ok,Cross combination.xlsx,Phil 2003-208-2063,D3,3,4,6b11de225cfd141ace24016ab9935f609cb295d455faf2019d2061853db69ac1
cmb_f47f329713f8d9ae3c77e23a72b3,Phil 2003-208-2063,91-0909,"Oct. 28, 2012",2012-10-28,ok,Cross combination.xlsx,Phil 2003-208-2063,E3,3,5,12017b97fa13423994a4479bef3ba0897a2d36861f921b5ffcb85d842b822649
cmb_ded8e8cc83ad87c3f426b2686b99,Phil 2003-208-2063,05-0645,"Oct. 27, 2013",2013-10-27,ok,Cross combination.xlsx,Phil 2003-208-2063,B4,4,2,39289100e740f95374629b6102ec524c387b439ed5c5db91ad8d2192279ef1ac
cmb_a678a7a3bf0761cb071c3d3cd2e7,Phil 2003-208-2063,05-1197,"Oct. 27, 2013",2013-10-27,ok,Cross combination.xlsx,Phil 2003-208-2063,C4,4,3,a6f3e21a18af3095f284a17e56d2bb2296073f3cc3416c2412815ed990965728
cmb_e3351921a4b5844e4efabe716d88,Phil 2003-208-2063,99-2641,"Nov. 12, 2014",2014-11-12,ok,Cross combination.xlsx,Phil 2003-208-2063,B5,5,2,fc7c7cdbbaeccbe614532c2c3538e2e8263dfa92c7f5c3437af7620e415be07f
cmb_54db2ce4fa4330b040cf62092c04,Phil 2003-208-2063,00-2569,"Oct. 26, 2018",2018-10-26,ok,Cross combination.xlsx,Phil 2003-208-2063,B6,6,2,28c984e1d9f8a99ea707e23074746e711c5d4603f2751b57e00112066a9344ad
cmb_8ffd0e7246774041c8b80c7732f0,Phil 2003-208-2063,99-1793,"Oct. 26, 2018",2018-10-26,ok,Cross combination.xlsx,Phil 2003-208-2063,C6,6,3,1eeaacec831f5d9c1c6de7b1fe7d8db212318a9c3a7b92aa2f0f811e2bd4bfaa
cmb_e024f65ddd91ecbffefec3ddd219,Phil 2003-208-2063,04-1011,"Nov. 5, 2019",2019-11-05,ok,Cross combination.xlsx,Phil 2003-208-2063,B7,7,2,758b740d1d872318cb1b9f4fb1484a4bdc995902c79c6d301711523ba9acd1f2
cmb_408e4e0fea461326c8a2f434e222,Phil 2003-208-2063,06-1899,"Nov. 5, 2019",2019-11-05,ok,Cross combination.xlsx,Phil 2003-208-2063,C7,7,3,4737119e78a7bd1a21a40a62306d750747e5d2d01754390deb512b3f7ff077d9
cmb_90a068ff47373e8b4be4a34607c5,Phil 2003-208-2063,Q102,"Nov. 13, 2021",2021-11-13,ok,Cross combination.xlsx,Phil 2003-208-2063,B8,8,2,e4335a6e43a45a37179623cc5f0e25571217c627ee12083186c7bcb4a885d687
cmb_c40b68cde7cb14f7fd5bf1c311f5,Phil 2003-208-2063,99-1793,"Oct. 29, 2022",2022-10-29,ok,Cross combination.xlsx,Phil 2003-208-2063,B9,9,2,2ba2da7fc958ca8e5b53af7d4fda9b1f25a8fbc2c6a4a48ba8537cc6383c1c8f
cmb_dfd3081935494494c900ea403e7c,Phil 2003-208-2063,2000-2569,"Oct. 29, 2022",2022-10-29,ok,Cross combination.xlsx,Phil 2003-208-2063,C9,9,3,1209082822756834610b42e6d7167ca56931a705809634f61ff8fedd9e3b2e9d
cmb_96cdf7a3f7d4935aee105af91d6c,Phil 03-154-1389,B50-414,"Nov. 5, 2012",2012-11-05,ok,Cross combination.xlsx,Phil 03-154-1389,B3,3,2,32b522bf99d29051734fe35b99c2f5bcc00852d74d21936b73b54038ee731333
cmb_5fd8bfadb47a262d4402fc817823,Phil 03-154-1389,99-1793,"Oct. 28, 2013",2013-10-28,ok,Cross combination.xlsx,Phil 03-154-1389,B4,4,2,a4f79012e07f222f42585dd8d7f9145b6903252474059a0744a6dfdcff9a238a
cmb_e149b02310536e5d8067d2f873d4,Phil 03-154-1389,93-2349,"Oct. 28, 2013",2013-10-28,ok,Cross combination.xlsx,Phil 03-154-1389,C4,4,3,9f3eb5935b225a1fc54b043908f8c448d28811d61175434c9d119edd007b2230
cmb_eefd63aafcc013c61e43673f822a,Phil 03-154-1389,97-3501,"Nov. 5, 2014",2014-11-05,ok,Cross combination.xlsx,Phil 03-154-1389,B5,5,2,5d7b179e4073d1bab20e7de49fd4c56f23ae81773392ac1c4ccc96214101d131
cmb_dedbe44ea89cacc0e469eb73c020,Phil 03-154-1389,04-1011,"Nov. 18, 2017",2017-11-18,ok,Cross combination.xlsx,Phil 03-154-1389,B6,6,2,b46418832da5246cc78a765db7138a5307020120b529ae5c489d98dad8355b32
cmb_a3955c31e45d70c4d2ee9784e804,Phil 03-154-1389,99-1793,"Nov. 14, 2019",2019-11-14,ok,Cross combination.xlsx,Phil 03-154-1389,B7,7,2,49ff2d9fd7e65261014579358b9b436172bc0a86c75dd3510623ddb381866b0a
cmb_0a7fa00d84c271a8762477effcdc,Phil 03-154-1389,80-5619,"Nov. 10, 2020",2020-11-10,ok,Cross combination.xlsx,Phil 03-154-1389,B8,8,2,e2ec9fe6a984abbd162e73b0871b1e0ebf8be0c4fe866112e2d6105b00e702b6
cmb_4ac093de880c19371d57252b5278,Phil 03-154-1389,95-1029,"Nov. 10, 2020",2020-11-10,ok,Cross combination.xlsx,Phil 03-154-1389,C8,8,3,7e9163184206a63dbd7c02dfff693cad686245241c91a0f05c624d79066c9d1d
cmb_dc9ec90c131315f0aa62163096c5,Phil 03-154-1389,Q102,"Nov. 3, 2021",2021-11-03,ok,Cross combination.xlsx,Phil 03-154-1389,B9,9,2,243495bdc177a040bafac7633582c876863656a04c69544b13587aa719f630f6
cmb_c131f011af89ac4efcad5e45fe14,Phil 03-154-1389,09-1969,"Nov. 3, 2021",2021-11-03,ok,Cross combination.xlsx,Phil 03-154-1389,C9,9,3,48b750ba177dd2bf00d6afd89a8e1b34e92bf59a1f2ab48a0c212866d479fec8
cmb_5cf2a1bb316d5b7372edcb5a314f,Phil 03-154-1389,92-44-0751,"Nov. 3, 2021",2021-11-03,ok,Cross combination.xlsx,Phil 03-154-1389,D9,9,4,a3a21821b2a3438cf16069645f1390babe8d645e08302fbec319403c38573a6d
cmb_607364def19adf7095b14897f641,Phil 03-154-1389,04-1011,"Nov. 3, 2021",2021-11-03,ok,Cross combination.xlsx,Phil 03-154-1389,E9,9,5,4df2a711ec6f61b9a7f5aaa449987aca304477b0939f106e924f5ca47203821d
cmb_20fb308de26ee7631105f343c04c,Phil 03-154-1389,2010-0149,"Oct. 24, 2022",2022-10-24,ok,Cross combination.xlsx,Phil 03-154-1389,B10,10,2,758383088b735e2a38a4f655ded05eb601a3ca67303db952a0c27de4c71ba46a
cmb_47e06bdf79155bc46ad209910f05,Phil 03-154-1389,2009-0919,"Oct. 24, 2022",2022-10-24,ok,Cross combination.xlsx,Phil 03-154-1389,C10,10,3,852343d81aa0ad1f5483c9763600f9f770df55ca00aa6e97c0dc723f642613ea
cmb_1f84385e454c83f454c4f7eb2700,Phil 2004-0827,Q102,"Oct. 30, 2018",2018-10-30,ok,Cross combination.xlsx,Phil 2004-0827,B3,3,2,1d5af476331c3ad9abbb088e489ab1724e200bf7c37a227780c48337f2e77573
cmb_a8c36467facb451f87a29c15345e,Phil 2004-0827,99-1793,"Oct. 30, 2018",2018-10-30,ok,Cross combination.xlsx,Phil 2004-0827,C3,3,3,c4007d907375c6338f6a74d5b04b8f34283f5ce3b48ba20c9acc4377d7d6707a
cmb_002e076389ad544b6de5476f4d77,Phil 2004-0827,8583,"Oct. 15, 2022",2022-10-15,ok,Cross combination.xlsx,Phil 2004-0827,B4,4,2,a8c9d278461cfc9c7ca49c410b2b283e8ddb401a1d11cbe54338d75793367081
cmb_e2b0b5f6aaaa53bdae87851a93ea,Phil 2004-0827,14-0013,"Oct. 15, 2022",2022-10-15,ok,Cross combination.xlsx,Phil 2004-0827,C4,4,3,d77f4caa288c6ac4da0ceaf52fad9f92c951c90d3ee26048a90b1af141613cc5
cmb_040b370eb12a5328d479ae72cf7e,Phil 2004-1011,7115,"Oct. 28, 2012",2012-10-28,ok,Cross combination.xlsx,Phil 2004-1011,B3,3,2,b9a2ee18a82e82feb3a0b349db80c4a6d03e830bf90574331eec3d08b4229b9a
cmb_2d09496b21f9db0b89e03ef38550,Phil 2004-1011,8829,"Oct. 28, 2012",2012-10-28,ok,Cross combination.xlsx,Phil 2004-1011,C3,3,3,6369ed1369d400411b4702ef87a3da0e4cf537f1b6a0a990b311de73a8096049
cmb_4d8836c47eda23a06bae8b4c2769,Phil 2004-1011,88-1691,"Oct. 28, 2012",2012-10-28,ok,Cross combination.xlsx,Phil 2004-1011,D3,3,4,30e038caa36a47d10bd6993a0cae4030ee3df1a0784fdce0650e6c29b5344139
cmb_c8be434d038a958224cfbddbfb66,Phil 2004-1011,89-0455,"Oct. 28, 2012",2012-10-28,ok,Cross combination.xlsx,Phil 2004-1011,E3,3,5,03ff87cb867e81b2aff77a979c1e79fc4e4bc6e811be2458e78d6bbadaab6946
cmb_f81d16576cb0cab4d68bcc219b16,Phil 2004-1011,99-1793,"Oct. 28, 2012",2012-10-28,ok,Cross combination.xlsx,Phil 2004-1011,F3,3,6,a776575efc0ace0bd1a711c2f6b09fe630dc0485dd9f610138d04d254889f30a
cmb_2c28e7e7f8ac1a30d38cae9cebd0,Phil 2004-1011,93-3849,"Oct. 28, 2012",2012-10-28,ok,Cross combination.xlsx,Phil 2004-1011,G3,3,7,9471504d069305d6c9e0914ceca609c776d8b2096e12efb61ec377657812e9b4
cmb_1b465450eaa51964dfbe1013e6c1,Phil 2004-1011,6607,"Oct. 23, 2013",2013-10-23,ok,Cross combination.xlsx,Phil 2004-1011,B4,4,2,bea6ef75552ba51b4e41ca01260253f15176a1574bb285e82f5da31468e69ccc
cmb_49501675aad9bf097aaee8aa8324,Phil 2004-1011,90-0557,"Oct. 23, 2013",2013-10-23,ok,Cross combination.xlsx,Phil 2004-1011,C4,4,3,2009ffdf5f7a1c6eb8735d79f95834b6cc70a683c9be7fc86b95fe62f851db4c
cmb_8067f1ff2933a6b2bc6b97a68862,Phil 2004-1011,05-1197,"Oct. 23, 2013",2013-10-23,ok,Cross combination.xlsx,Phil 2004-1011,D4,4,4,ec8d49f78a72a70f08eebbcf35852bf61249991366085916125929900513eb7b
cmb_27c608d04aa798f9f6e332c9f3ed,Phil 2004-1011,05-0645,"Oct. 23, 2013",2013-10-23,ok,Cross combination.xlsx,Phil 2004-1011,E4,4,5,9c1fa4c84767b948f4296873344f0e2a414226dd1655e794927dd5cc62965495
cmb_223ef133f138e72ceabd9c1afd9d,Phil 2004-1011,91-1091,"Oct. 23, 2013",2013-10-23,ok,Cross combination.xlsx,Phil 2004-1011,F4,4,6,aefe56a91630e16f3cdac9a26096964ee918696fe4fcc8dfa03a368188055fff
cmb_d98cf0d867eeb5fb236542a18de8,Phil 2004-1011,97-3661,"Oct. 23, 2013",2013-10-23,ok,Cross combination.xlsx,Phil 2004-1011,G4,4,7,ca76b112240807a93843af0941d6ad4cb88b3262d7d83e06e8a95c71a3ab5427
cmb_6bbbd9ddb1a94ba5a4f97527817f,Phil 2004-1011,97-3933,"Oct. 23, 2013",2013-10-23,ok,Cross combination.xlsx,Phil 2004-1011,H4,4,8,f888be5e3280b8dc6a88003c894b43c16e764d60fc8512778a58e09279251f08
cmb_94369cb9a5516d5f90526614f2cd,Phil 2004-1011,VMC 90-239,"Nov. 4, 2014",2014-11-04,ok,Cross combination.xlsx,Phil 2004-1011,B5,5,2,b7db6f1d264a95e6e643e121df6007c64e9c29dd24b07809970c082c82774bdc
cmb_26ba961ce333311d019752163f7f,Phil 2004-1011,8715,"Nov. 6, 2015",2015-11-06,ok,Cross combination.xlsx,Phil 2004-1011,B6,6,2,cade8bbfa19b18fa2445094f019e17078f86e52177f0597054c07b1fcc60904d
cmb_68ac1a8cb4230c6b1941a29dd3e6,Phil 2004-1011,92-0751,"Nov. 6, 2015",2015-11-06,ok,Cross combination.xlsx,Phil 2004-1011,C6,6,3,d1ef43634f0fb25c9ec5e61a14272a742f1b3e9131b580e9c54572c9235c4690
cmb_2d775f978fe732637577bbdd4441,Phil 2004-1011,94-0221,"Nov. 6, 2015",2015-11-06,ok,Cross combination.xlsx,Phil 2004-1011,D6,6,4,6648db0adbd51181f756a8e16599bbcf03aee9b3ebfb7d4f90aea4f5313b3c17
cmb_2bea43f9b7b067e6b2e5446e1ccf,Phil 2004-1011,93-2593,"Nov. 6, 2015",2015-11-06,ok,Cross combination.xlsx,Phil 2004-1011,E6,6,5,3d8791f7ccc370143afae5adac4a079aba0999cb19303a5985bb4d957eccc6c4
cmb_db2ffa12b7e8e53699675df14860,Phil 2004-1011,91-0237,"Nov. 6, 2015",2015-11-06,ok,Cross combination.xlsx,Phil 2004-1011,F6,6,6,1873b5ced535d971655480d024160fcc51087407ea29257b39c99be5aae257fb
cmb_1ad6a4aa50c33a108cd690a43d66,Phil 2004-1011,8723,"Nov. 3, 2016",2016-11-03,ok,Cross combination.xlsx,Phil 2004-1011,B7,7,2,d66f8cf78c3f17e9f89416599a6c26251fc1d31633f4a66749152dc3e99262c7
cmb_efc7e428ad8602e205f08ed574ea,Phil 2004-1011,97-0693,"Nov. 3, 2016",2016-11-03,ok,Cross combination.xlsx,Phil 2004-1011,C7,7,3,07f572df53fa655cdb8616aea07367c49e346178452be57ca85ffdc2c3a14b78
cmb_fa3fda2f9290808b16d6c0cc811d,Phil 2004-1011,97-3161,"Nov. 3, 2016",2016-11-03,ok,Cross combination.xlsx,Phil 2004-1011,D7,7,4,99080d16528a8aa3229ad0c6a75c1356a36752a86fcf770c8b6a0e69f68de358
cmb_9dc23f8de32b8ffbf04e3140c955,Phil 2004-1011,05-0645,"Nov. 3, 2016",2016-11-03,ok,Cross combination.xlsx,Phil 2004-1011,E7,7,5,b840b853bfb9eeb6acb4f6ca92596050ededb63da6cc8a05c9ae8e41ad53c95e
cmb_9a1955eba56c8e2ca0dc2a74c857,Phil 2004-1011,99-1793,"Nov. 3, 2016",2016-11-03,ok,Cross combination.xlsx,Phil 2004-1011,F7,7,6,3de0c5ab58c7521ad1319ed899d6ddb86b5534ea3a46ca3a06826188be6180c1
cmb_d53a02ffa770f6f7eba54bb0cd38,Phil 2004-1011,80-5619,"Oct. 31, 2018",2018-10-31,ok,Cross combination.xlsx,Phil 2004-1011,B8,8,2,35e6f66b90d7fce0e5f9368a8cfb498adfb9304c0ef1a7065fae6c81ae7182a1
cmb_6c24e9b215997e02943d64e2aa45,Phil 2004-1011,00-2569,"Oct. 31, 2018",2018-10-31,ok,Cross combination.xlsx,Phil 2004-1011,C8,8,3,4242bc69e9e2ef10ab87a742e910eec3a475dc3d1b21fc8ffd4fd5f21c0365d7
cmb_2fa695bc5394c345ac110cec81cd,Phil 2004-1011,8013,"Oct. 30, 2019",2019-10-30,ok,Cross combination.xlsx,Phil 2004-1011,B9,9,2,220378c1ed393391fd50870eceebd7f943817aa2ef19dbcc3bb99537a14aaf1e
cmb_dadd9d30d23efeec9836a4c3d76a,Phil 2004-1011,97-2041,"Oct. 30, 2019",2019-10-30,ok,Cross combination.xlsx,Phil 2004-1011,C9,9,3,783482f164eb9ccc42eb4824b0b997de4821785850371f0e0d6e4b2e06031a40
cmb_c4a27751c0f012b74bdfea3df2c7,Phil 2004-1011,91-1091,"Oct. 30, 2019",2019-10-30,ok,Cross combination.xlsx,Phil 2004-1011,D9,9,4,d8395e3969971af5e1cbff87076f1447dc8ba39e6603693502989827dba670a8
cmb_538fdae1ae7b115f12d30f6323d5,Phil 2004-1011,99-1793,"Oct. 30, 2019",2019-10-30,ok,Cross combination.xlsx,Phil 2004-1011,E9,9,5,9e158dd7af2948cb63477df8a9c0f8c60232deb8fce92af3bc09169f24419096
cmb_0d2527b6a2e18ed44b7ee81e5332,Phil 2004-1011,VMC 7139,"Nov. 13, 2020",2020-11-13,ok,Cross combination.xlsx,Phil 2004-1011,B10,10,2,55261741983ac2c666aea47a842a2a603a696bc6028dffbcad6b197eeba718f9
cmb_697e05de16ce6ed03e87e2533270,Phil 2004-1011,97-0687,"Nov. 13, 2020",2020-11-13,ok,Cross combination.xlsx,Phil 2004-1011,C10,10,3,eee01936a236776986e0861f804cb4be9c436358cf489d6fd77026e2d6f0ebea
cmb_900e98bc92d6b9ca1f687e741441,Phil 2004-1011,2009-1969,"Nov. 5, 2021",2021-11-05,ok,Cross combination.xlsx,Phil 2004-1011,B11,11,2,f4c9aec0885f9708472cbca3e7b0dff692d89ba420588eaf8844f14cfa901a9c
cmb_7c52c327bbecccff2e5331dc5be2,Phil 2004-084,99-1793,"Nov. 2, 2014",2014-11-02,ok,Cross combination.xlsx,Phil 2004-084,B3,3,2,bb919e12bcdc0fdf4e64bb810e0bbda07511bd8793eec718b3b3311d4a319f89
cmb_a67cd71059d30beafb7e1016625b,Phil 2004-084,91-1091,"Nov. 2, 2014",2014-11-02,ok,Cross combination.xlsx,Phil 2004-084,C3,3,3,5b37e3a0fb87a38e5095c85af5243a4a69c80700d177ea4282a109221bae529a
cmb_e012df9072f2a3debda4bb429927,Phil 2005-1197,86-1119,"Oct. 28, 2018",2018-10-28,ok,Cross combination.xlsx,Phil 2005-1197,B3,3,2,43f1248b8a7131cf4f6dc71bab0a729fb4430e34c92ae066b8cd7c9d9bba9e5f
cmb_089c2984c847fda47488ebf62038,Phil 2005-1197,93-2349,"Nov. 3, 2020",2020-11-03,ok,Cross combination.xlsx,Phil 2005-1197,B4,4,2,27dc281f034afe3623c66fe833874df5f544fd49b7de235f6e9e37df9bb301dd
cmb_ca6e474ed08a2d9395c6f975e70c,Phil 12-0483,09-1969,"Nov. 9, 2023",2023-11-09,ok,Cross combination.xlsx,Phil 12-0483,B3,3,2,33e16aca3219d87449d4563ad431d37fe59940fea292841ceda6e7390efcb059
cmb_84d991c927589697cd994a578688,Phil 13-75-0985,14-0405,"Oct. 24, 2023",2023-10-24,ok,Cross combination.xlsx,Phil 13-75-0985,B3,3,2,0193050d2e5f33bdadf3bc0077c32b534ec6626fb1cafc4841f5fa777a5f5105
cmb_25228d3e35dc7c911b4886b1c399,13-160-1453,09-1969,"Nov. 9, 2023",2023-11-09,ok,Cross combination.xlsx,13-160-1453,B3,3,2,07d11bca21e93dce1e5d22f4685fc55522f3dafdba0f9b2981003c698df66c9e
cmb_b7a155960cc8e9667818d58121aa,13-160-1453,04-1011,"Nov. 9, 2023",2023-11-09,ok,Cross combination.xlsx,13-160-1453,C3,3,3,dd96931b873de6af4d2205117a1bee04b739580b81e87b4b0cc638e2c1051a75
cmb_c8f13785b518f244a35e15cf36a1,13-211-1619,99-1793,Nov. 9,2026-11-09,ok,Cross combination.xlsx,13-211-1619,B3,3,2,f7e6a08747c47e0d334119936a9a6e030e5491569c838cbbe85edd963447fa10
cmb_b58fb7c1e0355039c00ce6ec8d3d,14-55-0417,99-1793,"Nov. 9, 2023",2023-11-09,ok,Cross combination.xlsx,14-55-0417,B3,3,2,cb4186b103bda47b74743cd05f7dd703d62f72a78eb918839be9736f2dbdd380
cmb_46c75bcccbcd886cbbf0c274b09a,14-59-0451,8583,"Oct. 25,2023",2026-10-25,ok,Cross combination.xlsx,14-59-0451,B3,3,2,9390110ddf2e6958fa72b22a39df6de70f130af346d640ebc07dc5db04fde158
cmb_621343a0894353eec5b114013258,14-19-0125,16-1121,"Oct. 25, 2023",2023-10-25,ok,Cross combination.xlsx,14-19-0125,B3,3,2,a33fb9d5747a3a3c98868268dd71f3f110caf6c88f6c334abba8c6977e3d7219
cmb_611ab21ceb977a7d8e29d218dd9e,16-99-0773,11-1121,"Oct. 25, 2023",2023-10-25,ok,Cross combination.xlsx,16-99-0773,B3,3,2,7a619687e13f8d040692725b5b0e2f5dacddd6d42b732da8df5020c2b59d7530
